256 256
150 151 153 158 152 153 153 153 154 171 152 152 155 181 152 153 153 153 153 153 153 153 152 152 201 202 152 152 153 153 153 153 216 151 152 153 155 156 232 155 155 156 240 155 155 155 156 156 156 254 155 155 156 156 156 10 155 155 155 155 155 154 154 155 155 156 31 155 35 154 154 155 157 160 159 53 158 158 58 157 158 158 158 158 159 158 159 159 159 160 160 161 161 163 163 164 163 102 101 160 159 158 159 160 111 155 156 156 157 157 157 158 158 158 130 132 157 158 158 160 160 160 160 160 160 159 155 154 160 162 161 163 164 174 167 168 171 170 170 170 170 170 170 197 193 159 158 156 156 156 157 155 157 207 206 205 202 199 197 138 138 140 140 140 211 138 138 214 134 211 213 132 133 134 134 135 135 136 234 132 132 134 137 140 144 2 142 3 245 232 108 109 237 222 201 195 57 56 56 195 194 192 189 40 48 53 59 62 64 64 224 63 70 76 79 0 253 249 245 244 65 251 246 239 236 45 52 57 65 68 12 8 2 249 244 31 30 30 31 38 41 52 57 65 73 49 45 44 43 56 58 42
20 31 36 53 151 156 151 151 152 153 156 156 172 154 155 156 156 180 151 153 153 190 190 151 151 151 153 153 203 151 152 152 154 154 154 154 217 152 153 154 156 157 233 154 156 157 241 154 154 154 157 157 157 157 154 156 157 157 154 155 154 154 154 154 154 154 154 154 154 154 154 156 34 153 154 154 156 156 158 157 158 160 58 159 159 158 159 69 69 157 158 159 159 160 160 163 160 164 164 99 163 102 103 162 161 105 157 160 111 111 156 157 157 157 157 158 158 160 130 158 159 138 139 160 160 160 160 162 161 160 152 157 155 158 162 162 164 168 168 169 171 171 171 171 172 172 173 200 196 161 195 157 198 153 154 196 155 205 201 202 200 197 198 133 197 135 202 135 135 207 207 207 206 205 123 127 127 130 132 134 134 231 231 231 128 130 133 138 143 255 142 2 245 234 229 104 231 221 212 204 207 206 204 203 202 198 199 48 50 56 63 220 64 64 228 64 67 77 80 251 241 234 224 38 56 245 247 241 239 48 51 58 64 10 9 0 50 254 252 41 45 51 14 66 30 61 72 93 71 68 59 54 49 65 72 55
19 30 32 45 152 151 152 152 152 152 152 152 152 152 152 179 152 180 152 153 153 186 151 152 152 151 153 153 152 152 152 152 152 152 152 152 214 149 225 154 154 154 154 154 154 154 154 154 154 154 154 154 155 158 154 154 154 154 160 154 154 154 154 154 154 154 154 154 154 154 158 33 156 154 154 154 154 154 154 160 157 157 58 60 157 163 163 160 71 71 157 163 164 164 164 160 88 89 90 162 163 163 157 157 158 158 107 109 113 156 114 159 159 160 160 130 126 157 158 158 159 159 159 160 144 159 147 148 158 158 159 161 155 163 159 166 165 166 169 174 175 176 177 177 178 207 204 202 200 198 197 194 156 155 198 198 157 155 204 201 199 191 194 132 126 131 198 130 130 202 202 201 116 116 202 117 119 122 125 126 126 126 122 225 122 123 128 134 139 254 138 254 242 231 227 231 227 217 216 213 213 212 72 212 68 210 63 63 63 65 65 223 227 64 64 69 69 74 80 76 248 248 245 239 56 55 56 57 58 67 74 13 10 14 6 5 5 57 52 54 58 60 64 92 34 64 77 114 84 70 58 56 69 72 78 75
36 26 27 45 159 151 152 152 152 152 152 152 152 154 154 153 154 180 152 153 159 186 151 152 197 151 159 159 152 152 152 152 152 210 152 153 153 218 158 154 154 154 154 155 154 154 154 154 154 154 154 155 159 153 154 154 154 154 160 154 154 154 154 154 154 154 154 154 154 154 31 153 35 153 153 154 159 154 161 161 163 164 60 165 165 65 164 165 166 73 157 158 158 158 158 160 88 89 163 157 94 95 162 157 158 164 107 109 108 162 114 159 159 159 166 126 159 165 158 165 136 165 165 160 144 159 165 148 165 166 160 156 156 158 158 161 165 167 172 176 178 178 179 181 181 206 210 204 202 200 199 196 197 157 198 204 205 151 198 201 196 195 192 126 129 130 130 200 125 202 200 197 196 197 195 194 109 112 114 115 117 118 118 117 117 117 123 130 137 252 252 251 233 226 231 228 226 218 85 84 218 217 225 223 79 228 222 73 73 225 68 223 225 64 64 65 70 75 74 80 90 95 19 15 15 88 88 92 90 91 30 29 19 9 7 58 58 11 56 14 58 69 67 96 31 67 86 126 89 67 56 52 73 61 73 81
51 31 24 40 152 152 152 152 152 152 153 160 161 162 162 176 153 180 152 153 160 152 153 152 152 152 152 152 152 152 152 152 152 152 153 217 153 152 151 154 154 154 154 233 154 154 154 241 155 162 153 248 155 155 154 154 154 154 153 153 162 154 154 154 154 154 154 154 154 154 154 154 154 154 160 162 50 160 160 161 161 162 163 157 166 65 157 165 158 160 160 160 167 159 159 160 89 158 159 158 165 103 156 158 158 158 159 117 108 154 164 165 158 128 166 158 158 167 158 158 158 158 158 159 159 159 158 159 159 160 158 162 162 162 163 165 168 171 175 179 181 207 180 184 185 218 209 208 206 211 202 200 163 201 157 198 151 208 200 195 198 193 191 191 129 121 124 124 202 201 197 192 112 192 189 102 94 103 106 111 209 108 212 213 213 111 117 125 131 245 248 247 238 234 228 101 224 96 87 87 220 219 220 81 82 82 232 79 78 235 230 227 67 66 67 68 73 78 77 87 105 116 114 38 104 104 106 105 40 112 50 47 26 14 12 65 66 73 65 20 61 69 74 104 25 69 87 124 83 64 57 78 83 64 81 74
57 36 25 37 152 152 152 152 152 162 153 152 152 163 163 186 153 180 162 163 193 162 152 152 152 152 152 152 162 152 152 152 152 152 153 226 154 153 151 154 154 154 154 245 156 154 154 249 242 153 154 2 253 252 154 154 164 154 155 11 10 153 154 154 154 154 154 154 154 154 154 154 154 154 161 153 40 160 158 162 152 160 153 164 166 166 157 77 157 159 170 168 160 171 171 160 97 169 169 93 95 92 165 167 167 106 169 111 119 155 163 164 166 127 155 167 168 158 158 158 158 158 158 159 169 169 160 161 172 159 161 164 166 166 166 171 173 175 179 181 195 183 185 185 185 186 222 185 212 211 210 208 204 203 158 199 151 151 200 193 189 185 180 120 122 125 192 123 203 200 194 190 111 189 188 92 179 189 92 95 100 197 196 95 207 95 110 119 126 241 244 241 232 220 227 223 89 90 90 94 222 86 224 84 84 85 238 238 83 233 82 233 230 70 71 73 77 81 80 90 108 29 116 115 106 106 108 109 42 40 49 48 30 21 74 78 81 89 90 35 28 27 80 70 35 76 90 119 75 57 80 82 94 76 62 75
58 43 29 31 152 155 152 152 152 152 165 167 168 152 152 153 154 180 151 152 152 152 164 152 193 152 152 152 151 152 152 152 153 153 164 155 217 228 152 154 154 154 154 167 245 154 154 155 156 154 166 168 169 7 154 154 155 158 168 12 10 154 154 154 154 154 154 154 154 154 154 154 154 154 38 153 44 40 149 151 154 54 153 163 166 154 169 77 167 170 171 171 158 159 170 171 97 169 169 93 156 154 154 99 167 167 118 167 107 166 166 154 167 128 167 169 157 129 158 158 158 158 139 158 171 160 162 176 164 158 166 166 167 167 169 173 176 180 193 194 199 203 183 185 200 202 229 216 185 229 216 213 211 206 204 200 212 153 213 194 191 186 194 124 130 132 197 196 206 198 187 182 94 95 96 181 179 91 92 106 100 100 200 198 96 96 99 118 124 126 239 237 234 217 213 226 102 229 103 235 224 89 90 98 85 86 85 85 245 88 248 235 234 78 75 78 81 84 4 91 123 124 32 44 120 121 110 120 55 52 47 46 42 84 90 98 102 56 57 50 37 75 93 57 48 83 95 114 75 61 96 99 69 65 89 80
68 55 32 30 167 169 152 152 152 152 179 152 182 152 152 153 154 194 151 152 165 152 152 166 206 152 153 166 165 153 166 153 166 167 151 228 153 152 235 154 154 154 168 154 154 156 157 157 245 0 1 154 154 156 158 172 173 173 168 17 10 168 154 154 154 154 154 154 154 154 154 154 154 154 41 153 164 44 153 153 154 165 165 69 167 168 169 80 168 169 169 170 171 172 172 172 84 155 154 170 108 154 168 101 155 116 154 153 167 166 168 112 165 152 152 170 172 158 131 158 173 138 139 160 146 162 165 156 167 162 168 183 172 172 174 177 180 204 183 185 187 187 189 225 189 204 191 233 219 186 219 217 214 210 206 204 216 152 154 202 193 189 129 130 136 138 206 202 189 190 178 102 93 98 98 98 198 182 93 94 114 115 211 199 96 99 113 118 109 115 238 107 232 229 225 222 98 101 103 236 225 224 89 88 99 86 86 86 85 239 238 251 245 77 80 80 84 84 97 93 121 33 34 30 105 110 111 46 42 112 48 30 86 87 106 99 103 56 59 51 40 81 99 61 91 92 98 76 65 78 64 86 99 69 96 79
65 54 36 42 152 152 152 152 152 152 152 152 152 154 154 154 154 180 152 181 150 152 204 152 153 153 195 149 148 200 150 152 209 151 153 154 154 154 154 154 154 154 154 154 154 237 156 246 3 246 154 157 158 174 158 157 159 25 24 171 154 154 154 154 154 154 154 154 154 154 154 154 154 154 166 154 42 45 167 170 170 54 165 168 152 153 154 154 154 154 154 170 77 154 170 169 171 155 171 171 107 169 167 171 172 101 154 154 106 107 152 168 113 153 154 155 158 159 131 158 158 159 161 162 163 164 155 168 169 171 171 173 175 176 178 180 182 208 185 187 188 188 189 189 190 190 217 190 191 223 220 217 177 213 210 206 219 157 159 205 198 196 139 143 144 148 216 204 189 168 173 99 95 103 102 187 187 97 97 190 97 102 116 214 102 99 98 103 125 239 236 234 230 227 223 99 221 100 103 106 241 225 86 226 87 92 86 86 103 87 238 236 81 84 86 87 101 87 89 94 119 123 32 122 108 110 113 61 55 51 32 31 29 88 91 101 120 60 119 69 48 91 119 66 113 113 102 91 82 81 65 86 86 72 87 73
57 55 60 64 152 152 152 152 152 152 152 152 152 154 154 154 155 198 153 198 168 170 171 191 171 153 197 150 152 154 153 154 227 154 154 154 154 154 154 154 154 154 154 154 154 173 175 4 176 246 154 174 12 157 158 157 159 9 6 166 172 154 154 154 154 154 154 154 154 154 154 168 172 154 154 154 153 154 50 47 52 152 55 151 152 171 65 153 153 153 169 172 172 79 81 79 170 152 152 152 90 170 93 94 171 102 102 153 153 107 108 150 153 154 154 155 159 158 159 160 160 161 164 164 164 166 169 171 191 174 176 178 178 180 183 185 186 195 186 188 189 191 192 192 215 190 191 190 191 223 222 220 218 216 214 210 161 165 213 209 205 149 148 148 150 153 236 211 192 186 154 81 99 109 191 193 105 104 104 213 213 102 103 104 207 207 102 105 107 238 235 232 226 222 202 78 95 98 103 106 88 225 87 89 88 231 86 86 105 87 239 82 86 89 92 109 4 106 93 95 100 122 105 31 109 112 112 59 52 35 34 32 35 105 109 117 119 106 60 51 91 102 105 124 74 106 108 91 79 101 85 86 107 108 86 64
44 57 44 47 152 152 152 152 152 152 152 152 152 154 154 155 155 152 200 149 150 148 151 191 152 153 215 152 153 155 156 154 154 154 154 154 154 154 154 154 154 154 154 154 154 155 240 175 155 11 155 155 158 162 178 158 159 9 6 13 153 13 154 154 154 154 154 154 154 154 154 32 153 153 154 154 153 154 154 47 152 152 152 56 152 151 173 174 85 152 69 168 172 152 172 82 151 152 152 152 152 152 93 94 172 174 102 153 153 108 129 151 174 174 155 178 159 159 160 160 162 163 184 165 167 169 172 173 174 177 178 180 183 185 186 189 189 199 190 190 191 192 192 193 236 191 191 192 193 225 224 223 221 217 215 215 168 216 165 235 214 230 156 156 158 223 222 212 194 168 156 85 104 110 111 197 213 109 113 117 116 230 116 120 217 214 105 110 107 240 216 232 225 217 100 220 205 98 101 105 107 108 88 110 111 254 108 251 94 93 92 85 89 92 97 99 99 10 97 97 99 122 126 108 129 134 66 41 51 113 111 52 34 88 91 97 99 106 78 52 92 106 110 77 76 108 81 87 74 101 88 94 97 94 74 42
53 47 68 88 152 152 152 152 152 152 152 152 152 153 174 176 178 151 179 149 204 150 151 153 153 155 176 176 175 179 157 157 160 215 157 154 154 154 154 154 154 154 154 154 154 156 2 159 159 179 157 157 16 17 157 159 160 9 8 154 154 154 154 154 154 154 154 154 154 28 35 152 170 153 153 153 153 154 47 51 153 153 176 176 153 175 174 175 85 172 176 176 76 152 171 99 173 174 174 174 174 174 174 174 152 172 175 176 174 174 170 149 110 173 177 177 180 158 159 162 163 164 166 168 170 173 177 179 181 182 183 183 185 187 191 191 190 190 192 192 194 194 214 194 193 194 194 223 216 247 226 225 222 220 239 176 173 222 242 169 220 161 241 162 163 229 228 218 198 173 182 96 117 121 126 226 119 122 124 127 241 128 132 227 225 219 217 217 107 241 237 209 225 101 201 223 96 97 99 103 106 109 94 109 91 107 108 88 89 241 86 87 93 99 101 103 14 18 117 16 99 123 127 131 134 136 135 61 31 93 54 33 110 92 94 96 100 128 57 76 95 107 133 76 111 80 82 87 71 79 94 76 93 72 59 74
102 129 150 177 154 155 152 152 152 152 152 152 152 152 173 178 201 151 151 181 151 152 152 153 153 195 196 152 155 178 154 179 182 240 236 154 154 154 154 154 154 154 154 154 254 154 5 156 244 154 156 157 158 158 3 182 160 9 8 154 154 154 154 154 154 154 154 154 154 35 155 32 153 153 153 153 153 154 178 154 154 76 176 176 58 174 151 172 172 65 172 150 150 174 99 149 173 174 174 174 174 174 174 174 175 99 152 106 130 174 149 110 152 174 154 120 154 157 160 164 166 169 152 172 174 176 179 183 186 187 188 189 189 190 193 222 194 195 194 194 196 196 216 216 194 193 193 195 195 194 229 228 225 182 183 247 248 247 178 248 226 169 227 168 169 235 235 221 204 182 104 116 134 138 221 136 138 139 144 141 146 144 240 238 232 223 244 243 107 242 237 232 225 101 224 222 95 77 97 77 106 109 110 91 81 81 110 89 113 90 90 93 99 122 104 105 104 16 18 20 123 124 127 130 133 136 66 61 55 116 32 57 37 94 96 99 101 106 59 77 99 109 110 135 114 82 81 85 72 109 122 101 92 118 147 189
193 165 147 108 154 156 152 152 152 152 152 152 152 152 152 152 152 151 207 150 177 179 214 153 153 153 151 151 151 154 154 155 160 241 154 154 154 154 154 154 154 154 154 154 234 153 157 159 246 156 156 158 158 177 158 157 158 36 34 9 154 154 154 154 154 154 154 154 28 154 156 33 153 153 153 153 153 154 154 154 154 51 151 152 56 176 177 172 66 174 176 174 174 174 174 170 173 173 173 173 174 174 174 175 174 175 177 179 129 149 149 174 177 178 154 155 155 159 161 167 171 174 157 176 164 180 184 188 182 190 191 192 192 193 194 196 198 200 200 199 199 199 199 198 199 200 227 199 254 199 231 230 252 229 231 184 255 232 232 181 178 235 236 3 175 240 236 223 213 203 126 134 146 150 232 146 149 5 150 151 247 246 245 245 237 227 221 219 218 216 239 206 200 198 76 198 196 69 97 101 103 106 109 242 107 245 110 116 90 94 96 96 102 15 106 106 106 17 102 99 123 102 103 105 134 132 129 36 33 30 92 32 92 98 126 100 102 105 85 124 103 110 113 78 115 113 106 82 45 81 96 99 102 175 157 124
100 82 47 49 154 156 152 152 152 152 152 152 152 152 152 152 152 179 180 151 154 152 153 153 153 153 152 180 153 154 182 155 213 154 154 154 154 154 154 154 154 154 154 154 154 154 186 18 17 155 158 158 158 159 159 158 179 7 154 17 154 154 154 154 154 154 154 182 35 176 60 38 153 153 153 153 176 175 181 181 181 79 151 152 56 84 171 175 170 88 171 169 70 174 174 100 174 174 105 106 171 171 171 171 174 175 177 177 149 105 175 110 112 151 182 155 158 162 165 170 175 177 181 182 184 186 189 191 196 190 198 196 196 200 199 201 229 239 201 214 200 201 201 201 201 201 201 201 203 5 235 234 196 234 235 193 237 6 6 7 186 184 187 244 244 243 12 230 222 215 145 154 163 163 245 159 159 160 161 21 13 254 250 17 9 228 222 219 218 215 240 236 201 198 83 198 69 76 97 99 73 74 76 77 80 227 112 116 91 95 125 100 105 108 140 22 110 21 106 23 106 107 29 31 135 62 131 64 61 62 38 34 98 49 100 103 106 86 130 105 109 113 79 79 115 115 104 82 73 81 98 99 129 146 86 62
70 47 54 58 154 156 152 152 152 152 152 152 153 171 172 152 152 179 151 152 185 183 184 219 183 153 156 180 154 154 154 185 243 154 154 154 154 154 154 154 154 154 154 154 154 185 162 17 184 156 158 158 189 190 160 160 158 37 153 154 154 154 154 154 154 154 154 154 154 28 153 153 153 153 153 154 41 42 152 152 152 50 151 151 176 85 55 147 59 88 164 172 91 171 171 71 171 172 77 171 81 171 167 171 173 175 177 178 180 108 179 179 180 152 155 157 161 165 168 175 177 181 214 185 187 187 190 194 227 222 198 200 201 201 201 201 201 241 202 202 202 201 201 201 201 202 202 202 202 202 236 201 198 240 239 239 239 239 190 243 242 190 17 245 245 243 240 234 161 160 163 166 170 190 251 249 162 164 166 14 4 1 251 242 233 2 225 220 219 216 212 206 202 199 199 198 196 228 99 102 82 74 77 80 82 82 83 87 92 94 97 103 107 15 141 27 27 112 112 34 111 111 111 36 34 65 64 36 32 32 97 37 99 102 103 105 135 104 135 108 113 77 144 114 114 115 103 79 43 112 99 72 101 113 76 31
42 52 57 59 186 188 152 152 184 153 152 153 154 202 203 152 152 179 151 152 185 185 153 221 153 153 197 152 154 154 154 187 154 154 154 154 154 154 154 154 154 154 154 154 154 154 9 239 153 163 158 190 189 190 192 192 182 38 153 154 154 154 154 154 154 154 154 154 154 28 153 153 153 153 186 186 41 49 152 177 184 184 151 177 88 86 62 147 59 56 56 135 167 162 167 169 98 170 170 170 169 168 170 170 169 171 172 174 176 172 170 142 179 152 157 191 164 168 172 176 180 182 166 187 189 189 192 196 198 194 200 233 201 233 202 203 204 204 203 202 203 233 233 201 201 234 202 202 202 204 237 12 232 202 17 17 14 15 192 195 247 247 189 249 246 244 241 13 171 174 177 178 3 15 4 3 172 193 5 170 6 4 253 243 234 228 228 225 222 218 244 208 203 200 200 198 77 229 100 71 73 77 82 82 84 88 88 91 93 95 98 104 108 22 112 140 115 113 148 117 40 143 39 39 36 34 32 102 36 36 99 127 101 104 106 108 58 133 103 110 115 115 113 144 144 114 101 80 44 80 131 72 102 111 46 32
45 89 61 61 153 152 152 158 151 153 152 154 154 154 154 154 154 180 152 152 152 152 153 154 227 153 154 154 154 206 153 153 154 154 154 154 154 154 154 154 154 154 154 154 154 154 160 154 163 28 158 157 161 190 193 194 18 40 153 154 154 154 154 154 154 154 154 154 154 28 153 153 153 153 153 153 154 154 188 46 177 151 185 85 85 172 86 179 63 61 163 161 85 164 164 166 65 167 162 167 167 167 166 166 165 166 168 171 171 174 101 177 181 154 157 161 167 173 176 180 215 184 187 223 190 192 195 197 199 200 201 201 235 201 205 242 206 207 205 251 219 201 201 201 202 202 203 206 205 206 237 201 200 241 199 196 196 196 199 24 198 193 251 25 247 23 176 175 177 179 183 5 182 183 9 9 20 9 43 171 191 5 254 22 235 3 233 229 252 222 213 211 206 201 200 200 224 225 71 73 76 80 83 85 88 91 92 93 128 130 133 104 109 112 116 118 29 117 39 119 149 45 116 116 41 109 38 106 40 40 103 43 104 108 140 109 58 104 107 113 119 79 110 111 145 114 99 81 45 79 132 75 102 78 47 35
46 55 64 64 153 152 152 152 151 152 190 204 154 155 154 154 156 214 154 152 152 152 152 157 227 189 154 154 191 156 155 209 154 154 154 154 154 154 154 154 154 154 154 154 154 154 160 193 22 22 164 193 24 153 18 189 154 153 153 154 154 154 154 154 154 154 154 154 154 154 154 154 42 153 153 182 154 190 152 153 47 150 57 84 46 83 139 138 176 168 87 86 81 122 54 163 166 97 160 165 163 102 125 157 161 162 164 165 169 137 142 144 110 152 158 166 173 177 181 186 162 187 188 188 190 193 197 189 199 200 237 199 201 203 244 250 207 251 204 241 255 203 203 204 241 206 207 236 208 17 240 19 244 243 22 201 200 199 27 197 29 200 253 252 248 23 179 180 185 189 213 189 190 188 16 15 50 202 11 10 10 6 253 242 235 129 236 233 232 232 226 222 217 214 211 211 210 209 80 89 81 86 89 92 96 241 104 93 104 129 134 141 111 114 118 119 36 121 42 45 120 124 52 46 149 116 52 47 47 47 108 49 140 110 146 110 59 58 110 117 119 114 110 109 146 112 61 46 49 115 130 95 141 114 49 40
53 68 85 86 153 152 152 152 154 154 154 154 154 210 190 151 151 152 152 152 152 152 190 227 154 153 191 192 191 239 192 192 154 154 154 154 154 154 154 154 154 154 154 154 154 154 154 194 22 158 31 193 154 154 193 12 154 154 154 154 154 154 154 154 154 154 154 154 154 154 154 154 154 154 193 193 45 44 153 153 56 48 179 45 83 170 83 173 174 89 86 86 44 122 161 162 165 62 124 126 158 68 127 69 69 69 161 124 128 140 144 147 151 157 161 171 174 177 182 186 188 190 171 190 194 197 236 199 198 200 200 201 203 205 209 210 253 207 254 204 0 204 204 203 204 246 16 235 236 204 243 246 25 206 250 249 28 200 200 253 199 0 19 17 195 29 30 187 189 191 217 28 192 17 18 15 27 14 25 12 11 7 253 245 241 137 242 239 13 238 236 233 228 224 251 220 101 217 96 89 94 98 102 112 100 245 24 131 93 105 100 107 113 27 119 38 39 161 156 124 43 163 56 55 48 122 121 53 119 54 148 53 53 109 61 110 59 59 114 119 80 78 73 148 148 113 97 48 51 113 92 100 141 114 52 60
69 112 152 158 153 152 152 152 154 154 154 155 154 212 154 192 214 151 151 154 155 152 152 194 194 156 155 193 239 154 154 154 154 154 154 154 154 154 154 154 154 154 154 154 154 154 154 195 198 32 24 153 154 154 30 153 154 154 154 154 154 154 154 154 154 154 154 154 154 154 154 154 154 154 154 155 188 55 154 154 49 153 53 45 45 82 82 82 82 83 169 87 50 122 163 162 165 166 160 126 68 127 130 72 73 76 72 127 132 142 146 152 156 160 166 214 177 181 184 188 190 231 194 195 198 199 199 199 238 201 201 201 242 205 251 207 206 1 206 204 205 204 206 206 206 208 212 238 18 207 204 206 207 248 32 251 32 252 201 254 200 16 198 198 2 2 3 192 195 196 16 16 233 33 60 17 16 16 207 16 53 10 2 252 248 24 246 18 243 243 18 242 238 233 233 232 229 109 99 6 101 104 106 248 116 248 246 245 96 96 104 112 116 119 121 122 40 124 48 43 43 50 126 160 160 158 60 121 120 120 58 55 95 59 111 154 63 110 117 122 81 77 113 107 107 72 58 49 51 76 94 106 125 109 55 105
112 158 183 190 153 152 152 194 195 154 154 167 194 171 215 151 152 218 153 193 225 193 194 231 195 195 239 151 154 158 154 154 154 154 154 154 154 154 154 154 154 154 154 154 196 197 161 196 197 23 154 154 154 154 154 154 154 154 154 154 154 154 154 154 154 154 154 154 154 154 154 154 154 154 196 188 53 155 196 196 50 154 53 46 139 83 82 80 77 77 163 166 166 53 53 122 123 166 168 127 128 129 130 169 75 130 76 132 139 148 152 155 160 164 170 175 181 183 186 231 190 191 238 239 199 199 188 198 199 201 201 201 202 206 207 208 209 208 208 6 221 205 206 208 210 212 241 240 210 23 205 207 207 207 208 207 254 254 202 255 201 19 199 199 224 198 50 198 199 199 18 17 220 235 34 19 17 18 181 17 14 12 7 2 19 250 150 147 247 134 135 31 19 14 245 245 244 243 241 109 111 115 149 0 254 250 249 99 98 101 110 116 118 118 122 123 126 46 126 51 126 125 126 52 126 125 124 56 159 122 60 56 54 111 112 113 114 113 120 123 81 76 72 106 106 72 60 50 51 77 94 110 84 70 62 114
64 132 102 127 153 152 152 152 152 196 197 152 152 172 172 194 196 221 219 149 223 150 151 153 153 152 197 195 154 154 154 154 154 154 154 154 154 154 154 154 154 154 154 154 154 161 153 198 154 154 154 154 154 154 154 154 154 154 154 154 154 154 154 154 154 154 154 154 154 154 31 154 154 154 153 154 189 189 153 153 59 154 97 47 88 84 83 79 78 74 160 163 166 121 124 124 58 124 126 129 130 132 137 85 81 136 82 139 145 153 158 160 164 169 175 179 184 185 186 188 191 194 239 199 202 202 201 202 194 201 201 203 205 207 208 210 210 211 212 225 225 208 209 209 212 2 27 27 241 208 29 208 212 208 209 208 208 0 207 255 247 201 227 201 200 9 25 198 200 200 200 17 16 191 192 20 18 230 18 18 30 15 15 13 10 2 255 29 249 138 142 17 143 8 3 20 248 246 244 111 115 121 121 5 3 253 252 102 103 104 114 121 122 123 125 127 128 128 127 128 47 127 164 51 126 127 64 164 125 126 60 101 55 111 112 115 117 120 123 164 82 77 74 76 76 116 60 52 78 80 98 114 86 77 73 71
85 96 130 188 153 152 152 152 152 152 152 152 152 217 151 150 152 220 178 151 150 150 151 153 153 153 197 150 154 154 154 154 154 154 154 154 154 154 154 154 154 154 154 154 154 236 153 153 154 154 154 154 154 154 154 154 154 154 154 154 154 154 154 154 154 154 154 154 154 40 41 153 153 154 189 199 199 153 154 154 154 191 96 48 89 85 80 77 75 72 156 160 165 123 124 124 124 125 62 130 133 137 140 140 141 182 140 146 152 159 162 165 169 173 177 182 186 187 188 191 193 198 180 248 205 206 194 193 202 204 205 208 209 209 213 221 213 214 214 215 212 212 211 3 25 213 213 213 244 243 209 210 211 211 2 239 1 20 1 204 202 202 4 201 201 26 10 199 200 200 200 18 16 192 192 191 20 22 20 20 35 20 176 18 58 4 46 21 141 145 149 151 153 16 10 4 252 249 250 117 121 125 126 21 8 1 1 107 110 113 122 124 128 32 128 129 129 128 128 176 55 57 59 166 127 167 171 172 127 127 107 58 55 113 114 116 119 125 171 128 82 77 157 126 125 71 63 56 53 81 104 118 89 82 80 79
135 146 162 168 152 200 152 158 152 152 152 152 152 216 152 201 227 149 227 198 227 149 151 153 201 202 197 150 154 154 154 154 154 154 154 154 154 154 154 154 154 154 154 154 18 19 152 154 243 154 154 154 154 154 154 154 154 154 154 154 154 154 154 154 154 154 154 154 154 155 153 32 190 200 84 188 198 199 199 200 199 189 96 95 43 84 80 27 26 33 110 160 165 122 124 124 127 173 133 135 137 140 144 146 149 95 147 151 155 161 167 169 172 176 181 186 189 191 194 194 195 199 183 204 206 206 207 206 206 207 208 208 210 213 215 216 217 217 218 228 229 212 212 212 212 215 213 213 245 244 212 3 4 212 212 212 23 238 3 207 7 6 203 28 233 10 249 199 200 18 199 17 194 35 224 223 190 222 22 22 184 183 216 24 12 4 148 147 149 152 156 157 159 21 14 10 1 22 161 125 162 126 163 124 9 8 115 115 118 122 126 38 178 43 131 41 41 41 129 128 46 127 127 127 127 168 104 174 69 112 107 58 57 112 115 119 125 173 125 130 129 79 115 158 77 73 69 65 64 91 113 121 92 83 97 96
85 148 155 111 152 151 152 158 152 152 152 204 205 155 154 202 225 176 149 198 230 200 202 153 152 152 197 150 154 154 154 154 154 154 154 154 154 154 154 154 154 154 154 154 154 162 153 154 243 154 154 154 154 154 154 154 154 154 154 154 154 154 154 154 154 154 154 154 154 155 153 32 81 200 83 44 196 197 197 198 198 55 55 96 43 33 81 77 25 110 110 111 116 123 126 128 174 134 138 141 144 146 150 151 154 104 152 157 159 168 173 175 178 180 185 189 192 166 197 199 179 200 203 255 192 207 209 209 208 209 209 211 213 215 217 218 219 12 24 23 229 212 212 212 212 29 7 8 39 39 37 210 5 6 7 7 6 27 27 239 28 206 2 33 65 15 13 200 200 18 200 198 231 198 42 42 26 25 41 26 186 186 185 29 15 6 150 153 157 161 163 163 26 24 20 14 9 3 128 132 132 132 16 15 15 24 122 122 124 126 129 131 43 131 134 44 43 43 171 128 46 127 127 127 178 64 64 126 111 111 59 60 160 116 118 124 125 171 125 80 167 81 164 163 80 78 80 105 81 106 122 103 95 86 86 101
88 95 107 114 153 152 152 152 205 214 153 153 154 154 152 152 155 154 149 149 181 149 151 207 154 154 198 153 154 154 154 154 154 154 154 154 154 154 154 154 154 154 154 153 234 155 239 154 154 154 154 154 154 154 154 154 154 19 154 153 25 206 154 154 154 154 154 154 154 154 30 191 44 30 30 81 195 183 192 194 183 194 196 55 92 83 82 78 76 110 110 114 118 123 126 130 135 137 141 146 149 152 152 103 157 102 156 159 162 172 176 179 181 183 186 245 196 195 199 200 200 202 204 206 208 208 208 208 209 210 210 213 216 218 13 219 19 215 215 11 27 212 212 212 213 8 9 240 209 211 212 42 213 210 50 209 7 211 29 7 5 209 208 241 209 17 238 201 235 36 234 39 22 198 43 198 27 194 29 30 27 224 28 82 19 10 192 157 162 167 167 28 26 27 22 17 13 24 176 138 17 18 18 174 20 17 126 167 128 173 131 132 34 132 136 137 45 44 54 172 127 126 127 60 127 127 127 58 123 123 61 119 60 118 121 125 125 178 126 87 87 83 86 87 116 84 115 115 116 121 174 173 145 139 102 106
86 95 111 116 153 152 152 211 151 153 154 154 154 208 206 152 229 179 151 154 151 151 152 243 154 154 198 153 154 154 154 154 154 154 154 154 154 154 154 154 154 154 154 153 234 155 239 154 154 164 154 154 154 154 154 154 154 154 209 154 194 193 154 154 154 154 154 154 154 209 84 28 191 84 83 28 83 81 189 189 41 188 189 178 86 80 78 75 164 109 112 116 121 126 129 133 136 139 143 147 152 156 157 160 162 160 161 164 167 173 179 238 234 185 191 196 198 199 201 204 205 207 187 207 193 208 209 6 211 10 212 11 12 14 13 18 17 18 9 22 10 212 212 212 234 211 211 209 209 211 212 213 45 212 49 211 212 213 213 11 242 209 211 213 247 21 21 21 21 19 236 200 43 24 198 82 196 196 31 50 33 49 31 83 22 15 30 165 170 172 47 30 205 29 24 21 19 32 144 22 184 184 24 22 21 20 131 131 134 43 135 137 39 136 137 137 47 46 134 47 130 129 129 53 127 127 127 125 125 125 72 171 72 123 125 126 175 176 127 177 90 90 124 94 124 92 121 122 122 123 126 160 91 102 104 111
90 101 113 120 152 151 152 152 154 154 154 154 171 151 151 152 154 180 153 182 152 152 153 154 154 154 198 153 155 154 154 154 154 154 154 154 154 154 154 154 154 154 154 154 154 154 163 162 209 35 154 154 154 154 154 154 154 154 155 158 70 196 154 154 154 154 154 24 154 154 154 29 207 85 82 83 80 80 33 173 185 184 173 84 81 23 22 21 21 111 115 118 124 127 131 135 137 142 145 150 154 159 160 164 115 110 164 166 169 176 181 185 186 188 193 198 201 201 202 205 5 186 207 208 193 209 211 201 204 211 212 212 14 215 213 213 218 209 209 211 213 233 30 212 212 213 216 243 212 214 215 215 215 215 215 215 215 215 215 35 213 212 214 43 80 213 23 210 22 21 202 239 201 82 255 28 198 51 197 236 36 233 33 30 25 19 169 169 173 47 173 48 32 31 28 27 24 154 154 31 44 31 29 27 38 136 135 41 137 139 141 41 139 99 194 47 47 46 48 56 176 128 187 112 128 177 59 67 127 127 126 74 125 126 128 129 79 86 128 129 130 95 129 128 179 100 178 126 126 128 182 104 96 109 164 166
97 108 118 123 152 151 152 152 154 154 154 154 229 151 151 151 154 180 153 237 156 152 211 212 212 212 255 153 213 154 154 212 154 154 154 154 154 154 154 154 154 154 154 154 154 154 40 30 151 212 154 154 154 154 154 154 154 212 156 72 201 72 154 154 154 154 154 154 156 199 213 31 192 28 25 81 78 76 171 76 168 167 31 77 162 173 79 159 33 114 118 124 128 130 135 138 142 147 148 153 157 161 165 168 170 171 170 173 176 181 185 187 189 192 197 170 201 204 205 206 7 188 7 10 193 11 13 202 204 212 212 213 16 17 213 15 218 209 11 210 214 215 215 215 215 216 217 45 216 219 215 215 215 215 215 215 215 17 18 36 214 249 16 17 215 215 82 210 209 25 244 24 203 27 238 48 199 200 238 198 198 38 35 32 27 24 171 175 30 174 34 215 51 34 31 31 27 157 201 157 202 38 35 33 33 32 32 139 139 198 199 140 54 44 139 48 48 48 182 47 129 128 130 64 56 65 129 69 128 128 129 70 126 127 187 130 87 183 131 133 133 186 186 100 130 131 186 132 131 132 110 106 102 102 115 106
107 118 127 129 152 152 152 152 213 154 154 228 213 151 153 152 239 155 211 152 212 152 152 152 152 152 252 214 154 154 161 160 154 154 154 154 154 154 154 154 154 154 154 154 28 154 31 152 34 212 214 154 154 154 154 154 154 154 198 218 75 13 154 154 154 154 154 214 216 43 154 31 30 29 25 24 20 19 15 75 74 75 27 75 27 111 160 170 112 117 122 128 132 135 137 142 145 149 152 156 159 163 169 172 175 175 176 179 183 186 188 189 193 197 203 203 204 205 10 12 185 11 247 10 12 209 212 212 211 212 17 213 17 17 15 15 21 210 209 212 215 216 37 215 215 220 47 20 20 21 216 216 217 217 215 216 8 215 216 13 14 213 214 216 46 254 47 27 211 29 28 49 245 51 29 30 200 200 55 200 40 59 37 33 29 221 176 32 32 220 52 36 53 39 34 165 35 163 164 163 208 40 37 34 148 36 34 33 139 139 140 141 141 45 140 189 49 186 60 49 130 51 130 130 57 129 129 129 129 182 131 78 181 129 130 185 192 91 135 136 101 101 135 135 135 136 107 106 133 189 114 109 106 123 110 121
122 128 134 135 152 152 152 219 152 215 216 227 152 216 156 217 238 177 153 154 155 214 152 152 151 151 214 151 154 154 217 154 154 154 154 154 154 154 154 154 154 154 154 154 216 33 162 152 163 152 214 167 216 216 216 216 216 155 26 200 29 154 154 154 154 154 154 40 153 153 154 93 30 92 88 83 18 81 77 75 165 25 163 24 160 27 159 108 113 182 125 131 136 137 139 143 147 150 154 158 161 167 171 230 175 177 178 182 184 188 189 192 197 199 10 6 11 208 205 207 184 207 207 208 13 211 18 213 212 213 212 18 209 210 16 16 209 25 17 213 215 216 39 215 219 47 46 22 248 23 23 23 24 24 25 25 72 36 217 15 217 1 43 217 24 50 255 22 214 252 91 51 30 205 32 204 245 245 37 246 103 242 40 35 51 183 225 36 224 35 179 178 179 42 39 168 169 169 45 60 46 43 39 36 197 100 97 47 189 139 202 141 141 192 59 61 50 62 51 52 135 65 66 196 68 131 62 184 131 133 187 133 81 132 134 90 133 135 139 141 141 141 109 142 141 202 113 112 137 113 115 191 189 130 118 129
124 137 140 141 154 152 152 152 152 152 152 152 152 153 174 157 218 180 180 180 182 214 151 152 255 251 151 152 154 154 154 154 154 154 154 154 154 154 154 154 154 154 154 154 154 164 218 217 39 152 216 55 152 216 152 253 151 5 154 8 154 154 154 154 154 154 154 154 154 154 154 31 150 93 22 16 192 81 79 10 75 75 74 172 23 171 171 172 113 120 128 133 138 141 144 147 150 153 222 161 163 169 173 176 177 180 241 184 185 189 194 194 197 200 204 175 206 16 208 208 209 18 192 210 210 212 214 216 15 215 23 214 214 214 215 210 210 212 212 229 215 216 216 217 219 245 218 54 24 216 220 215 58 216 218 218 10 217 218 15 218 45 218 23 215 216 27 215 215 96 94 250 31 207 55 208 61 63 42 42 202 42 41 40 40 234 40 39 39 58 227 181 180 178 44 223 175 64 222 48 111 45 40 36 36 34 97 140 35 141 141 56 47 46 140 205 63 139 54 65 137 190 58 134 190 65 135 135 137 137 137 78 201 89 136 138 140 207 104 201 141 142 143 204 147 148 120 204 203 207 185 119 122 136 139 140
133 145 149 150 220 152 152 152 152 152 152 152 152 153 174 175 153 179 242 180 216 149 155 156 216 191 151 152 154 154 154 154 154 154 154 154 154 154 154 154 154 154 154 154 154 35 162 218 39 152 243 150 46 218 152 253 217 199 153 27 220 154 154 154 154 154 154 154 154 154 154 31 150 95 87 80 177 80 25 75 74 163 73 18 104 105 106 111 119 126 187 135 141 144 80 149 152 156 159 164 166 172 117 179 180 251 140 246 186 191 156 195 199 202 9 10 18 207 209 209 210 211 191 211 212 212 214 25 205 25 216 214 216 217 26 213 214 32 215 27 26 26 216 26 29 52 29 246 216 216 217 61 217 29 218 218 38 218 28 218 2 29 5 49 215 216 52 215 215 31 97 54 54 207 207 20 22 2 45 110 108 201 44 198 45 43 192 236 41 184 183 181 180 180 64 227 177 226 67 65 46 45 106 36 102 100 141 142 143 54 143 198 48 59 48 140 142 143 68 140 139 60 138 194 203 137 69 203 81 137 205 80 136 136 138 139 141 143 144 204 144 146 151 116 150 151 119 146 120 206 144 123 123 140 143 144
145 153 154 155 222 152 152 152 152 152 152 152 152 153 157 241 221 179 156 181 151 155 249 149 149 150 152 153 154 154 154 154 154 154 154 154 154 154 154 154 154 154 154 154 154 154 236 151 151 152 165 219 165 220 221 67 164 219 221 153 153 154 154 154 154 154 154 154 154 154 154 31 202 95 87 78 73 72 180 71 71 18 72 157 171 172 108 117 125 131 61 207 142 146 149 153 155 158 163 168 171 176 177 249 250 253 187 188 190 5 197 198 199 15 17 171 208 209 22 23 211 212 213 25 214 214 215 25 206 215 216 216 216 217 213 215 221 25 215 215 215 216 29 217 242 219 30 32 33 62 62 218 218 218 219 219 219 219 3 218 219 4 5 218 50 216 216 27 216 34 33 211 213 212 38 38 22 2 112 42 109 12 65 44 66 67 196 47 45 45 43 63 183 180 180 179 179 52 176 117 115 114 41 38 36 33 144 53 199 145 145 147 50 49 142 142 144 144 144 143 143 75 200 76 67 140 80 197 140 140 139 200 208 141 141 209 141 205 145 146 149 151 216 118 215 125 124 147 212 212 129 131 129 146 146 146
150 152 222 223 153 225 152 152 152 152 152 152 152 152 152 152 178 246 152 151 157 185 150 221 150 152 153 154 154 154 154 154 154 154 154 154 154 154 154 154 154 154 154 154 154 154 237 152 240 151 152 151 61 62 221 221 149 219 150 221 223 154 34 154 154 154 154 154 154 154 207 45 97 93 86 78 68 175 67 47 68 173 16 72 171 104 113 122 130 132 135 138 142 147 152 156 159 163 168 172 174 124 248 179 180 253 186 189 190 193 155 199 14 200 16 205 208 21 209 210 210 212 216 201 199 215 215 215 215 30 30 30 30 31 215 215 222 213 216 215 215 217 218 218 52 216 217 218 219 219 68 32 219 34 34 33 221 222 17 220 220 49 23 51 5 26 53 1 217 7 35 36 214 212 39 38 210 45 43 42 63 248 44 248 13 199 198 48 48 48 45 184 184 48 66 181 182 54 51 116 45 43 41 39 38 36 145 147 113 43 147 219 64 146 52 145 146 146 146 144 143 144 78 143 70 71 72 73 140 140 140 152 211 141 141 97 142 143 147 152 154 154 122 154 118 152 215 150 123 146 146 147 147 218 148 148
149 152 153 153 153 152 152 152 152 152 152 152 152 152 152 152 251 153 152 153 185 151 254 151 150 152 224 155 154 154 154 154 154 154 154 154 154 154 154 154 154 154 154 154 154 154 42 154 45 151 152 151 246 247 219 219 220 149 150 24 202 224 227 36 226 224 224 226 208 99 99 216 94 88 12 5 62 57 58 164 166 167 68 168 169 176 185 124 132 136 138 141 144 149 155 158 161 226 169 173 174 177 178 181 246 184 186 189 191 194 156 200 201 12 202 206 25 26 26 211 189 214 216 218 216 218 207 30 215 215 215 215 215 215 215 32 32 216 215 215 215 217 218 218 218 218 218 218 35 219 253 216 34 218 218 218 221 222 17 220 220 220 23 8 52 26 27 213 218 218 8 110 63 39 26 26 212 45 44 42 204 251 44 66 250 199 198 50 48 67 47 238 185 49 183 237 71 56 52 118 61 44 43 41 41 40 148 41 220 148 206 148 149 149 68 206 148 148 148 208 147 221 70 143 81 72 141 203 140 140 212 79 139 141 141 142 142 144 147 154 158 119 118 221 154 194 125 150 123 146 146 147 147 148 221 221
150 223 154 153 153 152 152 152 152 152 152 152 152 152 152 152 152 152 154 154 154 187 157 151 191 150 149 154 154 154 154 154 154 154 154 154 154 154 154 154 154 154 154 154 154 154 229 241 46 152 152 151 247 247 147 146 148 165 222 222 222 221 221 222 223 223 224 224 223 42 23 21 95 15 85 77 246 241 52 156 157 162 165 166 169 175 112 128 137 139 142 141 146 151 157 161 163 165 169 172 175 178 253 182 136 251 186 190 217 194 200 201 201 201 202 206 26 209 209 31 214 214 215 218 218 218 34 216 216 216 215 215 215 215 215 215 215 216 216 216 217 218 218 219 223 60 61 219 221 253 252 33 215 220 6 218 39 222 17 220 220 220 23 52 218 218 57 216 218 10 217 109 215 40 211 4 211 45 45 205 205 46 68 254 123 198 197 48 46 8 71 50 187 51 182 183 184 76 127 45 165 46 46 44 60 42 43 41 149 150 150 66 150 211 149 149 60 148 63 207 207 219 219 148 210 75 144 75 206 141 153 86 213 214 140 142 102 145 149 154 158 120 119 125 154 120 150 196 196 146 147 221 147 148 148 148
150 151 229 156 153 152 152 152 152 152 152 152 152 152 152 152 152 152 154 154 154 3 189 152 152 193 149 153 154 154 154 154 154 154 154 154 154 154 154 154 154 154 154 154 154 154 167 154 241 152 152 151 67 149 149 149 165 74 162 222 222 78 220 221 221 221 203 92 202 221 221 96 95 14 10 5 35 241 231 154 78 157 162 165 168 175 115 133 144 146 210 141 147 153 159 164 168 246 171 173 177 179 181 185 186 187 188 190 143 194 200 166 201 201 203 205 27 26 208 212 32 214 215 218 218 218 208 216 216 216 215 215 215 215 215 215 215 43 35 38 38 39 40 61 244 220 220 221 254 220 69 218 219 220 6 218 221 222 17 220 220 220 23 25 37 218 218 10 218 35 10 37 217 41 42 69 213 47 47 3 206 206 126 124 71 48 197 49 49 48 191 53 11 54 51 239 73 2 127 46 45 122 222 63 219 46 64 155 49 213 152 152 152 73 151 215 151 152 66 212 79 147 212 213 86 213 76 151 76 141 153 137 139 139 141 143 146 150 221 231 233 124 155 154 154 120 150 121 122 146 147 147 147 148 148 148
151 154 230 230 153 152 152 152 152 152 152 152 152 152 152 152 152 152 154 154 230 232 6 152 9 159 230 232 154 18 160 230 26 155 156 156 165 32 154 154 154 154 154 154 154 154 154 168 63 166 244 228 69 54 164 226 226 76 75 59 142 39 141 82 219 221 31 90 32 92 217 198 95 91 10 9 23 251 236 100 79 32 159 164 90 176 193 137 148 213 76 146 149 154 161 243 247 111 172 174 177 181 6 9 187 187 190 191 192 195 200 24 168 201 203 206 208 184 27 209 32 35 34 39 203 215 215 215 215 215 215 215 215 215 215 42 216 225 216 218 218 218 220 221 63 220 221 222 226 41 42 43 41 220 218 219 43 44 95 42 42 42 219 41 54 218 218 219 219 218 65 217 12 216 12 214 10 11 48 7 47 48 28 50 200 255 74 197 53 74 249 192 55 54 129 240 72 240 128 126 167 46 48 47 162 51 160 71 55 70 218 155 155 234 235 141 153 79 231 218 70 151 150 75 148 77 86 86 75 219 156 217 140 141 143 146 151 154 117 226 154 154 154 154 154 120 122 121 146 146 146 147 148 148 148 148
150 228 229 230 153 152 152 152 152 152 152 152 152 152 152 152 152 152 154 154 232 232 158 233 10 232 231 233 234 233 19 231 235 237 240 170 47 37 166 165 154 154 154 154 154 154 154 240 150 153 245 243 246 162 228 147 147 163 59 76 220 62 80 82 219 219 219 89 29 89 215 33 215 11 11 10 119 3 243 234 104 104 160 164 170 177 112 217 148 76 214 148 150 156 163 164 168 172 174 176 177 5 7 10 187 189 192 192 194 196 200 24 202 21 28 31 33 185 209 209 209 212 40 37 215 215 215 215 215 215 215 215 215 215 215 215 218 218 218 218 218 219 45 221 225 220 221 222 252 218 218 218 219 220 220 220 44 220 11 218 218 219 218 218 43 12 42 42 42 218 218 218 40 40 70 38 73 46 74 212 49 208 6 76 203 50 202 53 77 53 53 250 55 134 131 51 239 72 129 126 250 47 48 65 163 69 70 161 73 58 58 73 220 60 154 143 153 155 68 221 85 152 219 76 76 77 76 212 157 139 158 219 220 142 144 148 151 185 227 118 233 234 234 234 234 201 231 121 146 146 223 147 148 148 148 148
228 143 229 230 153 152 152 152 152 152 152 152 152 152 152 152 152 152 154 154 152 152 187 149 156 149 148 149 198 149 233 234 236 157 158 159 157 157 225 226 154 154 154 154 154 154 154 67 166 235 56 245 166 248 147 164 253 252 141 251 156 253 220 82 41 41 215 22 192 44 211 212 213 93 189 91 120 7 38 239 235 234 79 166 89 97 112 217 147 149 150 153 155 158 163 166 251 255 2 4 180 254 123 185 187 190 194 197 197 17 19 200 203 172 204 205 207 209 185 209 209 213 196 215 215 215 215 215 215 215 215 215 215 215 215 215 217 219 217 44 218 219 46 48 70 220 221 252 221 252 218 218 46 220 220 220 220 221 15 218 218 218 218 218 218 26 215 215 216 220 16 219 41 216 43 213 41 47 12 13 76 75 7 207 54 79 203 137 137 197 55 193 136 134 50 51 50 132 47 46 251 129 67 227 163 162 162 227 162 76 59 223 157 61 222 63 153 155 153 84 236 74 153 77 79 148 145 75 86 139 139 139 140 142 145 150 151 225 234 152 234 152 152 234 228 150 120 126 146 147 146 147 148 148 148 149
148 230 148 148 153 152 152 152 152 152 152 152 152 236 155 152 152 152 154 238 157 152 187 150 14 192 148 235 20 151 159 160 238 157 37 242 157 169 242 44 166 154 154 154 154 154 168 153 55 71 234 168 249 248 166 62 64 252 142 142 252 61 62 254 80 81 149 79 57 77 204 205 205 44 44 201 203 90 2 246 243 240 84 87 92 99 197 215 147 151 154 156 242 160 247 165 106 255 4 6 9 204 132 185 188 191 196 198 200 155 29 200 31 33 34 34 36 37 186 209 37 41 196 215 215 215 215 215 215 215 215 215 215 215 215 215 215 215 215 43 45 218 219 225 48 219 221 252 252 224 218 218 47 220 220 220 220 49 15 218 218 218 218 218 48 28 58 216 217 48 69 18 70 15 43 213 43 47 75 12 37 11 78 209 56 10 81 80 55 3 140 53 136 49 183 51 134 133 48 47 48 66 165 68 163 228 228 162 142 245 78 61 243 63 224 223 239 225 237 153 237 87 153 90 79 220 218 159 225 225 214 140 141 228 147 150 235 188 151 228 235 236 236 228 234 235 125 149 149 148 230 134 229 148 148 149
142 140 148 232 153 152 152 152 152 152 152 152 152 151 255 152 241 154 154 154 15 238 152 14 151 151 151 151 151 238 240 28 153 158 159 50 157 157 158 46 229 168 48 154 154 168 240 154 154 58 150 247 64 248 250 147 147 147 252 228 254 138 255 254 81 58 249 246 137 73 198 54 134 77 54 193 195 197 22 41 249 245 89 92 97 104 113 131 232 152 155 157 158 159 162 251 166 171 4 176 10 182 182 185 17 192 196 199 201 202 23 201 201 26 32 33 206 39 186 208 209 43 215 215 215 215 215 215 215 215 215 215 215 216 216 221 215 216 216 215 217 49 67 51 242 220 221 252 251 252 218 218 219 16 220 220 220 220 15 50 218 218 218 218 219 28 45 216 50 218 218 40 216 71 44 214 214 48 15 13 12 209 208 209 83 83 206 9 83 56 195 139 136 14 136 73 135 49 50 49 49 232 167 50 165 53 55 163 163 60 231 161 62 63 226 155 224 67 152 152 153 153 153 153 92 76 161 85 162 140 226 228 142 229 146 234 148 236 237 193 234 227 234 234 236 234 235 235 210 148 128 147 149 150 149 151
152 145 236 151 153 152 152 152 152 152 152 152 152 152 2 156 3 151 154 154 153 154 160 160 152 152 151 151 25 151 152 161 241 246 247 51 244 246 247 172 51 231 168 246 238 237 168 154 154 154 169 64 241 67 84 66 149 45 86 141 66 140 87 66 251 247 79 245 245 74 240 73 194 74 51 127 192 195 197 1 1 171 101 172 102 106 115 219 145 240 155 245 232 249 251 165 168 172 173 8 179 14 16 187 22 25 196 199 33 34 158 33 202 164 34 37 39 209 210 44 188 212 46 215 215 215 215 215 215 215 46 47 215 48 49 53 215 48 48 215 49 217 218 51 222 52 53 84 53 81 14 15 49 40 52 220 16 220 51 220 53 53 53 60 53 29 28 216 52 19 51 71 17 47 74 18 216 49 77 77 50 210 212 17 86 59 13 58 81 56 55 141 137 247 72 179 49 7 138 49 50 167 72 236 236 55 166 166 166 63 61 233 64 64 151 154 83 155 156 161 227 241 241 153 241 165 73 73 85 140 89 218 228 142 235 237 149 101 237 229 195 235 229 228 229 234 147 230 149 150 152 236 151 152 153 241
243 236 149 156 153 152 152 152 152 152 152 152 152 154 153 176 152 152 153 154 244 245 191 153 152 152 152 152 152 152 30 207 164 244 245 40 245 247 250 64 249 233 154 156 170 71 153 154 154 154 244 79 81 240 249 67 166 89 86 161 230 229 87 87 84 82 248 245 246 243 240 238 48 72 98 242 189 191 199 25 182 7 108 108 108 109 115 129 144 151 156 157 159 162 164 166 170 173 8 175 179 182 184 187 188 192 197 199 199 201 158 200 202 170 203 204 207 209 211 212 213 212 43 47 44 47 203 35 45 46 208 46 49 49 49 49 49 215 215 216 216 218 218 219 242 51 53 85 53 53 39 1 217 217 220 221 12 220 220 220 220 220 220 220 221 29 218 218 218 218 219 219 40 215 218 47 139 49 213 212 51 211 212 212 19 149 148 145 200 146 55 51 48 248 247 72 49 48 8 139 71 170 171 75 76 77 167 167 63 64 64 253 63 65 63 155 156 155 244 85 242 154 93 230 229 166 144 142 143 144 144 83 220 232 236 238 229 190 238 195 111 236 230 201 200 234 237 147 150 153 153 152 153 154 155 156
148 147 155 156 153 152 152 152 152 152 152 152 152 154 153 176 152 158 244 152 158 158 24 244 152 244 152 152 161 152 205 162 245 38 154 153 153 154 157 64 248 53 169 70 56 167 74 60 245 168 79 240 240 241 86 167 68 86 249 158 230 66 88 88 64 148 85 144 248 246 244 240 102 238 99 240 122 191 107 114 12 30 113 114 116 117 120 132 237 152 156 159 161 163 166 168 171 10 173 175 179 7 184 189 28 31 34 199 199 29 37 200 37 202 205 207 207 45 46 189 48 191 26 46 209 209 209 209 209 209 209 48 214 214 214 55 49 50 214 51 216 221 221 54 78 54 219 81 224 219 220 1 14 217 57 57 50 220 220 220 220 220 220 220 57 220 22 23 36 220 220 220 41 53 54 47 78 52 213 212 80 211 212 212 151 85 57 200 148 147 80 145 50 251 73 181 50 141 241 70 171 170 171 171 78 170 242 170 171 66 65 63 156 156 154 154 248 232 229 150 151 154 233 78 91 77 169 90 144 145 225 96 85 140 235 235 236 236 237 111 145 230 237 229 234 236 147 151 152 155 156 136 154 155 156 157
156 147 247 247 153 152 152 152 152 152 152 152 152 154 153 176 152 18 155 244 21 16 156 149 30 244 245 152 152 152 206 163 248 213 154 154 154 154 169 227 156 156 72 233 72 72 71 69 54 53 71 234 159 159 78 79 158 82 81 80 80 223 223 63 85 85 62 216 249 117 247 242 104 241 242 54 243 100 108 114 116 117 119 119 120 122 125 135 144 153 157 159 163 165 168 171 173 174 175 178 181 182 185 189 192 31 35 36 37 40 199 200 201 203 206 47 47 209 209 188 49 191 190 209 209 209 209 209 209 209 209 211 214 214 214 219 212 214 214 215 217 236 237 218 218 219 220 83 219 220 220 1 41 217 220 220 220 220 220 220 220 220 220 220 220 221 26 26 221 38 39 58 42 55 56 140 215 215 213 212 212 212 212 212 59 20 57 11 149 54 6 145 143 142 72 249 142 141 139 7 9 10 171 171 171 171 61 170 9 160 158 83 64 64 157 248 248 84 83 83 153 154 155 79 151 92 79 92 145 242 85 145 86 140 234 235 236 227 144 238 197 238 238 115 143 145 149 153 157 158 159 144 140 247 157 157
156 148 148 247 153 152 152 152 152 152 152 152 152 154 173 11 248 14 179 148 149 151 186 245 23 157 246 247 152 154 154 154 154 213 154 154 155 156 158 55 157 171 72 169 71 71 69 62 60 228 47 228 70 69 47 222 69 67 66 65 209 208 208 210 54 213 140 213 61 211 85 83 83 130 56 198 59 102 109 117 119 122 124 124 125 127 131 139 146 154 158 1 164 168 172 174 103 176 177 180 182 11 185 29 31 192 196 199 39 201 200 32 201 36 46 180 208 208 209 210 211 194 194 210 46 209 210 210 210 210 210 211 53 53 53 59 52 53 216 215 220 218 238 218 218 220 221 223 227 227 220 42 18 218 60 220 220 220 220 23 220 220 220 24 220 61 62 62 133 60 133 59 42 215 218 23 79 215 23 146 51 52 212 212 59 210 57 81 39 53 52 145 72 144 47 47 45 46 139 7 8 10 11 78 58 171 83 246 170 162 64 241 66 65 64 64 152 151 151 85 249 250 250 174 247 151 176 244 95 97 232 87 86 226 139 236 91 141 143 231 110 231 143 143 146 150 153 155 161 163 254 161 147 238 252 251
243 249 248 148 153 152 152 152 152 152 152 152 152 154 173 152 151 151 251 151 151 151 187 149 149 26 150 152 153 156 157 157 157 215 156 156 157 158 228 2 60 232 231 74 70 69 67 61 58 142 56 218 41 58 58 211 40 59 55 54 52 117 53 193 196 64 122 196 44 196 125 50 76 121 193 196 198 202 110 118 121 124 127 131 130 133 136 142 149 157 160 162 166 170 173 175 178 8 180 182 182 183 185 141 189 34 37 40 198 201 200 159 43 172 39 49 50 44 51 53 53 54 54 212 212 212 212 212 212 212 212 54 54 54 213 218 210 213 215 218 233 220 240 219 219 220 221 223 253 255 220 220 219 219 220 220 220 220 221 222 222 27 65 125 220 220 220 220 220 133 57 219 74 220 25 144 58 26 147 146 209 53 212 212 59 52 58 53 199 154 149 145 183 253 145 47 142 68 43 166 168 245 171 173 156 171 171 64 170 66 64 65 66 160 65 64 233 151 151 151 151 153 236 153 79 151 79 148 148 148 235 88 86 183 139 140 141 232 241 99 140 143 145 145 150 154 157 162 165 3 143 161 242 238 254 242
242 249 247 244 153 152 152 152 152 152 152 152 152 154 173 151 151 252 151 151 157 152 188 149 150 32 153 155 156 1 157 158 159 159 158 53 157 158 227 158 158 232 231 74 69 225 65 59 55 50 45 24 46 47 46 197 197 47 43 41 38 181 40 40 178 179 179 179 179 180 181 59 181 36 180 182 187 200 211 120 124 129 133 38 136 138 143 147 152 158 163 165 170 174 176 178 180 181 182 131 183 31 187 187 189 35 39 42 198 201 36 200 168 201 201 46 50 207 209 210 186 209 212 213 197 212 212 212 212 212 212 212 212 212 212 219 211 214 60 73 73 62 64 218 218 219 220 223 92 50 0 220 220 220 220 220 220 220 222 222 222 62 222 126 63 64 64 219 34 216 216 219 219 143 217 26 45 146 146 55 81 55 56 56 89 23 57 154 201 54 47 45 147 46 72 46 42 244 42 167 171 171 16 18 172 61 172 86 67 249 86 244 65 160 67 65 81 82 151 151 152 154 153 153 153 81 81 81 148 148 148 148 187 230 140 230 143 106 143 142 144 145 148 152 157 160 1 166 9 245 143 2 242 140 252 241
241 249 244 243 153 152 152 152 152 152 152 152 152 154 173 151 156 252 151 152 184 152 189 152 153 154 155 157 157 157 159 172 7 53 161 173 70 158 227 4 4 78 76 229 224 70 65 59 53 45 40 200 40 37 37 32 102 35 34 32 174 174 33 31 168 168 168 171 171 172 174 173 25 173 173 174 178 193 206 217 227 132 135 221 140 143 146 152 157 159 163 167 171 174 175 179 181 29 183 183 186 188 189 189 35 188 38 43 198 201 38 38 39 201 201 41 50 207 55 210 186 209 58 213 197 212 212 212 212 212 212 212 212 212 212 60 60 62 227 214 215 218 65 218 64 220 221 222 68 51 0 220 220 220 220 220 220 220 222 222 222 222 26 25 218 65 65 219 36 220 220 220 145 220 81 46 216 61 46 211 24 152 54 54 24 159 87 54 49 156 77 46 148 181 182 150 44 42 15 170 171 172 173 59 174 63 173 66 19 68 168 66 66 66 67 66 63 151 151 151 152 155 77 153 153 81 95 81 148 148 148 148 190 143 245 102 143 143 143 143 145 146 150 157 164 165 135 13 14 245 243 143 142 242 141 140
241 246 141 243 153 152 152 152 152 152 152 152 152 154 174 152 176 149 151 152 184 152 30 152 153 155 6 43 160 162 163 218 174 173 58 222 71 4 74 156 228 227 150 229 224 225 220 214 207 198 192 37 37 33 29 26 95 28 27 27 89 6 29 88 87 33 166 169 16 66 172 68 68 68 69 70 176 185 196 210 226 235 137 45 144 148 152 158 160 164 166 104 172 21 176 180 181 183 32 34 187 187 188 188 188 188 191 43 47 49 49 167 200 48 172 49 50 51 55 208 208 57 37 59 201 201 212 212 212 212 212 212 212 213 213 213 215 215 215 215 215 218 219 217 218 220 221 222 71 97 0 220 220 220 220 220 26 220 69 222 222 24 65 28 66 218 218 67 68 220 220 31 68 220 33 151 150 151 151 81 47 208 208 208 55 207 58 158 47 154 151 150 149 27 28 151 148 145 17 171 171 174 175 178 177 65 175 174 174 69 68 68 249 68 67 66 63 151 151 151 255 1 153 153 153 82 81 82 238 147 147 148 102 102 237 92 143 143 143 110 144 149 154 158 164 13 165 164 164 244 241 255 1 240 253 250
241 240 246 243 153 152 152 152 152 152 152 152 152 154 174 152 176 150 181 152 27 152 153 154 154 155 159 161 163 164 165 166 221 174 60 61 223 223 156 170 63 228 227 78 226 225 220 215 208 201 195 188 35 30 25 20 18 169 85 24 24 168 168 6 6 7 60 61 168 170 172 68 68 68 69 70 72 183 188 201 223 236 137 65 146 151 155 8 163 167 170 172 174 175 178 180 31 33 184 186 39 26 129 235 188 38 41 42 45 47 49 49 49 199 201 51 51 52 55 58 189 208 209 60 61 61 212 212 62 212 212 212 212 213 213 213 217 215 215 215 215 219 70 220 220 225 70 220 227 70 46 220 220 220 72 28 28 56 70 71 30 129 30 130 67 218 218 217 138 66 66 75 69 34 81 81 152 80 45 81 81 208 208 208 55 207 163 159 17 153 150 4 150 43 255 254 148 65 17 171 172 175 178 179 29 66 175 2 174 70 69 91 68 68 67 170 151 239 1 151 151 152 243 153 153 82 151 243 85 189 251 252 145 90 102 102 143 239 143 145 145 151 156 161 14 165 16 145 9 242 239 136 255 239 251 250
239 241 244 241 153 152 152 152 152 152 152 152 152 153 174 152 176 151 181 151 31 152 153 154 154 156 162 165 166 167 167 179 223 221 162 174 74 156 156 226 154 169 79 227 145 225 220 66 208 204 198 41 35 26 20 16 78 76 246 75 248 159 160 255 165 86 168 38 86 167 169 175 70 72 72 72 74 183 79 90 219 237 138 143 147 152 156 160 166 170 8 174 176 178 179 181 125 183 186 186 188 27 187 187 40 242 29 31 42 43 46 37 47 50 52 52 200 52 54 58 208 208 57 209 209 209 63 63 213 209 65 210 64 66 212 212 214 215 215 215 215 71 220 71 90 92 226 72 97 219 220 220 220 220 222 11 28 218 219 71 72 72 131 22 68 217 30 31 31 215 215 215 68 42 216 216 46 29 46 47 208 207 59 208 55 27 162 160 155 45 151 72 42 150 70 151 39 18 167 172 24 176 29 31 7 175 28 91 69 92 69 70 68 15 176 63 240 151 153 87 152 152 153 153 96 82 153 85 150 85 84 145 145 89 250 238 249 250 144 146 150 154 157 13 164 16 16 11 243 240 237 236 235 236 250 246
240 239 242 238 153 152 152 152 152 152 152 152 152 153 174 152 176 5 29 37 36 4 154 154 8 160 19 165 167 168 168 222 179 223 162 63 222 223 156 65 170 82 226 227 146 227 223 215 211 206 200 188 180 172 165 12 6 4 236 151 5 148 150 154 163 170 87 37 82 163 167 174 180 185 188 79 78 79 83 202 106 128 249 145 148 151 10 160 167 172 173 29 31 179 180 36 37 185 119 187 188 139 187 28 187 145 147 187 33 42 44 44 45 47 50 51 53 199 201 56 59 63 194 209 209 209 63 211 68 208 67 209 210 67 214 215 69 215 215 215 215 72 220 95 73 94 72 219 220 220 48 220 220 220 222 12 12 219 219 219 30 30 64 64 217 30 218 71 31 69 216 217 41 215 33 70 46 46 46 47 27 207 206 208 165 166 54 50 155 153 149 32 150 149 150 150 147 18 19 23 24 28 176 31 32 66 67 177 71 70 70 71 68 87 86 66 245 154 154 155 248 92 153 7 155 100 85 100 248 197 85 242 145 89 90 141 142 142 254 149 154 156 157 160 16 241 8 139 243 240 236 234 234 247 246 248
129 128 239 237 153 152 152 152 152 152 152 152 152 154 174 152 176 7 153 183 150 151 154 155 155 160 165 166 179 26 169 169 168 226 176 19 226 156 156 156 227 228 82 82 81 143 225 221 215 210 205 192 183 176 168 159 152 148 150 236 5 236 34 148 156 165 8 35 35 35 8 163 168 176 184 191 80 83 86 91 220 128 139 147 149 153 156 162 169 172 173 31 178 180 181 182 183 187 28 122 44 139 189 30 187 187 187 187 252 43 43 187 45 46 48 52 55 199 174 201 58 63 194 209 209 209 209 67 212 212 212 209 211 69 215 221 215 225 215 215 215 218 240 240 219 219 72 219 222 255 220 220 220 220 222 223 13 58 127 128 29 61 72 74 26 27 219 72 32 216 216 218 219 42 81 81 45 45 82 47 47 208 208 208 55 167 165 49 44 153 37 31 148 66 65 36 37 163 165 168 170 176 177 177 179 68 92 177 71 183 70 182 68 88 252 89 70 157 71 12 156 251 154 156 158 158 104 201 86 248 150 87 145 89 242 104 254 142 145 151 12 13 158 8 236 133 134 14 241 238 234 126 234 125 124 243
242 242 239 239 153 153 153 10 152 152 152 152 152 12 27 152 176 156 152 35 153 154 163 156 167 159 165 177 170 68 170 182 72 72 225 176 84 157 15 15 70 86 66 224 160 65 82 80 76 212 205 196 48 181 171 162 153 147 60 234 34 34 35 240 151 158 163 50 178 75 7 46 77 166 179 188 80 85 200 91 107 242 144 73 242 153 158 165 30 32 35 177 180 181 182 185 186 188 189 33 31 46 50 131 33 187 45 147 136 182 183 44 187 188 49 52 48 57 179 59 202 62 65 67 210 210 210 211 68 212 212 68 69 212 72 79 73 81 215 218 215 218 225 93 76 76 217 219 79 105 29 220 220 220 220 32 58 78 14 14 215 215 215 218 69 69 219 219 220 35 76 77 36 157 156 43 81 81 32 84 83 208 32 66 169 88 166 163 157 154 35 34 148 254 252 150 65 163 24 169 171 177 177 177 181 71 95 179 74 71 70 91 68 22 183 160 72 72 74 91 158 156 194 15 102 0 0 104 88 9 89 101 246 202 99 141 141 145 145 10 154 157 16 121 156 155 155 242 124 123 118 247 232 233 245 234
128 120 239 126 154 16 16 154 152 152 152 152 152 152 154 154 33 153 14 153 154 156 44 16 158 20 166 214 30 172 185 86 171 183 86 226 72 174 157 72 173 87 165 85 159 83 81 79 74 71 207 201 195 185 176 167 156 150 145 236 35 60 34 62 153 159 162 164 178 177 47 10 162 164 172 183 193 199 87 92 223 242 3 149 56 154 19 26 171 107 176 179 181 182 183 186 187 189 191 125 124 187 52 250 248 47 147 251 251 42 44 45 46 48 48 44 55 58 178 59 62 204 60 67 70 71 70 61 71 71 71 210 71 73 213 73 213 214 217 229 216 218 237 216 239 218 218 219 111 226 79 79 80 80 219 56 218 218 12 75 215 216 216 219 220 220 220 220 220 153 38 155 80 76 157 158 72 74 35 34 210 210 53 207 54 204 52 163 157 38 150 149 169 35 35 35 165 164 166 170 32 36 38 39 42 71 179 179 74 187 170 169 68 164 69 161 73 72 74 156 157 255 80 254 15 100 155 156 88 151 204 202 100 98 246 91 143 145 146 12 155 157 157 121 156 156 156 242 238 254 234 231 232 232 246 244
234 127 123 126 16 153 15 19 152 152 152 152 152 152 154 154 154 37 16 152 154 18 18 156 158 160 27 168 169 33 34 225 184 90 89 28 76 227 73 174 74 227 225 224 221 219 219 78 74 236 208 206 200 190 179 171 159 154 148 38 39 38 38 38 39 40 42 163 48 11 78 180 45 45 170 178 189 198 206 94 107 243 3 12 13 154 159 27 32 173 38 40 42 44 46 47 188 52 241 140 124 188 39 129 33 183 45 250 181 251 32 43 46 48 41 50 52 194 60 178 62 65 188 67 207 208 200 200 208 73 208 69 71 209 212 214 215 76 78 216 216 80 99 78 96 218 80 81 113 106 225 79 80 81 218 218 218 218 13 215 215 77 77 219 220 220 39 82 153 79 216 215 39 76 79 41 41 72 71 209 72 35 88 208 55 88 51 44 156 154 65 32 255 31 65 64 252 26 27 170 172 36 37 180 182 189 180 16 98 70 31 169 69 6 70 162 94 73 93 158 22 159 158 200 0 156 18 105 88 206 203 6 202 140 141 141 144 145 146 14 18 10 19 121 18 156 245 242 238 116 115 117 112 113 126 233
244 244 126 127 152 152 16 152 152 152 152 152 152 153 154 154 154 153 160 154 18 154 155 157 159 24 26 32 171 171 171 225 184 90 89 164 165 94 24 228 21 229 227 224 221 220 219 216 209 139 71 69 63 188 43 173 166 157 154 247 42 155 40 40 40 41 42 44 48 53 19 19 54 85 54 175 183 195 86 94 106 243 0 11 15 17 22 28 169 174 39 39 177 182 183 184 188 37 137 190 139 188 53 249 34 33 45 141 44 31 255 43 44 47 49 51 53 195 61 173 198 201 68 69 195 71 72 69 202 72 74 71 209 74 76 83 81 214 79 82 93 80 221 215 79 80 217 218 218 218 109 216 218 218 218 218 218 219 13 215 215 215 215 219 220 220 31 75 31 80 77 79 159 158 159 81 40 72 32 72 73 170 72 89 175 53 170 164 37 155 37 32 167 167 65 165 254 164 165 170 36 173 175 44 182 70 44 192 41 71 93 169 71 72 71 5 162 73 158 159 159 159 5 82 100 155 156 90 87 86 83 143 84 141 142 144 145 146 11 15 19 126 21 121 157 135 125 243 239 4 236 233 112 113 112 244
123 122 247 125 152 154 151 151 152 155 152 152 152 153 154 154 154 181 154 19 153 163 155 24 26 160 26 31 36 75 36 37 91 222 162 178 179 77 160 231 157 96 228 224 222 221 218 216 211 207 70 64 57 51 44 175 171 159 22 152 41 41 41 41 41 2 42 45 170 174 176 59 60 195 54 56 61 72 208 94 227 242 253 9 13 19 157 162 34 40 110 175 178 47 182 185 37 188 54 56 125 188 187 249 248 247 139 31 42 251 41 42 43 45 48 153 189 61 197 180 199 201 69 204 73 70 69 205 208 208 75 209 209 75 76 210 211 216 215 81 215 215 215 215 215 81 83 218 218 218 218 217 218 218 218 218 218 218 135 215 215 216 215 219 150 221 154 76 153 75 80 157 158 158 75 81 80 161 72 208 35 170 71 73 175 88 49 163 157 155 64 65 32 167 166 0 66 165 33 171 173 174 177 179 181 70 18 96 71 192 171 171 96 74 74 75 74 6 74 159 158 24 24 158 158 158 106 8 89 88 86 144 86 143 145 11 108 144 147 152 21 12 155 156 158 135 124 120 238 253 234 246 116 234 233 246
124 123 124 248 152 154 151 151 152 163 152 152 152 152 152 22 22 22 49 19 20 23 24 157 159 160 29 32 34 35 75 34 88 177 29 91 93 175 175 95 24 98 230 225 73 224 220 86 79 74 69 60 55 50 101 177 174 159 21 42 42 42 42 42 42 72 167 46 170 174 178 181 61 93 59 59 61 74 85 95 104 241 253 8 13 20 158 30 168 173 174 23 45 48 49 184 188 188 188 188 189 141 40 250 138 125 176 126 175 252 42 42 176 47 50 54 190 62 65 67 200 202 65 204 205 71 206 73 208 208 208 209 209 210 211 84 212 83 216 84 98 221 235 215 215 220 84 216 216 216 216 216 84 86 218 218 217 86 13 215 215 83 216 219 74 87 155 84 30 213 36 75 35 77 36 209 36 40 33 76 47 48 173 72 174 51 48 40 34 32 30 170 33 66 3 36 165 165 168 173 175 176 46 180 182 181 70 177 98 70 171 171 171 74 168 99 167 78 77 159 158 160 159 83 102 25 26 159 90 105 89 87 87 144 145 145 146 148 150 154 155 116 156 157 158 158 249 243 113 252 111 110 249 232 233 247
126 126 126 124 152 156 152 152 152 152 152 152 152 152 152 152 152 180 151 45 151 154 53 156 157 159 160 31 33 82 31 32 88 71 26 157 173 157 173 94 22 170 96 94 224 225 221 218 212 205 200 192 185 178 76 178 175 160 153 72 72 42 43 42 162 164 42 171 171 173 177 180 185 60 201 60 62 74 85 220 230 116 128 139 143 151 159 163 167 40 216 218 46 179 182 182 54 58 188 188 124 250 125 123 250 123 175 137 251 172 172 172 174 47 182 55 59 62 65 68 69 69 201 53 73 75 73 76 75 206 77 79 79 80 81 214 212 83 85 219 88 101 235 215 215 215 215 215 215 215 215 215 215 3 217 217 217 217 13 214 215 215 216 218 42 219 30 75 76 77 37 211 34 209 37 39 210 169 206 208 172 83 45 71 175 173 172 40 35 33 32 67 66 168 169 70 5 167 170 174 176 18 179 180 23 97 70 21 47 96 172 19 170 75 168 169 170 81 81 79 78 161 12 84 101 104 8 27 91 216 105 149 89 15 15 15 147 152 153 153 155 25 155 157 157 19 250 241 238 116 253 250 237 107 120 123
126 254 126 124 152 156 152 152 152 152 152 152 152 152 152 152 152 180 151 152 23 27 156 156 29 32 160 32 69 81 157 30 72 171 155 89 26 171 92 74 93 20 95 96 94 75 222 218 85 207 200 192 185 49 101 178 177 169 161 159 73 43 43 71 170 170 170 170 171 46 178 54 57 60 62 62 65 75 87 95 105 118 129 139 145 153 159 164 168 169 89 174 29 178 53 182 37 59 120 60 44 139 125 123 123 123 176 35 125 44 172 172 46 37 51 56 59 190 192 195 196 197 73 187 202 61 72 75 74 76 79 206 208 208 208 83 84 84 85 215 87 88 215 215 215 215 215 215 215 215 215 215 215 3 217 217 217 217 13 214 216 17 216 218 26 43 90 75 213 77 158 81 162 38 80 167 210 170 37 36 171 33 83 199 46 29 45 40 37 37 35 34 9 170 169 169 72 42 174 177 178 89 53 26 181 180 198 97 176 174 21 102 45 172 170 170 171 83 83 81 81 14 162 86 104 157 11 11 106 217 151 24 91 147 146 146 150 152 153 28 156 155 158 157 157 125 120 238 109 4 237 110 115 108 121 252
127 252 255 127 152 156 152 152 152 152 152 152 152 152 152 151 152 153 153 183 150 26 30 194 155 32 34 206 208 31 158 172 87 88 88 88 166 73 23 92 20 94 94 91 91 92 92 89 84 80 75 66 59 53 51 101 52 173 168 162 159 158 71 41 162 41 41 42 43 46 182 28 58 60 62 67 72 80 91 97 111 125 135 141 149 156 159 162 168 170 113 175 178 178 180 182 58 60 61 45 253 185 254 122 121 252 34 254 46 136 34 34 46 47 49 56 60 62 65 67 195 72 75 74 201 192 188 190 200 76 77 79 80 81 208 82 84 85 86 88 101 215 215 216 239 215 215 216 217 250 224 215 215 218 218 217 217 217 13 215 215 67 90 92 154 156 157 88 88 30 28 208 208 77 208 208 39 171 170 170 171 73 42 197 176 175 44 172 39 76 17 16 39 176 176 175 15 175 176 177 53 180 183 68 69 181 70 177 176 72 174 75 173 78 22 170 170 107 84 84 81 162 165 88 89 160 110 91 89 219 151 151 151 151 25 150 151 27 154 18 30 20 30 158 255 22 250 241 239 106 128 128 128 112 241 252
127 118 255 2 152 32 152 152 152 152 152 152 152 152 152 158 159 29 161 184 151 152 154 60 156 156 32 159 207 170 32 72 31 74 212 26 149 147 147 215 142 93 90 90 86 67 87 86 82 79 198 191 183 52 52 49 49 48 45 163 162 159 160 174 8 42 42 42 45 48 184 188 60 60 63 71 78 88 98 107 120 130 140 22 152 157 36 163 169 26 173 175 178 179 180 182 183 60 61 61 253 61 255 121 255 253 33 132 45 46 126 137 168 171 173 55 60 61 65 68 194 71 74 199 76 191 76 194 200 202 201 202 202 78 79 207 85 211 211 217 90 91 215 93 110 217 218 249 219 251 215 215 215 94 94 217 217 40 145 215 215 91 92 42 72 72 73 40 88 161 28 37 37 81 82 207 37 37 81 39 198 32 32 71 32 194 44 42 41 183 42 78 42 178 178 178 178 180 181 58 182 60 184 99 70 181 69 202 51 98 174 75 50 105 173 172 25 86 86 87 86 20 166 90 163 162 21 93 92 14 153 14 14 152 152 114 16 152 31 31 156 117 155 34 255 122 248 108 106 128 128 128 128 112 112 123
127 119 126 128 153 152 152 152 152 152 152 152 152 31 153 177 48 151 30 32 31 31 33 34 156 156 156 37 158 206 154 208 153 154 214 211 90 25 165 91 20 93 91 89 86 86 86 85 81 77 75 68 182 176 53 171 48 48 43 52 13 164 162 8 72 42 42 45 46 47 51 56 39 62 67 75 83 92 105 115 126 134 141 146 153 158 159 164 169 86 173 177 179 58 60 183 183 183 42 61 61 183 0 255 40 174 119 33 167 124 126 167 169 49 51 54 59 62 64 68 69 72 74 75 71 76 199 79 201 78 202 78 80 205 202 84 87 88 90 226 213 91 92 93 216 95 98 219 250 120 216 216 226 215 216 218 218 218 65 95 70 216 42 19 40 40 157 87 75 161 86 162 83 75 82 84 169 79 36 172 172 171 31 71 72 72 179 43 185 42 24 182 44 82 83 180 181 27 182 182 182 182 182 184 71 181 69 69 24 51 24 51 52 52 174 107 172 171 26 110 170 91 26 92 164 93 111 94 19 93 156 96 153 153 153 154 104 153 153 153 34 155 157 158 121 253 248 110 109 131 110 4 129 129 129 129
129 129 130 132 153 152 152 152 152 152 152 156 152 152 153 56 152 160 50 30 30 30 32 34 35 155 158 38 171 87 155 209 153 154 93 91 146 92 74 92 19 19 92 89 85 85 82 81 77 74 73 69 182 56 54 51 47 45 191 190 190 167 166 47 166 76 43 45 47 49 53 194 61 63 68 75 84 230 242 117 127 135 142 147 153 158 160 165 169 86 53 178 180 179 60 63 183 183 132 44 62 61 255 57 120 174 0 120 167 124 5 48 49 142 52 150 56 181 64 67 187 71 73 75 183 76 75 199 200 197 203 200 202 85 83 84 86 88 210 103 217 92 92 214 217 217 219 218 226 96 218 228 255 215 216 218 218 219 44 43 99 45 20 43 41 154 72 208 161 25 37 74 74 202 204 40 169 81 170 76 34 193 193 193 193 33 72 190 82 30 45 185 29 185 186 31 184 56 182 62 62 30 62 64 71 31 98 69 67 67 51 52 172 28 53 218 51 29 52 172 31 228 112 168 92 112 163 96 95 95 156 96 153 153 153 154 104 33 153 121 155 155 157 29 1 252 249 119 112 135 113 134 134 134 135 135
135 135 136 138 153 152 152 152 152 152 152 151 153 154 154 176 153 180 177 149 148 149 159 151 164 35 37 38 39 88 36 36 154 154 80 212 211 93 26 210 21 93 92 88 87 84 81 134 77 73 74 189 66 177 173 170 48 164 43 189 51 20 53 171 170 169 45 46 48 52 55 60 199 64 68 213 223 94 243 255 130 136 144 148 154 159 160 164 169 87 172 59 62 180 180 63 183 183 252 252 62 180 1 59 134 1 0 0 50 5 47 136 166 48 51 54 56 61 64 184 68 69 71 76 195 195 78 80 80 82 84 200 201 87 202 202 205 208 92 95 111 212 211 214 218 218 128 98 99 218 218 255 255 215 217 147 100 101 102 156 46 157 155 96 155 207 90 73 73 207 25 38 74 202 37 171 168 81 170 195 34 194 195 41 194 44 44 191 190 34 191 37 91 34 54 55 184 32 195 61 29 62 30 62 206 204 56 203 201 201 49 95 48 49 49 101 49 52 223 52 53 111 169 170 95 233 231 163 96 114 24 98 156 116 155 24 104 153 153 153 156 155 157 4 120 115 111 139 139 14 14 139 138 139 140 142
142 142 137 142 37 153 152 154 152 152 152 36 38 154 38 60 55 153 57 152 35 162 61 149 35 35 38 156 75 155 168 154 154 80 214 214 211 212 95 75 158 94 92 68 204 84 81 54 75 72 235 71 65 60 57 53 165 46 44 80 15 190 192 53 52 18 45 186 48 190 193 198 62 205 68 74 224 236 245 0 131 139 28 33 154 44 47 165 170 87 56 176 179 180 180 180 67 183 114 114 179 46 255 58 41 0 116 129 130 164 48 48 164 49 167 54 57 61 64 182 68 70 72 76 60 75 78 81 80 75 80 83 85 202 86 204 90 92 208 103 211 212 216 214 101 126 216 216 225 100 101 129 128 215 99 63 64 64 215 99 44 155 157 155 93 19 19 208 41 41 76 26 202 202 202 168 34 34 75 196 174 194 36 83 195 39 46 193 36 77 195 55 192 196 54 195 194 194 194 194 194 58 90 197 86 193 17 193 192 80 39 14 42 44 19 46 47 49 103 165 107 50 52 169 33 95 163 114 96 46 118 240 24 155 156 119 104 153 153 153 39 39 157 6 120 116 17 141 122 141 142 144 144 145 26 147
28 29 142 146 152 154 152 159 152 152 152 152 39 39 154 61 151 39 160 38 151 63 160 150 150 150 39 89 156 156 207 154 154 170 170 213 211 212 211 210 96 210 207 91 87 84 80 78 75 184 69 67 64 59 56 52 50 46 44 12 45 188 48 188 50 185 185 43 46 191 51 198 203 206 209 75 83 95 105 116 131 140 144 148 155 20 47 50 169 34 173 176 180 104 180 67 183 183 182 49 180 117 116 113 56 130 131 37 37 130 162 47 38 49 51 55 171 172 63 67 61 71 72 74 76 189 190 78 80 75 192 195 84 85 86 88 204 93 94 104 96 98 231 215 216 120 128 99 100 216 102 102 216 216 215 215 215 214 215 215 14 155 155 208 40 94 73 41 92 165 74 75 39 88 170 168 26 74 194 81 35 193 36 78 79 81 196 195 49 193 42 197 198 195 195 33 192 85 193 193 191 190 18 188 12 184 183 180 180 29 30 72 31 10 37 39 42 46 47 49 49 50 53 54 168 95 163 163 50 118 101 101 98 40 41 41 118 26 153 40 154 156 157 121 121 118 23 23 126 143 146 146 148 148 148 149
34 147 144 148 152 154 152 159 152 152 152 152 152 152 154 175 40 152 60 151 152 39 66 152 152 164 152 43 156 170 95 42 155 213 101 213 83 213 81 212 209 210 207 205 202 198 192 55 189 70 66 63 60 58 55 51 49 159 155 46 46 46 18 50 17 186 42 78 187 188 190 196 201 206 208 219 84 95 249 118 131 140 4 150 43 47 48 52 169 35 61 65 69 249 68 180 132 183 115 182 117 118 115 58 169 168 43 115 2 128 50 35 48 162 52 54 58 171 63 66 70 71 185 73 74 74 75 191 80 81 193 194 82 84 84 88 91 94 207 208 97 97 98 102 104 242 220 212 244 213 249 129 102 101 103 215 215 66 45 103 13 43 12 208 67 208 165 74 21 165 39 90 75 170 73 72 35 194 194 194 34 82 80 191 80 80 196 197 194 195 40 195 89 194 192 189 60 24 190 190 187 185 182 176 172 167 166 163 10 10 11 13 14 178 19 23 27 32 36 43 98 48 52 55 115 116 95 163 162 163 103 103 101 99 153 153 104 250 41 154 157 158 157 132 121 119 117 118 119 144 146 148 137 149 148 149
149 150 150 151 152 154 152 159 152 152 152 152 152 152 174 59 60 153 153 153 187 161 40 43 154 196 152 154 156 82 207 154 156 104 151 214 150 88 149 217 213 212 209 209 206 202 197 195 191 185 179 176 170 166 166 163 161 54 157 45 46 46 46 162 41 164 76 21 40 188 190 194 199 204 208 216 229 96 251 119 131 140 144 150 155 158 159 164 169 110 173 177 181 250 180 180 52 73 182 182 118 118 117 113 169 169 6 129 38 39 130 158 160 52 53 163 58 61 62 66 69 70 73 74 169 73 76 78 80 81 83 194 194 84 85 87 91 94 207 208 208 209 209 213 105 216 123 213 214 213 103 104 132 254 225 103 151 102 102 102 103 160 69 160 205 43 208 208 22 165 165 87 90 169 85 85 194 194 195 194 34 194 193 83 39 82 85 86 92 194 193 192 72 83 187 184 55 183 178 172 58 168 164 157 78 76 31 71 99 246 247 249 250 252 255 6 15 23 29 35 39 45 49 53 55 57 242 116 54 166 39 105 103 102 30 154 119 106 153 154 157 160 133 39 12 121 30 130 124 31 148 150 152 152 151 151
152 154 156 45 152 45 152 152 152 152 152 152 152 154 154 154 161 154 46 46 154 186 150 152 153 196 152 153 204 156 170 46 87 104 169 44 152 152 152 221 218 216 85 215 212 208 204 201 196 190 186 183 177 174 172 169 166 164 160 157 46 45 46 162 41 41 165 41 41 41 190 85 196 201 204 215 227 96 105 119 134 143 39 153 156 159 161 165 170 173 174 176 180 126 180 72 74 132 53 73 136 136 118 117 133 47 116 166 116 117 39 159 161 135 162 56 60 170 64 65 68 179 74 75 173 183 77 187 77 184 83 85 85 84 86 89 200 95 98 100 208 118 101 104 107 126 220 213 106 106 106 106 133 105 73 211 151 210 210 213 46 161 43 68 98 71 43 166 167 165 164 195 89 169 194 194 37 86 195 39 35 40 195 40 193 42 42 193 86 195 191 187 183 181 175 168 43 171 164 155 153 78 143 137 128 126 124 122 121 225 226 228 228 231 236 247 2 7 17 25 36 44 49 50 53 164 96 97 56 56 56 253 104 159 105 156 107 123 109 155 159 53 16 158 121 131 131 152 135 152 152 154 42 154 155 155
155 155 156 156 152 152 152 152 152 152 152 152 152 154 154 154 154 154 154 154 154 82 73 48 165 47 79 48 155 171 100 84 151 153 89 170 171 152 152 115 114 91 218 219 218 214 210 207 202 198 193 191 187 182 179 177 173 170 166 160 79 21 46 163 43 41 166 41 78 191 191 181 48 49 202 212 77 246 108 124 137 143 149 155 159 161 164 166 172 175 176 177 74 181 182 52 74 131 180 180 180 183 15 15 121 136 120 119 46 118 119 162 162 45 57 164 168 171 171 173 175 179 76 170 71 77 74 79 178 78 187 190 190 190 193 195 93 96 99 101 102 226 209 219 107 215 240 213 214 247 223 107 106 106 1 63 2 209 105 70 12 45 161 44 162 42 69 39 67 13 36 89 69 87 37 87 88 194 88 30 88 194 195 86 44 195 44 87 197 195 186 181 176 173 165 158 158 157 77 143 141 137 126 119 111 110 107 106 103 209 210 210 212 216 223 235 245 251 4 11 29 40 48 156 161 164 96 97 163 250 250 53 253 52 158 122 107 36 50 156 52 132 53 158 122 154 41 137 50 156 141 45 157 157 48 51
153 49 157 154 153 155 152 152 152 152 152 152 152 152 152 152 152 152 154 154 154 187 152 152 152 151 47 153 51 203 151 151 153 155 156 217 152 152 152 222 149 221 143 116 114 215 212 210 206 73 203 200 198 191 187 183 181 177 171 164 160 45 46 60 194 193 25 25 40 40 193 46 47 200 202 214 78 95 6 25 35 40 48 53 57 162 164 168 173 89 176 178 179 183 129 130 181 182 183 183 183 183 120 121 122 122 122 119 167 134 166 166 166 166 168 146 67 172 173 174 175 75 77 79 170 76 77 79 79 79 81 85 191 191 193 197 95 97 99 101 104 103 104 108 108 213 240 212 213 246 212 212 212 212 213 153 63 105 46 161 108 163 68 12 11 11 163 65 65 92 92 167 89 70 192 192 192 192 193 191 88 90 194 41 46 91 91 195 194 188 178 174 170 166 161 157 78 147 15 137 130 123 107 99 99 97 205 96 51 200 97 202 203 208 212 224 236 242 255 6 22 37 45 51 57 60 116 97 249 248 114 52 52 156 155 37 156 156 156 156 156 158 54 124 124 135 44 156 157 159 159 159 160 145 157 146
157 158 52 50 154 155 152 152 152 152 152 152 152 152 152 152 152 152 154 154 154 187 152 152 152 151 150 153 52 87 153 169 53 156 215 52 152 172 152 99 223 223 221 219 115 215 215 213 212 210 209 206 205 198 193 87 186 183 177 172 165 161 59 197 59 192 24 192 40 40 40 199 80 200 49 61 230 249 7 24 36 41 48 157 159 63 166 171 73 89 176 178 77 79 57 80 81 81 136 183 81 183 120 139 21 139 21 120 170 170 170 171 171 133 171 174 142 172 173 72 175 75 76 77 77 179 167 178 179 181 80 187 191 191 193 197 205 95 98 201 100 103 207 106 108 212 212 212 213 246 212 212 212 212 213 0 209 209 107 47 109 70 206 71 10 67 9 38 165 38 167 13 89 192 192 192 192 192 91 191 88 90 92 86 41 91 45 193 189 179 171 167 165 83 75 147 140 133 144 134 123 110 95 194 95 93 203 195 198 199 201 56 50 52 53 214 224 233 250 5 121 36 147 153 157 162 164 96 94 93 33 153 154 36 52 119 55 156 40 157 159 133 45 124 125 158 160 132 160 162 148 162 162 148 152 47
47 47 52 48 153 152 152 152 152 152 152 152 152 152 152 152 152 152 154 154 154 187 152 164 191 149 150 53 154 154 154 154 154 54 155 216 215 115 50 51 49 122 220 220 217 134 158 218 215 211 208 206 203 195 93 88 85 81 71 175 171 163 162 59 57 192 192 193 196 42 198 46 40 46 50 61 75 249 4 23 135 42 50 57 160 72 66 170 75 50 177 178 179 55 54 55 78 80 80 59 78 78 78 80 21 19 17 67 69 72 172 75 76 36 173 75 144 172 174 174 176 176 177 164 177 178 170 79 180 183 182 186 89 190 93 197 198 102 199 98 202 204 108 214 208 210 212 213 213 212 212 212 212 212 214 2 3 47 210 69 165 46 206 207 167 68 10 196 39 10 191 193 17 191 92 93 75 192 192 79 91 189 91 92 38 193 86 190 180 170 162 80 152 144 137 131 122 245 248 123 114 204 198 194 52 196 195 195 43 43 44 48 52 54 57 59 222 227 243 3 23 137 149 156 158 162 65 96 249 156 111 154 155 100 152 37 54 123 155 57 60 161 123 160 160 161 161 62 55 164 145 165 148 147 148 147
148 48 46 45 153 152 152 152 152 152 152 152 152 152 152 152 152 152 154 154 56 78 152 79 150 152 152 152 154 154 154 154 154 154 173 117 53 117 169 99 147 122 220 220 220 96 218 133 218 212 209 206 203 195 191 187 85 81 229 178 176 166 162 158 157 34 72 34 38 198 199 46 47 50 55 65 78 93 104 121 36 140 50 58 160 166 167 171 76 248 77 54 52 254 74 119 49 120 48 3 68 68 68 70 70 131 16 65 68 71 73 75 75 147 75 76 47 67 77 175 152 175 78 165 180 78 169 80 80 82 182 186 90 92 93 94 193 96 96 195 102 105 121 109 209 212 214 245 222 212 212 212 212 214 214 160 113 112 210 165 163 6 106 47 10 10 168 196 11 9 191 95 94 191 19 191 93 192 42 42 185 88 88 42 191 191 187 183 171 163 79 153 144 134 121 116 109 241 245 124 214 208 204 201 57 197 48 94 197 46 46 50 55 59 60 63 67 89 86 102 125 141 153 161 163 164 44 252 249 38 55 37 55 115 100 153 156 158 14 58 60 161 123 159 137 161 141 54 63 65 149 65 65 49 151 150
148 145 44 39 152 151 152 152 152 152 152 152 152 152 152 152 152 152 154 155 163 56 164 82 164 151 56 153 154 154 154 154 154 154 215 151 150 148 52 169 100 220 144 222 221 220 134 134 221 214 210 208 204 198 194 187 183 179 230 82 177 167 162 160 158 34 33 35 38 41 44 47 52 55 61 68 82 95 107 123 134 141 147 155 162 71 73 77 174 79 248 249 246 245 244 243 241 55 244 55 55 56 55 58 58 59 120 60 62 64 69 72 74 75 76 67 78 175 175 177 153 176 156 81 82 169 69 72 167 176 86 90 90 92 95 96 98 194 194 197 200 203 204 110 209 212 119 148 212 212 212 212 117 159 51 80 113 113 50 6 5 6 107 107 169 169 169 100 172 38 191 192 41 95 191 191 42 96 79 79 28 187 30 190 189 186 182 178 166 80 156 148 141 225 215 115 208 82 85 246 218 215 208 206 202 105 56 199 198 46 208 54 59 62 66 68 77 85 101 120 136 150 160 165 167 168 96 93 92 39 92 111 151 151 57 119 44 61 157 47 157 65 65 29 63 161 161 133 160 161 66 66 63 48 157 157
148 146 141 133 152 151 152 152 152 152 152 152 152 152 152 152 152 152 60 61 91 151 84 164 85 151 58 154 154 154 154 154 154 154 102 120 170 121 120 121 50 50 145 128 126 126 136 136 222 217 214 211 207 202 197 190 184 180 70 177 81 168 165 81 161 77 27 36 40 42 46 51 56 60 67 74 84 100 112 126 137 143 149 157 163 72 74 78 51 247 246 242 235 232 25 227 224 36 36 36 16 87 34 37 40 42 44 105 48 52 58 66 70 73 75 77 68 78 81 82 176 177 156 175 84 169 70 169 169 177 87 89 90 186 95 190 97 193 194 104 202 108 110 111 113 116 222 119 140 212 212 212 212 212 225 147 207 208 115 167 68 68 45 166 65 102 101 196 11 39 191 192 192 192 43 191 191 44 44 95 27 43 191 190 186 182 180 173 0 157 150 144 234 226 215 210 123 122 84 91 95 96 222 211 205 201 106 58 58 49 52 56 63 68 81 88 100 113 127 141 150 161 164 169 173 125 100 97 94 93 252 57 151 151 58 60 121 63 158 127 63 64 134 134 159 67 58 142 161 146 162 60 58 59 59 63
148 52 46 35 152 152 152 152 152 152 152 152 152 152 152 152 152 152 154 154 184 152 153 87 165 152 152 155 154 154 154 154 154 154 215 214 214 168 100 214 143 143 104 222 220 219 163 136 221 217 218 150 213 207 202 197 190 184 179 84 81 169 167 47 166 73 34 40 43 46 50 55 60 63 70 76 87 104 118 132 142 148 153 35 71 74 76 242 242 236 233 226 216 210 203 196 192 2 2 4 5 5 6 11 15 21 24 27 32 37 46 54 66 69 72 74 76 169 173 82 84 86 156 82 85 73 71 174 175 178 87 180 183 92 94 96 97 192 194 103 108 109 110 113 206 209 120 212 151 119 223 119 119 119 162 116 208 208 208 5 205 48 167 42 195 4 194 103 71 9 99 100 193 193 45 185 99 189 97 187 43 189 188 187 184 179 59 169 160 153 144 143 234 231 221 216 215 126 91 113 131 139 13 71 219 205 201 52 52 57 64 71 78 88 104 111 125 135 150 156 161 170 173 176 179 132 106 103 98 94 89 150 151 151 151 61 62 123 65 127 156 159 161 59 162 162 59 161 137 161 162 161 159 159 145 158
56 51 39 28 152 152 152 152 152 152 152 152 152 152 152 152 152 152 154 64 184 152 63 63 90 166 94 65 154 154 154 154 154 64 173 105 213 102 168 216 145 144 143 107 221 220 221 46 222 222 221 100 216 209 207 204 199 193 184 177 171 169 76 37 75 166 42 85 45 46 50 222 65 65 70 78 89 105 30 44 144 149 66 93 72 74 75 239 230 218 217 206 188 180 91 84 20 125 18 232 235 234 234 237 241 246 254 8 15 22 29 39 48 55 61 137 72 78 152 172 174 176 156 174 80 166 163 174 177 88 87 89 91 94 94 192 97 102 197 105 108 109 201 113 115 118 120 210 151 119 119 119 120 120 149 222 223 118 52 118 170 201 2 2 42 66 43 174 104 69 69 192 46 102 185 186 75 75 188 43 41 186 185 68 181 176 9 83 157 148 229 25 114 232 229 229 227 222 94 129 161 175 62 42 81 218 80 70 83 79 90 99 107 117 131 138 145 152 159 165 171 174 179 182 183 113 111 107 102 96 91 42 61 151 151 63 121 154 51 52 156 70 59 72 73 63 143 63 161 162 162 163 67 153 68 60
147 51 40 28 152 152 152 152 152 152 152 152 152 152 152 152 152 152 154 154 185 64 65 152 152 195 152 201 154 154 154 154 154 154 214 153 215 148 216 217 59 133 109 144 143 223 224 137 224 225 223 102 220 215 212 208 205 201 70 188 180 173 166 211 74 209 210 212 213 48 53 56 63 67 72 81 91 107 120 134 144 149 156 93 160 72 237 230 215 201 197 180 164 155 151 146 107 142 104 212 215 215 213 218 223 228 237 246 252 9 22 29 37 42 52 60 69 76 80 84 176 177 156 175 82 174 82 174 178 178 178 90 91 92 95 101 97 101 191 193 107 196 110 113 203 206 119 120 120 208 208 208 207 221 164 220 119 208 3 52 115 2 2 0 64 195 6 173 103 106 72 105 183 184 184 73 99 100 100 25 21 16 17 16 12 177 172 157 149 142 26 115 115 155 114 109 239 235 142 132 177 192 80 75 35 239 94 102 104 111 120 130 137 145 151 155 161 164 170 176 180 183 185 186 190 120 142 115 111 104 96 95 150 63 151 153 153 154 111 113 156 70 71 71 162 132 78 147 166 168 147 166 156 167 152 150
145 46 36 22 152 152 152 152 152 152 152 152 152 152 152 152 152 152 154 154 153 89 151 152 152 67 153 68 154 154 154 153 173 153 108 174 110 173 109 218 146 110 222 145 143 226 169 225 225 139 225 223 223 218 216 213 209 206 94 199 190 178 167 81 39 162 209 212 215 216 221 227 232 67 241 253 92 108 121 49 145 152 70 72 233 71 231 216 202 187 89 157 149 144 85 145 212 210 102 39 82 81 211 217 222 227 63 235 237 242 255 9 20 32 42 51 58 67 75 85 159 90 91 90 165 161 163 174 92 93 174 91 177 92 96 99 100 102 104 106 109 110 114 113 116 120 122 122 208 208 208 208 248 248 205 204 119 121 54 173 50 173 172 66 109 193 68 176 67 191 106 182 102 43 71 186 186 186 187 79 23 16 69 185 181 174 166 152 147 141 114 116 118 120 121 122 123 82 80 137 92 110 84 121 62 15 126 133 137 141 151 157 161 47 168 107 170 173 177 181 129 184 185 104 105 145 121 118 113 106 100 96 94 45 63 65 66 154 24 125 154 71 60 158 76 67 163 165 83 169 170 169 170 79 155 151
59 45 36 23 152 152 152 152 152 152 152 152 152 152 152 152 152 152 154 154 154 152 151 152 68 166 113 169 154 205 153 172 210 153 153 153 153 220 174 220 148 149 149 116 226 226 227 227 225 225 226 225 226 220 100 216 212 209 99 204 196 184 173 165 161 162 39 83 213 215 219 224 58 66 71 83 94 108 121 51 62 67 69 230 230 227 221 204 191 90 163 153 233 230 51 231 42 210 210 38 82 209 211 44 222 56 65 66 18 66 240 249 3 19 34 42 48 55 66 82 88 88 89 90 92 175 79 89 91 92 93 177 177 93 96 98 100 187 189 104 109 112 116 199 116 117 119 120 208 208 208 208 221 152 205 151 204 170 86 86 117 3 173 46 44 44 109 69 46 46 182 181 182 186 13 101 102 103 103 196 194 188 188 185 180 173 158 151 146 104 117 121 125 127 130 132 136 53 11 140 88 108 115 253 240 34 145 153 157 162 167 171 56 172 173 174 175 177 181 185 187 188 190 81 106 108 190 119 115 111 104 98 95 94 148 148 67 21 152 153 155 155 74 159 159 79 163 165 168 170 150 171 172 157 156 66
58 46 36 22 152 152 152 152 152 152 152 152 152 152 152 152 152 152 154 154 165 186 151 70 152 195 67 68 70 154 154 108 210 153 153 153 219 72 117 225 225 151 151 150 229 229 228 229 227 227 229 113 227 224 222 220 214 212 101 208 202 191 181 171 164 40 40 84 214 42 218 222 231 241 74 84 95 109 121 134 62 66 68 72 228 221 213 198 181 166 102 236 149 87 51 150 227 211 37 101 146 210 39 44 223 59 73 75 44 232 24 71 79 97 26 31 36 45 59 75 86 170 172 86 175 78 91 174 175 176 178 178 178 177 179 188 183 186 189 187 110 113 115 131 117 118 119 121 125 208 208 208 152 208 251 250 204 203 155 255 117 176 87 47 1 192 68 182 8 10 71 10 69 186 186 185 15 183 46 76 193 17 16 188 178 173 240 233 230 115 120 124 129 134 139 143 145 148 23 66 77 98 111 105 238 47 162 171 176 180 183 67 181 181 181 91 182 184 185 105 189 191 193 117 81 191 87 121 117 114 107 99 14 11 66 66 18 68 151 152 72 72 72 158 160 161 163 165 168 172 152 174 174 174 158 151
140 45 35 21 152 152 152 152 152 152 152 152 152 152 152 152 152 152 154 154 186 186 150 152 152 195 151 151 154 154 154 154 210 153 153 153 219 154 154 178 122 154 229 230 150 147 230 173 231 121 233 139 170 231 229 226 221 219 215 213 208 199 190 180 169 40 82 83 212 213 216 220 229 239 248 5 14 28 40 52 60 64 67 33 223 214 203 188 173 162 244 237 232 231 113 229 145 211 37 146 80 34 214 220 224 61 80 92 2 50 40 238 81 100 105 27 30 37 49 67 81 169 91 92 94 79 92 94 175 177 177 177 178 179 178 101 183 104 106 187 110 113 115 115 117 119 200 203 146 127 208 208 221 127 155 220 124 172 119 156 88 175 174 113 175 111 112 181 8 112 11 9 11 186 186 186 17 75 183 46 195 176 16 12 5 253 244 242 130 242 130 136 141 146 151 155 27 155 30 154 157 84 89 91 98 173 174 178 182 184 83 70 184 73 184 125 185 187 188 189 192 192 193 144 117 110 111 40 36 115 107 100 96 94 14 147 18 67 71 109 72 153 74 76 158 161 163 165 167 172 174 75 88 94 77 69
139 125 35 20 151 152 152 150 152 163 152 152 152 152 152 152 152 152 154 154 97 185 150 100 153 153 153 153 154 154 154 154 76 134 154 176 154 153 154 154 154 154 154 232 179 126 178 232 144 143 67 127 240 238 235 233 230 226 220 215 209 204 195 185 176 167 40 164 79 34 213 218 224 237 248 5 15 27 37 49 138 142 142 222 220 209 193 176 166 162 236 237 234 232 151 150 146 99 144 211 100 212 215 220 225 238 3 107 126 79 69 55 98 16 17 105 71 26 42 62 78 90 85 86 161 94 172 174 94 174 175 175 98 102 179 102 105 183 108 188 111 113 192 116 198 200 201 124 126 127 152 206 206 206 171 248 249 171 198 219 156 254 176 213 152 111 68 192 6 113 115 189 187 188 16 188 195 194 74 102 17 18 194 12 6 88 251 252 144 139 144 149 154 159 165 166 166 84 166 166 166 166 170 172 174 178 180 183 187 86 187 188 190 94 187 128 187 190 83 190 190 116 144 195 120 88 145 42 39 35 30 104 99 96 94 67 147 148 55 151 151 152 63 79 158 162 163 166 170 174 89 163 163 174 155 150
60 124 36 96 151 152 76 74 152 163 152 152 152 152 152 152 152 152 154 154 154 186 151 78 104 78 154 154 154 154 154 173 76 116 174 76 77 78 154 154 154 154 154 154 129 180 128 147 235 127 178 144 240 240 239 239 237 230 222 216 209 129 123 189 181 172 166 164 163 34 214 217 221 235 249 84 15 27 38 126 61 66 43 223 38 211 16 2 246 240 161 161 157 156 152 149 146 143 212 213 80 32 215 217 222 234 254 119 151 105 95 82 123 91 84 74 72 25 36 54 74 87 83 93 95 95 96 98 95 95 171 98 175 177 103 180 105 183 108 110 121 111 113 115 196 124 125 124 126 128 129 153 129 129 155 126 155 247 214 214 119 176 176 155 211 189 191 115 72 9 52 73 11 112 196 112 17 16 15 180 18 16 194 12 8 4 2 54 153 156 158 163 167 95 174 174 175 176 176 57 177 180 180 183 184 188 119 190 191 79 116 17 116 21 115 83 115 191 86 192 192 194 118 196 93 45 44 41 38 34 30 104 100 97 95 94 71 75 105 151 151 77 153 157 161 162 88 90 170 174 160 100 164 176 81 73
60 48 37 97 149 149 75 75 151 152 164 151 152 152 152 152 152 152 154 154 153 187 189 153 193 153 154 201 154 154 154 172 150 136 150 150 149 150 154 154 154 154 154 154 154 236 235 131 148 149 242 240 242 132 241 167 163 231 225 219 211 205 199 192 184 175 171 167 165 34 35 218 220 53 68 83 90 28 37 50 61 67 79 33 43 34 19 6 251 242 238 236 234 158 227 149 145 143 213 80 30 30 33 36 221 227 248 46 87 115 110 102 146 112 99 86 77 71 27 41 64 84 89 92 95 97 97 97 95 98 172 172 101 104 177 180 181 182 183 188 110 122 112 196 118 121 123 123 125 126 202 203 128 128 128 245 124 155 172 174 193 192 156 191 253 189 49 190 190 192 11 9 193 185 75 186 50 16 18 180 200 17 15 14 12 65 162 163 165 169 170 172 175 175 178 180 180 181 183 104 183 184 184 186 188 190 192 192 192 89 191 92 191 192 192 192 192 192 192 192 193 143 195 122 120 189 89 117 115 35 32 30 28 98 97 95 147 77 77 123 152 151 154 83 86 88 163 166 170 99 99 101 95 85 81 146
58 46 37 24 149 148 152 77 86 152 153 157 80 152 152 152 152 152 154 154 153 187 189 152 195 109 83 130 154 154 154 115 116 173 151 121 174 152 178 82 154 154 154 154 154 154 135 236 77 150 170 240 242 178 170 166 162 232 154 147 141 132 125 74 189 180 175 171 170 40 41 53 44 57 68 84 91 102 111 124 135 142 147 149 53 41 30 12 92 246 238 164 162 159 153 150 217 215 28 32 225 33 34 108 222 224 236 27 71 85 131 132 161 124 116 100 85 75 16 35 54 77 85 89 93 96 97 98 99 170 172 172 173 103 105 108 110 110 111 122 108 189 113 113 115 116 118 118 120 123 125 126 152 214 171 171 171 122 122 246 212 156 192 252 190 191 52 190 191 192 11 9 195 185 116 17 199 182 76 18 18 76 18 15 15 168 168 170 173 175 176 176 178 180 183 184 185 188 189 191 70 191 191 191 192 121 192 193 195 92 194 94 194 88 194 195 195 194 194 195 196 94 196 120 146 93 92 118 43 109 106 104 101 101 97 149 60 152 152 152 154 155 155 155 157 88 163 166 97 98 100 173 85 80 78 70
56 43 36 99 151 153 150 149 152 83 92 152 152 152 152 152 152 82 83 84 153 187 152 82 125 83 154 154 154 154 154 174 84 142 151 153 153 177 149 151 227 154 154 154 154 238 239 137 239 150 241 240 242 168 166 163 163 54 227 148 141 202 196 3 119 185 180 177 177 48 62 48 57 62 75 87 91 102 114 127 138 146 151 155 57 48 38 22 4 247 240 165 162 158 153 220 216 215 30 33 33 33 34 92 223 98 231 6 40 63 78 89 165 130 122 111 94 80 70 33 47 69 79 85 90 93 95 98 169 170 172 173 175 175 178 113 108 110 112 124 181 183 184 113 115 193 132 185 117 120 121 123 123 123 167 208 152 153 192 192 248 121 122 160 191 191 72 5 191 191 191 9 10 186 54 202 200 75 181 183 21 179 20 18 172 173 173 176 178 179 181 182 184 186 189 190 191 194 196 198 77 122 198 197 86 196 87 196 199 198 198 198 199 103 197 198 199 113 198 198 148 148 120 121 192 120 49 143 115 111 108 107 104 102 100 63 64 152 124 153 154 155 155 155 87 160 163 96 152 168 171 95 79 74 86 66
54 42 36 103 152 154 152 81 152 85 154 154 154 159 152 152 152 152 152 151 119 106 166 85 153 153 154 154 154 154 154 174 141 152 153 124 152 151 151 86 228 154 154 154 154 169 87 186 174 151 242 241 174 237 235 232 231 161 159 219 212 202 196 118 189 118 182 65 181 51 101 54 249 67 12 87 95 107 119 131 141 151 155 158 60 54 45 33 13 94 247 239 237 231 226 221 217 220 32 35 36 36 232 35 36 41 53 73 28 45 60 81 96 61 124 117 103 88 75 104 120 139 147 85 88 160 166 98 170 171 169 105 175 108 109 180 109 179 180 194 183 127 190 115 115 182 116 187 119 121 121 204 122 122 205 121 120 152 121 209 121 120 121 120 120 189 123 191 191 123 191 10 76 186 14 185 15 181 182 183 21 179 22 79 53 178 178 180 60 181 184 186 188 188 192 194 195 197 198 201 124 201 89 132 200 200 91 200 201 201 201 139 201 98 140 200 133 146 198 119 148 131 150 123 120 122 49 143 116 113 42 107 105 103 103 122 67 153 86 154 155 155 74 121 156 91 96 86 98 168 103 83 148 76 71 66
52 114 108 105 152 86 91 84 152 152 154 154 154 172 152 152 152 152 152 152 186 152 190 152 153 154 154 155 89 120 154 154 153 176 86 153 86 218 151 88 134 154 154 154 154 169 183 85 241 151 242 242 242 237 132 233 232 228 227 224 217 209 199 196 191 187 117 56 56 57 106 105 248 67 79 92 101 111 126 140 149 156 161 61 65 59 51 41 29 16 5 242 94 88 245 245 129 245 58 225 113 59 116 58 59 63 73 85 96 105 124 142 93 56 55 131 112 98 84 114 129 143 150 154 156 160 101 163 171 172 171 172 175 175 175 175 176 110 114 124 118 118 119 193 141 115 117 119 119 119 120 157 118 198 143 144 115 115 116 116 115 116 117 117 118 209 120 121 121 123 126 10 188 13 14 186 185 17 183 183 182 82 181 181 182 183 185 39 184 184 187 190 194 195 197 198 199 200 202 205 204 86 85 202 202 205 95 203 201 203 203 204 101 143 102 201 203 203 204 121 120 200 201 125 121 119 143 119 117 113 108 107 105 159 105 125 155 72 126 157 115 157 121 155 158 81 99 72 99 102 81 82 79 74 69 66
50 46 109 108 153 153 157 91 152 153 154 154 154 108 88 152 152 152 88 88 109 88 112 153 154 154 90 171 90 122 154 90 210 152 88 127 128 151 151 88 90 154 154 154 154 235 181 86 241 86 87 185 244 138 239 238 237 232 231 229 225 221 215 209 200 192 185 57 249 76 57 251 60 68 81 34 108 120 133 146 156 161 163 68 68 255 248 49 45 40 36 32 28 104 28 26 52 6 55 99 100 60 99 62 97 101 102 104 112 124 138 146 92 93 134 119 52 106 94 126 140 150 155 92 158 162 165 169 107 105 171 173 175 111 175 114 172 175 178 179 117 180 179 116 116 132 190 116 118 118 118 141 117 180 181 199 198 116 116 200 117 180 119 157 118 161 165 212 122 188 124 77 188 13 79 58 208 119 183 183 119 185 185 187 188 68 189 190 191 191 192 194 197 199 201 89 123 92 204 205 206 206 205 205 205 206 138 99 203 205 205 205 144 106 205 206 206 151 204 151 151 58 135 59 56 126 118 53 93 114 110 105 107 75 105 94 157 128 127 158 95 158 158 134 92 159 161 163 99 91 91 152 142 138 134 132
117 112 111 111 91 153 158 152 152 158 154 154 154 171 151 152 152 152 152 152 152 152 90 92 154 154 198 169 153 154 154 154 211 152 151 152 152 152 152 154 139 93 93 154 92 237 237 152 240 184 149 147 182 144 143 243 242 138 241 238 236 233 228 222 215 206 193 188 186 250 250 59 62 71 83 99 112 127 139 150 158 163 167 70 71 66 61 59 58 146 58 88 84 134 86 58 86 87 44 133 134 134 134 134 77 133 133 135 138 141 148 76 94 156 134 120 116 113 120 140 149 155 155 87 160 162 165 169 171 165 172 173 175 174 175 175 172 176 181 115 184 115 116 117 140 116 116 145 115 115 115 115 116 117 118 147 118 180 199 150 117 202 118 157 120 208 122 185 187 188 190 11 188 79 14 59 184 183 183 185 63 188 190 192 193 193 195 196 196 107 197 201 203 204 207 95 208 129 207 208 208 208 209 209 208 208 105 141 100 204 204 205 205 148 207 207 207 152 152 202 110 201 122 123 120 119 120 117 54 114 111 110 108 105 104 94 95 157 158 81 55 132 94 155 155 159 161 162 163 139 90 163 78 144 135 70
122 118 115 114 152 153 96 152 156 93 153 158 93 104 151 152 152 152 152 152 92 152 92 93 93 119 198 151 93 153 154 208 148 91 92 152 152 134 153 181 94 94 93 154 235 154 154 148 154 243 185 186 147 148 184 149 249 184 250 147 246 241 233 227 218 148 199 191 128 76 55 61 65 76 88 103 117 131 143 154 160 166 170 170 74 72 67 102 103 156 156 105 155 63 153 79 151 154 156 71 156 156 158 158 124 157 158 160 161 133 163 136 162 163 89 127 137 123 81 153 155 159 140 161 96 163 167 170 107 170 172 173 114 175 175 175 173 116 181 181 126 175 177 116 131 131 132 175 175 175 175 175 116 193 195 196 120 180 231 178 179 180 180 181 183 208 183 186 189 192 80 191 13 187 15 17 18 184 187 188 189 191 193 134 194 198 200 199 199 200 202 204 209 208 211 210 211 211 211 211 90 210 211 211 211 211 101 208 143 207 206 145 207 111 208 112 147 60 153 113 112 201 124 110 123 121 121 119 56 177 114 112 109 107 105 103 97 158 82 54 130 95 96 82 155 159 161 102 102 161 140 101 141 155 136 132
128 123 117 117 153 153 96 100 101 93 94 94 158 152 152 152 152 152 152 152 152 152 152 94 152 153 123 152 201 95 95 149 126 172 92 93 153 153 154 225 153 153 153 96 235 154 154 154 154 244 242 244 148 149 153 149 150 254 253 144 251 243 235 171 222 211 207 136 128 55 56 62 69 82 94 109 123 137 148 158 163 167 171 171 75 112 72 110 165 164 164 162 164 166 89 119 165 167 167 128 169 87 168 168 168 169 169 170 173 176 175 175 175 152 152 138 99 137 137 106 166 168 146 164 154 165 170 172 167 114 172 173 174 174 176 177 176 176 182 190 133 117 132 116 174 116 116 116 116 116 116 117 117 160 118 118 120 198 152 178 121 122 181 182 166 208 126 128 130 131 133 192 192 213 188 84 19 185 188 191 193 194 196 102 197 200 202 202 203 204 206 209 210 211 212 131 212 212 212 213 93 212 213 110 111 111 103 209 209 209 209 113 209 114 114 205 151 206 207 124 64 201 124 124 123 121 148 120 117 116 116 114 111 109 108 105 159 83 114 114 81 80 96 83 98 102 161 104 161 161 94 159 142 93 139 136
131 126 123 119 153 154 99 152 153 157 151 166 158 152 152 152 152 152 152 152 152 152 152 151 152 153 154 154 154 202 172 205 127 149 148 94 96 97 98 154 142 153 154 146 148 187 150 155 244 243 150 187 150 95 151 253 151 1 100 255 253 245 237 230 222 154 147 133 128 55 60 68 80 93 105 120 134 145 157 164 166 171 173 75 76 171 78 78 80 167 168 119 168 172 85 125 172 103 174 176 178 115 177 177 177 178 179 149 105 134 179 180 109 141 177 142 174 154 104 142 171 109 172 153 108 171 175 176 115 171 172 173 175 176 120 121 128 119 120 128 133 174 120 139 140 115 143 116 115 116 116 117 117 144 118 192 118 118 175 120 177 123 180 126 166 127 209 127 129 131 135 66 84 15 64 132 85 189 190 193 195 197 199 199 202 204 205 206 207 207 152 211 211 129 212 214 214 136 107 157 140 214 215 101 46 145 147 114 107 209 209 149 155 116 115 151 206 206 207 125 122 115 67 113 140 64 134 66 62 117 116 117 113 112 111 109 159 114 159 116 115 114 153 133 99 102 161 161 161 107 148 140 150 143 141 135
131 129 127 122 153 101 153 102 102 111 153 168 153 152 152 152 152 152 152 152 152 152 152 152 152 153 154 154 154 203 204 205 149 149 150 151 97 151 153 154 155 154 154 155 158 239 157 104 190 101 155 246 249 190 158 254 151 2 2 1 255 248 238 174 168 207 143 186 105 55 62 74 87 97 108 124 138 149 159 167 168 171 174 114 115 172 173 83 171 172 171 170 173 96 88 174 92 177 179 181 182 145 183 184 127 184 184 185 136 110 129 129 143 142 155 178 148 149 178 179 179 116 158 158 175 176 124 123 167 174 120 175 177 177 121 126 125 119 120 121 128 173 182 131 130 194 130 116 149 117 117 171 171 118 119 164 172 173 174 175 177 158 125 125 165 182 183 254 130 132 137 84 138 219 16 132 135 136 192 194 197 200 200 203 253 205 207 208 208 97 209 211 211 209 159 160 161 161 139 214 113 215 215 101 114 114 212 212 158 159 158 153 153 120 117 208 121 207 208 207 125 124 122 123 120 120 109 121 118 120 117 118 115 115 114 113 134 135 116 160 116 115 153 154 154 102 106 161 108 147 98 105 108 145 90 83
134 130 127 68 152 152 153 155 156 165 102 154 154 152 152 152 152 163 152 152 152 152 152 152 152 152 171 128 170 101 206 206 172 98 176 152 152 152 152 173 154 154 154 154 103 237 104 156 155 154 154 154 198 100 159 150 151 1 1 1 255 197 186 228 220 206 144 187 83 58 67 78 91 101 112 128 141 153 159 168 117 118 121 174 174 175 84 87 85 172 173 173 175 45 129 174 175 179 181 131 145 184 133 133 128 185 186 155 186 158 185 116 161 183 116 183 183 183 166 185 125 163 162 162 162 178 178 178 115 122 174 176 178 178 179 172 174 182 172 121 137 120 131 178 131 192 169 169 169 169 184 118 143 144 121 219 122 152 194 121 123 124 127 127 129 129 132 173 181 133 187 137 138 84 187 185 135 188 193 196 201 199 43 204 206 155 156 120 209 66 208 209 21 210 212 212 215 215 216 115 115 164 165 48 213 213 102 158 209 209 209 209 160 65 116 157 156 154 122 72 157 70 149 71 71 190 139 71 120 69 143 67 118 116 168 136 166 94 116 159 116 115 153 153 154 155 159 97 97 108 148 89 90 141 141 84
81 79 72 68 154 157 155 157 105 110 157 152 153 153 153 153 153 180 152 152 152 152 152 152 152 152 103 153 154 104 104 136 207 100 137 152 152 152 153 154 228 154 154 154 186 155 105 154 154 154 154 154 197 151 151 152 152 2 2 2 255 248 239 229 169 207 196 139 86 60 69 82 95 104 62 78 143 154 159 117 118 119 121 116 174 86 126 122 175 124 125 175 175 96 100 175 176 180 182 184 136 136 113 186 130 187 134 185 117 135 136 186 146 186 185 136 136 186 188 193 169 167 166 164 180 165 178 124 175 176 125 178 128 177 179 173 175 183 178 120 137 130 131 118 168 135 182 170 171 205 169 184 171 173 216 174 176 157 226 193 174 125 127 239 178 181 132 183 183 184 137 66 188 187 84 185 188 192 194 146 198 200 45 203 205 208 159 63 100 208 208 103 160 160 212 212 215 215 166 143 117 165 117 49 213 163 102 117 209 209 209 119 120 158 208 207 67 155 156 73 73 153 150 72 71 191 70 122 122 121 122 119 118 116 139 139 168 120 117 117 66 115 153 153 154 156 159 133 133 158 89 90 147 140 90 85
132 79 72 68 155 155 155 158 155 159 113 153 154 154 154 154 154 180 152 152 152 152 152 152 152 152 152 154 154 154 154 154 208 149 151 152 152 152 153 107 180 154 154 154 154 154 154 154 154 154 154 154 159 104 152 152 255 150 3 3 1 250 241 230 220 207 197 190 92 64 74 88 99 57 111 128 143 104 111 165 118 120 122 124 174 173 175 121 127 127 128 177 178 133 177 178 130 132 184 136 185 185 186 186 139 188 119 137 186 186 186 188 189 190 170 154 188 189 192 194 195 170 176 167 166 172 167 178 177 180 174 178 128 127 179 173 179 131 185 174 175 119 131 166 169 171 150 121 141 185 169 169 171 173 175 176 177 177 228 174 174 175 176 238 177 131 134 183 183 185 137 139 188 140 14 187 190 194 196 196 198 201 202 204 207 209 162 121 208 208 209 209 209 209 212 212 166 39 165 140 141 212 213 213 99 163 210 145 208 118 160 160 159 119 118 149 149 154 154 154 71 69 148 72 114 72 186 187 123 71 72 70 118 101 171 121 169 71 136 68 65 153 154 155 155 156 110 160 135 159 146 138 91 137 88 86
81 77 70 67 107 109 107 107 107 107 159 108 108 154 154 154 154 180 152 152 152 152 152 152 152 152 152 154 154 108 154 108 208 149 151 152 152 152 108 108 181 154 154 154 154 154 154 154 154 154 154 154 247 104 106 152 167 151 3 2 2 252 240 234 229 216 205 196 68 70 80 93 103 105 112 82 97 105 110 119 120 166 122 123 126 173 175 177 176 95 177 177 178 103 101 179 179 182 185 184 186 187 186 187 188 190 137 189 189 190 188 190 193 194 133 159 193 194 195 150 183 172 138 170 186 186 172 132 174 181 176 179 178 178 133 126 127 184 139 169 184 167 167 168 170 171 197 169 170 204 169 169 170 173 129 131 178 229 161 178 177 178 178 239 178 180 174 137 183 185 185 186 82 140 15 188 192 195 196 196 199 156 203 95 161 120 209 62 208 104 209 209 209 210 167 136 212 212 87 211 212 212 167 213 145 118 209 119 120 147 59 158 157 147 201 202 201 155 155 121 117 70 116 116 73 70 186 187 75 120 121 119 119 141 104 123 169 119 118 69 130 154 111 94 77 110 157 159 103 159 137 157 138 91 88 85
82 123 116 111 153 109 152 156 155 151 151 106 106 109 174 111 111 181 181 152 152 152 152 152 152 152 152 154 154 153 154 154 209 150 151 152 152 152 108 108 110 154 154 154 154 154 154 154 154 154 154 154 150 248 107 152 109 45 106 214 106 207 242 240 236 224 214 205 75 77 83 49 56 60 67 81 97 105 110 117 119 105 123 84 127 173 175 178 178 178 178 134 132 179 179 180 181 183 186 186 117 187 144 154 189 136 191 192 192 193 194 193 194 195 175 161 151 195 195 195 198 175 175 173 138 174 187 175 171 181 177 180 179 134 177 171 128 177 139 132 183 167 167 168 171 171 197 169 170 145 169 170 211 174 176 221 133 135 179 179 179 136 204 169 134 201 134 136 181 140 140 141 185 141 143 189 149 151 152 199 201 93 206 205 207 164 165 123 209 126 209 209 209 210 212 213 84 212 212 117 167 167 118 166 144 144 208 57 55 158 143 201 201 157 158 157 158 114 71 71 70 146 148 117 73 186 141 77 75 138 182 120 143 119 74 102 125 75 74 71 93 130 110 119 156 99 157 160 145 106 114 105 93 106 90 85
79 78 74 69 112 152 110 117 151 115 164 155 150 160 110 152 111 127 128 152 152 152 167 152 152 152 152 111 111 111 154 154 166 150 151 178 109 149 179 150 110 154 154 154 154 154 154 154 154 154 154 154 192 165 150 153 47 64 45 213 189 209 245 198 238 227 219 212 82 82 84 48 53 59 66 81 95 104 151 117 160 163 167 112 127 173 133 135 98 135 135 178 138 137 179 181 182 113 187 118 151 187 146 146 149 192 194 196 148 194 153 196 196 198 141 164 140 153 195 196 156 186 146 175 174 174 146 175 173 139 178 137 136 135 134 174 174 134 181 168 134 125 125 168 171 144 169 169 169 147 169 127 153 131 133 133 177 177 166 177 137 135 170 136 203 203 134 135 180 140 183 184 144 185 73 146 150 194 196 158 161 114 206 99 165 165 165 209 167 167 167 167 209 211 212 213 84 212 212 140 210 118 49 165 208 120 165 57 142 203 102 159 159 159 120 200 200 70 68 152 70 145 150 118 114 114 185 114 145 181 114 77 110 143 118 105 169 118 75 72 114 131 75 134 115 138 116 160 107 146 159 138 94 133 91 86
124 121 117 70 152 112 152 115 150 151 158 120 151 130 112 152 152 152 154 154 154 154 189 152 152 152 152 152 152 152 154 154 208 149 151 214 149 151 219 109 150 115 156 235 235 154 154 154 154 154 154 154 210 149 111 65 114 4 1 214 142 252 246 241 198 227 223 218 213 83 84 89 149 55 62 79 93 103 151 158 161 164 167 112 169 134 174 174 174 174 176 131 179 180 109 182 183 186 189 190 191 191 192 192 194 164 196 199 152 151 197 199 142 199 164 165 155 166 195 196 196 158 158 137 134 187 187 135 134 139 139 137 177 176 136 178 138 173 139 128 128 166 166 169 171 196 130 169 170 171 169 169 130 173 159 134 137 137 177 177 177 177 177 177 240 175 175 135 138 211 142 142 69 144 144 187 191 194 197 160 202 208 208 53 206 56 206 209 208 208 208 109 170 171 171 172 138 212 212 212 121 92 119 207 207 55 166 144 120 164 62 160 160 160 67 159 70 144 117 153 70 116 149 74 144 186 116 117 182 182 79 143 119 111 122 118 169 119 74 72 114 153 76 154 156 156 105 118 118 119 119 99 135 134 132 128
128 123 118 112 152 151 114 158 150 153 127 151 151 132 150 152 152 153 154 154 154 154 189 152 152 152 152 152 152 152 154 154 208 149 151 149 151 151 180 112 115 155 190 235 154 154 154 154 154 116 116 154 212 150 151 172 153 67 1 255 143 214 246 243 200 228 225 222 125 89 89 149 92 150 97 113 131 144 151 158 161 164 129 131 134 174 97 174 174 174 138 179 181 183 184 184 185 188 191 193 194 196 198 198 166 167 136 198 200 141 199 162 145 163 181 179 164 128 195 158 133 156 157 136 134 142 149 135 172 177 140 137 137 137 133 141 177 131 137 137 173 166 167 132 133 147 169 169 170 133 185 169 169 135 173 174 138 177 177 177 177 201 177 203 175 175 137 177 138 140 183 142 81 180 144 148 154 196 161 200 202 170 208 53 206 56 168 171 108 208 208 208 129 208 208 209 172 174 174 121 51 142 53 168 206 94 166 143 97 199 200 199 120 161 67 196 107 192 118 192 190 71 187 111 147 148 147 147 118 117 82 116 82 176 121 112 85 81 114 98 97 114 78 115 118 157 157 120 95 119 146 138 135 133 94 128
90 124 81 75 151 115 114 116 153 159 124 152 152 170 151 152 152 154 154 154 168 118 153 152 152 152 152 152 152 152 154 154 208 113 114 115 151 152 154 221 114 118 121 166 235 154 154 154 168 154 194 154 250 151 152 152 152 222 221 111 110 254 250 247 237 227 225 225 223 222 91 225 92 96 105 118 133 110 152 98 161 164 166 169 174 138 139 139 125 177 178 181 182 184 186 188 189 192 196 198 199 199 200 199 199 199 140 171 166 119 173 199 164 125 162 160 127 157 159 146 179 178 155 136 135 135 135 134 133 177 172 171 135 135 173 139 137 168 168 169 168 168 169 134 147 134 149 169 183 133 133 169 169 173 174 175 175 177 177 177 177 234 177 178 142 241 139 179 139 177 177 212 144 81 145 149 155 159 160 199 204 208 208 53 206 121 206 124 210 114 113 208 208 208 208 209 209 173 173 119 119 170 170 120 169 94 60 167 145 203 68 145 122 164 104 196 71 143 70 155 72 72 150 150 118 149 149 149 147 146 143 117 139 140 85 84 83 80 115 112 112 115 131 153 156 157 157 157 132 156 158 139 101 98 132 94
90 85 79 76 150 119 118 151 127 124 117 152 160 129 152 152 152 154 183 154 137 167 152 152 152 152 152 152 152 118 153 120 174 115 150 152 151 118 118 221 149 119 121 199 154 154 154 154 154 155 197 196 120 250 118 152 53 66 52 2 63 111 217 213 203 193 137 66 227 224 133 92 96 103 112 124 136 146 154 54 126 165 134 171 140 141 175 174 176 179 182 184 184 186 189 190 191 195 164 199 201 139 140 140 109 110 168 163 165 172 173 146 123 162 144 144 174 156 145 130 156 191 137 136 136 136 135 136 173 139 136 136 170 169 139 139 168 168 168 168 168 135 170 169 168 169 169 169 153 168 169 169 135 173 140 175 175 141 142 177 177 176 177 177 177 205 242 205 141 177 143 220 143 147 83 147 153 194 197 200 170 208 208 53 207 208 173 176 212 116 36 130 114 208 208 208 45 45 171 48 134 135 202 201 169 170 59 200 168 65 167 122 199 164 68 161 71 70 69 154 118 118 185 184 78 79 145 83 82 118 84 141 175 121 121 120 85 116 80 114 132 114 152 156 158 158 157 112 157 124 137 138 101 139 95 93
89 84 79 74 151 118 149 118 119 162 151 119 159 152 152 153 153 181 122 138 155 155 190 152 152 152 152 152 152 152 177 176 151 150 177 177 178 118 118 157 150 121 154 156 157 236 154 154 154 155 196 248 120 217 151 196 178 151 3 227 64 1 217 211 201 192 100 99 155 139 95 96 101 107 116 126 140 149 154 159 160 131 167 139 173 121 101 174 178 181 182 152 154 143 187 158 193 164 198 199 201 139 140 107 164 195 195 195 195 165 167 124 156 124 123 156 189 143 156 188 156 157 157 170 137 137 170 170 136 136 136 137 169 168 137 138 168 177 135 136 169 169 137 169 169 169 169 169 169 169 169 169 169 173 174 175 175 175 177 177 177 177 177 178 178 206 206 184 176 251 209 143 177 69 147 149 186 193 164 168 204 208 176 176 208 125 208 178 212 36 114 175 38 173 173 43 132 44 115 115 169 169 134 168 169 204 124 203 64 122 199 167 69 70 70 162 106 143 103 158 108 107 120 152 78 111 150 115 115 116 84 174 143 119 144 120 118 138 115 158 83 154 155 157 158 160 144 115 159 135 126 105 134 99 95 91
88 84 79 72 120 148 151 149 150 121 165 149 151 122 122 122 154 180 181 123 125 126 190 152 152 152 152 152 152 152 207 153 152 178 155 149 178 149 149 149 119 120 124 124 156 238 154 154 154 154 247 216 149 149 151 253 151 122 229 2 255 225 215 207 198 191 100 70 228 156 143 101 107 114 120 132 143 119 125 158 160 133 136 139 142 175 175 176 178 181 181 182 185 186 156 158 161 164 167 200 201 138 199 107 194 165 164 164 165 166 146 121 162 170 170 190 190 161 160 157 187 187 188 169 137 168 145 137 136 142 135 136 135 133 135 135 135 136 147 136 169 187 168 169 169 169 169 169 139 202 139 139 139 141 141 167 145 145 146 147 148 205 147 148 149 179 245 177 177 250 219 143 144 147 178 73 156 162 165 199 172 105 116 174 178 58 177 114 128 128 35 113 112 111 110 168 169 169 129 45 113 167 167 168 169 171 173 204 98 97 169 168 70 195 70 163 193 74 73 75 157 185 141 182 120 80 150 150 149 84 85 174 174 174 121 122 122 121 117 116 116 116 125 157 158 141 128 101 117 104 143 104 101 99 93 91
87 84 77 71 147 148 119 119 121 149 130 151 151 122 151 162 125 126 142 154 169 126 189 152 152 152 152 152 152 124 153 153 152 157 152 215 157 149 149 149 149 150 153 125 128 172 192 154 127 126 177 246 220 123 152 180 57 123 67 1 255 223 213 204 196 190 69 70 99 100 100 106 111 118 126 135 116 149 125 158 160 163 166 168 171 174 175 177 178 181 183 184 157 159 187 188 130 163 167 141 169 164 110 193 193 193 166 166 143 164 166 190 190 162 191 191 192 162 160 187 159 150 139 140 174 148 166 165 164 164 163 135 162 161 133 132 131 133 163 165 175 169 170 169 169 169 169 169 172 169 169 169 187 183 189 143 144 174 175 148 148 180 148 149 149 148 186 147 147 220 218 142 144 147 177 177 157 162 194 199 202 46 203 205 210 59 114 114 180 35 34 33 109 34 34 166 166 38 108 164 165 46 163 164 168 170 172 173 146 98 144 124 195 195 100 192 75 140 104 141 158 106 120 78 140 80 150 141 142 114 115 146 174 175 122 121 171 122 141 118 136 117 154 157 158 116 157 158 118 133 153 104 129 135 123 120
88 84 78 99 148 148 148 148 149 124 155 151 152 151 152 152 152 152 130 155 145 152 189 152 151 195 173 173 152 152 152 152 153 154 154 215 215 161 124 220 149 183 126 154 192 191 175 154 154 154 154 155 249 150 151 151 153 1 1 230 177 250 241 230 223 135 67 70 72 101 105 110 114 119 128 109 117 120 125 131 134 140 166 142 142 146 148 149 151 133 156 158 160 161 161 149 164 165 192 193 166 169 108 193 141 165 164 192 144 165 190 145 190 152 191 192 192 192 160 187 187 166 160 140 158 142 166 165 172 138 136 162 136 135 132 164 157 132 134 138 141 141 170 169 180 169 169 169 170 169 185 144 165 210 143 143 143 145 148 174 199 200 147 147 210 146 146 145 203 185 169 144 146 210 150 73 183 188 168 172 176 176 106 178 181 182 181 114 179 33 31 119 30 165 31 163 164 120 65 108 123 46 163 190 167 136 199 200 202 99 99 100 100 127 75 142 124 161 74 77 159 78 118 152 138 107 151 152 123 121 174 174 174 174 96 121 172 122 124 123 120 119 118 156 159 159 119 132 106 107 106 104 102 100 96 94
88 83 77 71 125 149 124 125 149 125 125 127 135 151 128 152 152 165 131 130 129 154 190 152 152 173 130 199 152 152 152 128 130 130 154 215 216 151 151 221 126 128 152 130 176 175 192 154 154 154 154 155 250 152 129 184 129 151 2 1 143 253 242 234 225 150 136 69 74 102 107 112 116 121 129 111 142 143 123 129 134 139 166 143 165 169 147 173 151 153 157 184 106 185 161 147 164 165 98 166 189 165 166 166 191 190 167 192 143 165 165 166 190 152 191 192 192 192 161 187 187 166 185 164 182 167 171 165 144 138 136 137 134 132 158 137 131 131 158 136 139 142 145 145 145 169 169 169 146 184 180 144 168 169 169 170 168 145 147 149 179 147 180 148 211 199 145 145 184 202 169 204 205 147 150 151 158 187 193 173 177 177 176 177 177 179 30 178 177 55 28 27 26 162 162 164 33 162 38 163 163 110 190 191 191 175 199 200 202 99 200 102 76 76 76 76 75 160 138 159 159 77 76 152 119 118 151 177 89 141 174 174 174 174 174 123 147 100 125 123 121 120 94 156 159 135 105 133 131 129 106 104 102 97 94 91
83 79 76 96 125 126 146 149 149 149 149 149 166 151 151 151 153 146 152 152 184 152 189 152 152 152 151 178 152 152 152 152 152 152 152 166 181 151 152 202 223 150 152 154 154 192 133 155 155 181 223 131 152 152 152 254 151 151 3 69 3 118 248 241 229 220 149 70 74 79 86 113 116 123 132 135 142 71 123 128 134 138 142 143 166 146 147 151 153 154 158 161 124 162 162 163 163 163 149 165 102 165 166 166 167 159 166 162 166 166 166 165 167 168 192 192 192 192 164 156 142 166 176 165 160 152 171 164 138 160 136 136 155 131 128 128 131 154 157 137 139 141 166 145 179 146 145 169 183 163 182 145 146 169 169 169 169 170 148 223 148 180 170 170 170 169 169 169 147 222 169 224 168 193 151 82 181 186 193 197 199 199 20 177 201 201 110 177 33 30 27 100 110 160 160 162 115 162 106 186 187 187 190 55 194 199 130 130 179 179 146 147 77 192 191 76 75 183 162 100 159 77 153 153 135 120 152 176 142 124 141 125 174 174 174 123 124 171 170 123 123 123 119 155 125 105 105 120 141 130 106 103 100 95 91 87
80 78 76 70 146 146 146 128 149 154 149 151 151 152 143 151 133 152 152 152 149 152 189 152 152 171 197 134 152 152 152 152 152 152 152 154 218 152 132 131 225 130 132 134 134 217 191 132 132 181 152 152 152 152 152 254 151 151 71 150 71 4 254 247 235 226 219 149 93 101 107 113 116 103 133 115 121 32 142 126 131 137 139 43 144 146 147 151 152 153 155 159 136 159 138 158 158 160 160 162 99 162 164 165 186 186 141 185 186 187 169 148 188 190 192 156 172 192 164 162 174 187 186 166 173 145 177 165 161 140 158 136 133 131 128 134 130 132 135 138 140 142 145 146 170 165 165 168 199 165 182 165 147 149 149 169 191 149 176 178 169 170 150 170 170 215 149 168 168 169 204 245 148 170 172 176 182 166 173 197 179 113 113 198 181 50 29 176 118 29 26 24 159 159 182 182 184 164 117 163 166 167 170 130 193 197 180 180 180 199 179 146 80 142 78 139 96 182 182 79 135 97 119 175 82 135 174 156 156 111 176 96 174 174 174 147 125 129 170 124 125 124 121 119 104 105 104 119 132 108 105 101 96 90 86 81
75 72 71 67 146 129 128 146 149 149 151 152 152 152 152 134 134 135 149 152 167 135 154 152 152 194 133 135 152 152 152 152 152 152 152 154 154 218 151 152 171 149 152 154 154 235 234 149 149 150 152 152 152 152 152 152 152 152 152 6 149 5 255 231 242 231 225 222 97 102 107 93 99 124 133 136 140 124 124 145 150 135 138 106 140 143 146 119 108 150 154 157 157 119 156 157 125 158 158 161 162 163 165 164 167 167 185 185 120 146 170 190 190 191 192 158 191 192 164 162 187 187 187 168 157 166 171 147 142 159 138 135 132 130 125 133 128 131 133 137 140 141 144 146 160 146 147 150 181 199 165 183 166 148 149 150 150 150 169 170 170 171 198 185 170 235 149 150 169 205 205 246 167 151 197 155 162 186 192 177 179 199 200 118 111 31 29 30 108 28 26 25 23 160 162 163 164 182 182 116 166 187 170 171 174 178 180 180 131 131 178 179 144 100 80 128 97 125 79 79 160 77 77 154 81 153 154 154 155 156 177 116 174 174 175 174 126 124 171 124 123 106 122 120 154 153 104 103 104 127 102 98 93 87 84 76
90 86 86 84 146 146 130 149 149 149 157 141 134 159 159 145 134 135 136 136 153 167 136 169 136 194 173 153 152 152 152 152 152 179 152 154 138 154 154 154 175 152 152 154 154 235 178 149 150 151 152 152 152 152 152 152 152 136 137 246 65 244 120 250 246 233 230 228 101 105 109 111 99 124 132 119 123 73 141 145 148 134 135 136 139 157 142 146 109 150 153 154 155 128 154 157 136 174 158 159 160 143 161 164 165 166 168 159 169 184 170 172 175 175 172 141 175 192 164 162 187 187 171 153 151 149 170 147 143 141 139 134 131 128 144 145 127 130 133 137 139 157 167 143 144 146 148 149 150 182 148 167 163 165 149 187 174 165 151 152 153 154 212 153 200 235 166 150 152 153 193 246 204 151 169 155 162 169 176 107 104 182 108 182 182 30 29 175 113 28 43 25 24 105 162 179 164 180 181 183 184 171 189 121 174 178 128 128 178 176 177 130 176 131 79 171 79 163 78 77 77 76 76 151 128 151 152 154 155 174 160 116 174 174 175 134 135 108 133 125 123 107 106 136 122 153 105 133 121 115 118 97 91 86 82 78
92 89 75 86 130 131 130 133 135 134 147 134 134 134 144 133 148 149 165 151 137 172 136 157 137 139 138 138 152 152 152 152 152 169 138 139 140 154 154 154 177 153 154 233 219 153 153 153 153 196 152 152 152 152 152 152 152 152 152 6 5 146 1 250 247 236 233 231 105 106 94 96 113 123 132 22 122 127 127 130 134 87 135 137 155 157 159 163 153 111 153 155 156 171 171 159 159 158 157 158 173 173 159 162 166 181 184 134 182 183 185 151 175 138 176 176 192 179 177 163 164 187 187 168 152 150 149 148 144 140 139 135 132 131 129 125 128 130 134 137 152 141 143 159 145 146 147 148 149 166 149 163 163 150 151 167 168 191 152 153 153 211 169 171 171 221 199 166 153 168 204 194 152 152 153 157 163 184 176 178 179 180 24 180 181 29 29 43 190 29 109 41 104 176 163 164 166 182 110 111 169 172 173 176 176 126 179 179 193 193 193 94 132 81 82 130 94 91 92 77 77 128 92 118 154 167 154 171 171 174 161 102 174 175 176 147 173 125 110 132 142 121 106 154 136 125 123 121 121 119 103 97 105 102 98 95
96 92 91 87 132 144 145 146 147 146 146 146 146 156 155 146 147 139 180 166 170 154 164 135 135 149 162 152 152 152 152 152 152 152 152 152 154 154 154 154 142 154 218 152 233 154 154 154 196 231 152 152 152 152 152 152 152 152 152 6 248 134 3 250 248 239 236 232 105 106 108 110 114 124 119 122 122 123 127 129 131 134 148 150 155 157 159 150 153 122 115 115 154 157 157 158 86 157 157 126 158 159 161 175 163 165 142 166 144 167 170 171 171 172 173 175 173 178 179 178 177 166 187 169 166 163 161 149 146 141 138 136 133 129 126 126 125 128 130 135 138 140 143 144 146 157 145 147 148 177 150 163 163 162 165 155 156 182 166 193 166 155 156 157 220 155 189 152 151 198 150 151 193 153 155 158 161 167 172 175 178 107 20 177 191 107 190 178 108 30 182 42 28 176 176 177 166 169 117 117 169 173 174 177 178 192 180 180 191 131 131 79 79 137 93 81 79 163 130 127 127 169 92 128 127 166 167 170 172 132 174 116 174 162 165 124 114 148 124 123 132 121 118 154 154 138 153 123 134 106 101 110 107 104 100 85
100 96 93 77 143 134 132 135 141 141 146 146 146 156 146 137 148 140 151 182 181 146 146 146 137 148 151 152 152 152 152 152 152 152 152 152 154 154 154 154 154 154 230 152 233 141 143 145 231 140 152 152 152 152 152 152 152 152 152 5 73 69 4 254 241 243 238 167 168 97 98 110 103 112 119 7 120 121 125 127 131 144 136 140 145 157 148 150 164 157 73 84 166 166 166 158 85 157 158 159 129 170 162 175 109 164 112 164 165 144 167 170 171 152 171 173 175 171 178 181 155 179 169 158 156 163 173 161 146 142 138 134 132 128 124 129 125 128 130 133 137 151 153 145 169 170 144 147 148 149 150 152 163 163 154 187 155 166 157 221 167 167 167 157 220 197 220 187 150 195 149 150 158 162 155 155 158 163 168 173 176 176 176 188 179 179 178 106 110 31 31 30 106 177 177 167 167 167 43 167 168 172 173 176 178 181 182 131 180 76 77 177 78 174 80 79 78 77 76 158 158 157 157 167 167 167 168 171 173 111 175 116 174 174 139 148 115 114 124 124 124 120 120 154 154 155 154 126 115 107 113 111 99 106 91 97
91 84 83 90 135 143 134 149 139 146 146 146 146 157 167 146 160 141 143 143 181 174 146 146 146 147 151 152 152 152 152 152 152 152 152 152 154 154 154 154 154 154 230 152 191 150 152 145 240 150 152 144 152 152 152 152 152 152 153 253 149 7 4 255 253 243 240 234 164 106 171 101 104 111 117 119 119 120 124 127 129 134 137 141 144 148 157 152 156 157 158 160 79 157 120 157 85 156 157 158 135 161 162 164 145 174 140 165 166 121 145 166 167 166 166 169 170 172 176 179 155 169 177 158 182 164 169 162 146 143 137 134 130 127 124 122 124 126 129 132 136 140 143 144 145 145 145 146 172 150 152 161 163 204 155 155 156 166 167 187 168 195 167 228 228 190 229 193 151 224 223 148 149 151 152 153 156 161 168 182 176 185 177 178 178 105 107 109 109 105 30 101 169 177 177 104 109 168 108 177 170 172 172 176 180 182 133 181 77 84 129 134 87 128 132 78 129 76 75 76 156 77 157 158 158 168 169 163 174 174 175 144 174 174 147 174 124 124 146 125 124 112 121 154 154 154 154 132 115 109 114 103 98 96 92 96
86 84 82 83 142 137 144 145 139 146 146 146 146 142 151 146 172 141 170 141 159 182 164 146 146 148 151 152 153 153 153 179 152 152 152 152 154 154 154 154 154 154 230 152 187 145 152 152 239 195 145 145 152 152 152 152 152 152 152 255 143 7 3 255 254 245 235 235 106 106 238 101 112 111 115 116 116 119 121 126 130 135 138 148 150 147 150 152 155 155 72 156 120 154 121 156 156 154 155 164 159 161 167 134 163 163 142 170 117 117 163 141 163 163 150 162 165 171 174 177 166 177 179 159 175 164 163 154 155 142 137 133 129 126 131 131 123 125 127 130 135 138 142 145 158 146 146 146 154 152 172 160 156 163 184 163 164 159 160 167 168 167 220 221 221 222 221 221 151 225 223 148 194 150 158 159 163 162 169 173 98 177 21 176 178 34 104 183 108 31 31 36 105 177 177 45 175 175 175 176 178 180 179 182 180 182 187 74 185 186 85 86 85 133 127 128 123 124 77 76 115 154 162 165 124 161 163 171 177 114 174 175 174 174 174 174 124 124 142 123 117 119 114 154 154 154 154 117 112 116 108 110 98 96 91 100
84 83 81 83 142 142 142 142 144 151 141 146 145 146 167 147 173 146 146 146 143 161 183 146 146 145 148 152 154 154 154 208 152 152 152 152 154 154 154 154 154 154 154 154 193 190 152 152 152 241 149 150 152 152 152 152 152 2 151 1 74 77 5 1 255 247 242 236 103 170 169 108 113 116 119 63 120 124 122 128 136 136 138 142 150 149 151 153 154 154 115 153 153 154 155 121 158 157 121 156 165 166 163 138 139 164 168 144 169 169 168 168 169 128 166 162 165 170 173 176 176 176 168 172 169 160 158 155 151 147 136 129 125 122 125 120 120 122 124 127 133 136 141 144 147 147 162 148 149 156 153 154 156 183 180 184 158 185 160 162 162 194 219 157 158 222 221 220 189 151 224 153 154 196 154 160 162 162 174 178 176 177 182 102 178 30 106 178 33 32 103 104 175 172 174 173 177 113 177 173 175 117 175 176 177 125 127 181 133 181 134 132 80 175 81 84 78 77 76 119 160 160 161 160 162 167 133 168 173 114 176 176 176 121 144 174 124 166 121 123 117 119 119 155 122 119 137 118 113 112 107 105 99 96 91 88
84 83 82 80 144 142 142 142 144 152 143 144 145 146 167 148 175 146 146 146 146 146 164 146 144 149 151 150 154 154 154 208 152 152 152 152 154 154 154 154 154 154 228 150 150 154 154 153 152 242 150 151 152 152 152 152 152 152 152 78 150 5 5 4 255 249 245 239 237 105 107 111 114 117 121 122 67 125 128 132 136 138 140 145 148 148 150 153 112 112 69 151 151 152 152 153 154 157 125 156 164 166 165 137 136 165 166 169 169 169 169 169 169 130 146 147 165 170 158 173 161 175 180 181 161 160 161 156 152 143 138 126 122 119 120 124 126 121 125 125 132 135 137 141 145 147 148 148 150 151 186 154 156 160 158 180 160 160 160 162 221 217 218 157 219 220 219 219 184 148 150 152 154 237 157 160 163 163 173 176 177 176 178 26 181 180 108 108 35 36 176 175 176 172 174 174 174 177 177 52 174 118 177 178 180 71 182 182 129 180 181 81 78 174 81 126 78 75 76 161 160 160 161 160 163 164 132 168 174 115 176 176 177 147 122 174 124 123 122 144 120 119 119 155 122 121 149 116 115 126 110 104 98 94 89 85
81 87 82 75 146 143 142 142 145 145 146 146 146 146 147 161 174 146 176 146 146 146 146 146 146 148 196 152 154 154 154 208 152 152 152 152 154 154 154 154 154 228 152 152 152 152 154 154 154 154 245 151 152 152 152 152 152 152 152 79 9 7 5 73 3 250 247 242 242 240 110 114 118 120 123 124 126 127 128 132 134 137 139 143 146 148 149 150 150 108 109 150 151 112 151 151 153 157 157 159 162 163 165 166 166 139 167 169 169 122 167 166 168 169 169 152 168 171 172 173 174 177 179 182 163 160 171 156 155 142 135 127 124 121 119 122 119 120 123 126 129 132 135 140 143 144 146 147 150 167 152 153 153 157 157 158 159 161 164 165 221 219 218 158 220 219 217 218 149 150 224 150 152 156 158 159 164 167 174 177 178 178 179 25 180 182 182 183 36 106 36 106 37 171 171 174 45 173 176 113 115 176 178 178 180 126 128 182 77 180 180 82 79 174 81 79 76 76 121 161 79 160 123 163 165 166 167 170 175 177 176 117 176 122 148 174 122 169 125 123 120 120 119 137 154 120 135 117 113 109 108 103 98 94 90 87
90 89 83 78 146 144 142 142 145 147 148 147 147 147 148 150 163 148 176 147 146 146 146 146 145 149 154 156 154 154 154 208 152 152 152 152 154 154 223 153 153 228 152 152 152 152 154 241 154 156 201 151 152 152 152 152 152 152 152 152 9 8 8 8 7 128 251 247 246 179 114 116 62 121 67 124 127 129 77 133 82 135 138 143 145 145 146 148 150 149 108 150 149 111 150 152 153 157 157 160 161 164 164 165 164 165 168 169 168 121 122 166 167 171 171 173 170 171 171 174 176 178 181 182 164 162 158 159 156 145 137 130 124 120 122 123 119 117 118 122 126 129 132 137 140 143 144 146 148 150 151 152 152 154 155 157 160 161 162 163 164 192 219 219 221 219 149 184 149 151 148 150 154 156 201 160 165 168 175 176 178 178 182 105 182 183 108 35 34 178 107 36 34 170 172 173 173 174 176 174 56 177 176 177 181 126 180 183 129 129 130 130 81 129 81 79 79 77 80 121 160 160 163 165 94 167 168 171 176 177 117 177 176 122 123 149 123 169 147 123 122 141 120 154 120 120 119 116 110 122 108 104 98 95 89 86
99 91 95 94 146 142 142 142 150 149 145 146 147 149 154 150 166 150 149 150 168 164 146 146 150 151 153 175 156 207 153 185 154 186 153 184 184 189 221 188 153 194 229 152 152 153 152 238 152 152 202 156 152 152 152 152 152 152 152 153 153 10 10 10 9 1 255 251 250 247 185 117 121 126 124 126 128 132 131 133 136 82 137 142 143 144 144 145 101 147 64 147 149 107 151 153 152 157 126 160 162 132 165 166 167 169 139 165 171 144 149 148 169 171 171 158 175 141 172 176 180 181 179 180 162 160 158 160 150 143 142 132 127 123 120 123 116 124 113 115 120 125 130 133 136 141 144 146 148 150 152 150 149 154 151 156 160 160 161 163 221 221 221 160 220 149 221 182 152 190 154 193 151 155 158 161 167 166 171 179 101 180 182 109 108 107 106 35 35 35 35 173 172 174 170 170 171 171 171 176 176 174 181 121 181 124 181 74 179 179 133 128 130 127 77 127 82 81 82 160 160 161 162 165 171 167 169 175 177 175 175 175 180 123 124 173 124 169 127 126 119 158 124 140 121 120 118 116 111 110 106 102 95 93 91 100
104 99 108 108 142 142 143 143 152 147 146 146 147 149 151 151 168 151 151 152 184 183 146 146 146 146 153 158 157 158 159 160 160 189 154 154 216 158 153 195 190 152 230 152 158 155 159 240 153 242 152 152 152 152 152 152 152 152 151 9 154 11 10 10 14 4 2 131 253 250 118 119 1 127 128 130 131 130 130 131 132 133 135 139 140 47 140 141 143 146 99 147 141 146 149 154 150 163 157 157 163 129 160 109 165 166 167 169 141 171 174 177 171 171 157 141 175 177 179 182 176 182 183 177 162 160 158 155 152 146 141 138 132 126 121 114 118 121 112 113 112 114 120 128 133 137 141 144 146 147 145 153 174 175 156 151 158 160 161 162 218 161 219 220 219 153 220 185 152 154 193 150 152 162 164 167 169 171 176 179 182 184 185 104 31 103 31 179 34 100 102 102 171 173 173 175 107 176 178 178 174 176 176 177 121 184 125 185 185 132 82 181 82 178 77 124 77 76 77 160 160 161 163 171 167 170 103 171 172 175 180 180 116 172 173 149 125 129 121 144 120 144 124 123 122 120 118 114 109 107 104 102 104 103 108 104
109 110 113 111 144 145 145 150 153 159 146 146 155 157 159 173 150 151 151 152 175 185 183 146 146 146 147 157 151 177 160 161 161 161 161 161 191 185 160 231 195 154 238 154 154 162 161 240 153 243 152 152 152 152 152 152 152 152 151 9 154 11 11 18 8 77 6 2 132 252 121 121 1 128 68 13 126 127 128 129 130 79 134 138 140 133 133 89 142 99 144 147 148 140 142 154 158 162 157 158 157 157 166 166 131 139 167 169 139 170 174 176 177 176 149 172 174 177 180 175 177 176 178 179 163 161 158 156 153 148 146 142 138 130 123 118 116 114 108 116 110 105 117 125 132 135 140 144 161 141 151 172 147 156 157 158 175 158 159 160 217 159 182 219 219 179 151 150 151 155 157 151 153 156 158 160 163 211 174 179 183 183 183 184 23 30 30 101 176 176 35 27 164 104 166 167 168 178 171 173 175 183 177 177 177 177 177 177 131 83 183 131 81 178 84 175 85 164 77 86 161 161 164 166 167 178 179 178 181 175 174 174 145 173 120 181 125 123 122 151 122 119 136 116 116 119 116 112 108 106 107 96 112 119 119 112
102 113 108 106 146 147 146 160 148 150 155 154 146 159 172 173 151 151 152 152 153 194 174 146 146 146 156 157 161 210 160 161 162 152 152 152 152 152 152 196 162 239 163 165 155 236 153 240 163 243 152 152 152 152 152 152 161 162 161 84 154 11 82 19 79 84 8 5 3 133 123 255 121 1 61 1 11 61 126 120 130 134 126 87 140 133 133 96 132 134 145 136 149 149 150 153 114 158 162 129 163 166 156 136 167 131 141 168 169 169 140 173 133 173 127 146 173 176 179 183 186 187 189 172 175 171 167 156 163 159 149 147 142 135 127 122 119 115 115 117 108 112 115 120 126 133 136 141 159 147 149 151 152 174 168 156 170 155 158 159 188 208 180 187 178 219 142 178 143 148 150 152 154 167 159 161 164 219 2 177 182 182 183 103 30 98 30 175 175 176 98 164 175 100 175 176 178 170 171 184 185 185 186 186 187 124 187 177 177 74 132 85 82 178 74 128 121 173 88 76 170 171 165 137 105 168 179 179 173 175 174 174 117 183 175 176 126 134 133 132 132 119 117 135 126 113 105 112 106 119 106 114 103 102 100 107
101 97 93 92 146 146 147 150 160 169 175 162 147 148 162 186 161 162 191 161 162 194 158 146 146 146 146 146 162 149 149 205 162 164 164 152 152 152 152 152 152 240 165 167 197 204 153 240 153 164 152 152 152 152 152 152 153 2 163 85 155 10 83 11 148 87 11 8 7 6 6 3 2 12 114 255 255 112 117 120 121 124 138 42 139 144 144 42 132 100 146 147 148 149 150 141 155 146 159 148 127 162 166 128 156 140 115 166 167 133 158 170 140 158 123 171 172 161 165 184 187 187 177 188 172 171 169 157 152 158 151 152 147 141 132 126 123 119 116 107 118 128 109 115 124 129 133 137 142 133 146 136 148 139 196 152 141 144 147 148 162 218 205 218 215 151 153 186 156 150 151 152 154 158 160 162 165 178 88 166 179 179 181 181 16 28 28 27 174 174 34 173 173 175 164 177 179 181 169 171 174 175 187 187 176 176 131 131 185 185 126 184 83 178 85 128 163 174 89 76 160 161 165 91 94 169 169 169 184 187 174 174 118 174 176 177 126 124 121 134 131 130 127 126 123 122 116 111 107 108 106 104 101 97 91 90
81 85 82 75 146 147 162 145 161 163 175 160 161 163 164 174 160 146 161 160 161 177 146 147 147 147 146 147 174 148 150 205 150 191 149 150 152 152 152 152 152 227 151 166 204 165 153 254 253 150 152 152 152 152 152 166 207 165 82 166 167 152 86 84 92 14 12 11 11 76 10 7 3 13 253 193 124 127 119 120 123 124 79 90 127 145 132 54 144 131 132 147 148 148 149 152 153 156 157 159 147 163 165 168 139 139 128 167 169 156 157 157 158 151 171 172 173 160 165 184 187 165 176 188 171 171 170 170 167 171 155 152 150 144 135 129 125 122 117 114 104 124 104 108 115 121 126 130 136 139 140 145 147 157 149 150 153 156 158 157 158 185 215 182 181 151 152 140 157 163 151 153 168 173 173 176 178 165 166 166 96 168 100 169 96 30 16 16 99 95 162 176 162 164 165 178 179 181 108 183 121 186 187 188 188 76 129 120 171 171 186 171 71 166 130 131 164 130 120 121 162 162 165 131 132 169 147 169 185 174 174 157 176 160 176 164 152 138 135 143 117 129 126 123 120 117 115 99 95 95 91 100 100 83 77 75
76 74 88 78 146 148 145 145 151 161 158 145 146 180 163 187 174 146 146 146 146 180 146 148 148 148 165 150 198 150 152 221 150 150 151 150 167 151 152 152 152 226 151 152 152 151 153 239 239 166 152 152 152 152 152 152 15 165 167 83 91 152 96 87 14 16 14 15 83 142 17 12 6 1 14 112 255 113 119 122 127 24 141 143 127 145 96 143 144 90 147 146 146 146 147 149 101 152 154 157 160 162 164 166 110 123 164 165 168 134 173 173 152 139 152 153 172 176 178 180 182 156 182 185 160 167 175 170 166 155 172 153 152 148 140 134 130 124 120 116 111 109 108 98 103 110 118 124 130 134 135 142 148 169 148 149 151 154 157 170 157 214 182 171 216 170 152 155 159 148 150 153 154 158 160 177 179 180 166 166 167 169 170 14 31 31 31 178 17 162 162 161 176 179 180 178 180 52 180 181 181 183 169 187 74 186 78 185 185 187 171 135 86 183 167 124 167 78 122 161 164 167 142 166 166 169 114 184 188 156 191 131 189 190 163 190 151 140 135 133 132 127 123 119 114 114 127 113 98 123 95 92 88 85 81 80
78 81 76 92 146 165 162 151 153 165 160 145 147 147 159 170 147 175 146 146 146 146 149 149 149 149 149 154 192 179 152 152 151 152 198 152 152 188 152 152 152 204 169 152 152 151 153 239 209 150 152 152 152 152 152 205 16 149 152 91 84 151 152 153 18 17 34 144 145 145 96 17 10 2 198 71 62 115 119 141 143 41 42 141 143 144 53 142 143 144 89 145 102 145 104 145 146 148 150 153 156 160 164 166 149 95 167 100 152 154 155 136 156 174 137 171 173 173 176 177 178 179 159 171 181 182 159 170 150 171 173 171 154 151 145 139 134 127 125 121 118 116 124 119 96 101 108 113 121 127 130 136 143 185 142 151 145 148 152 152 152 154 153 154 198 168 133 155 143 163 165 169 172 158 176 161 180 164 166 167 169 98 106 33 14 182 31 179 102 179 179 41 96 160 178 47 178 103 179 180 181 184 186 186 187 187 118 129 186 132 187 88 122 133 183 123 183 181 124 136 166 132 91 166 166 147 133 167 187 142 189 171 189 189 190 191 164 139 137 134 130 108 122 116 113 113 126 128 103 132 102 97 94 92 89 89
86 79 83 74 164 145 162 163 146 168 144 152 164 167 187 166 147 176 146 146 146 147 150 151 152 194 150 201 152 203 152 152 152 152 152 153 153 152 152 152 152 152 151 152 152 151 153 239 150 170 152 152 152 152 152 253 218 152 94 7 87 153 154 155 175 90 89 17 147 148 23 18 31 6 191 62 134 136 138 139 139 141 40 87 141 141 142 50 77 136 139 97 140 141 100 141 142 145 147 149 152 158 162 167 110 168 140 169 170 132 149 172 172 172 135 169 170 170 171 173 174 173 145 149 179 180 179 168 168 168 170 173 172 171 149 144 138 133 129 127 124 121 109 120 95 97 102 108 115 120 121 124 130 135 140 146 142 145 149 176 132 152 191 152 214 181 152 136 162 144 146 151 172 176 214 178 161 165 185 168 170 172 34 97 13 184 93 102 95 161 161 22 160 180 47 176 176 176 178 178 58 181 181 182 184 186 186 186 81 184 84 185 185 89 182 182 182 163 163 80 165 187 131 166 166 95 165 185 187 171 171 171 171 171 190 138 139 138 136 133 130 126 123 97 130 131 119 133 122 133 109 104 102 100 97 97
97 93 95 95 143 144 147 143 145 146 147 146 155 146 146 146 168 196 167 146 168 169 170 172 153 196 174 174 152 152 173 181 172 198 172 174 204 152 152 152 152 152 151 152 152 151 153 240 239 151 153 205 153 153 154 254 151 154 154 154 154 154 154 154 154 20 20 20 102 23 46 39 32 25 255 190 113 135 64 135 136 137 69 137 140 90 76 76 118 120 125 128 130 131 55 112 57 57 109 125 151 156 159 164 165 167 168 123 148 172 131 129 127 165 126 144 145 167 151 145 135 154 165 157 158 168 176 150 171 175 172 172 173 149 170 145 142 138 135 132 127 124 131 98 118 95 99 101 107 113 113 115 117 124 131 133 135 137 142 145 148 151 152 151 150 129 131 137 141 144 169 172 151 154 237 179 184 164 165 168 172 173 13 13 34 13 14 161 37 161 21 42 179 94 178 155 156 29 157 158 158 115 103 158 161 184 184 127 162 116 163 119 67 185 163 121 163 137 184 80 165 166 146 187 188 95 166 187 169 172 133 191 144 191 136 142 186 138 135 131 131 127 103 100 135 135 136 137 126 114 134 109 104 119 104 103
128 107 109 128 168 169 166 173 146 148 149 157 188 146 146 146 146 146 161 146 163 146 190 173 176 219 174 176 178 224 173 198 150 181 201 150 186 176 152 152 152 152 151 152 152 151 177 242 241 152 153 154 154 154 209 254 152 177 154 154 154 154 154 154 154 44 44 20 103 44 40 30 137 19 18 133 134 140 189 189 131 134 135 69 140 142 118 126 134 140 144 147 150 152 135 78 76 73 68 66 119 133 157 160 161 163 165 166 120 167 170 128 127 123 142 147 150 151 153 127 128 126 156 117 149 135 167 171 173 174 173 150 172 172 171 147 145 142 139 135 148 128 109 121 94 95 124 97 102 105 109 110 111 116 124 127 130 135 138 140 145 147 175 147 150 150 153 158 162 166 169 172 151 154 154 180 183 185 188 189 192 193 36 97 12 13 14 162 15 160 42 105 179 156 156 155 155 155 113 180 180 115 180 159 184 162 162 163 163 164 132 187 118 163 121 163 164 76 162 80 165 166 166 167 151 95 165 189 192 193 131 129 184 154 136 184 183 134 132 129 129 127 123 140 139 138 138 139 112 159 111 120 106 121 106 134
105 132 111 107 144 145 142 146 147 180 149 149 149 159 173 183 171 146 161 172 171 146 147 174 174 175 148 177 177 225 173 173 175 175 210 150 151 151 151 151 152 227 152 152 152 151 153 240 240 177 177 178 180 22 23 223 152 95 178 177 178 88 177 180 181 20 151 45 42 35 139 14 125 128 193 130 132 131 130 22 128 131 134 137 116 122 130 143 154 160 166 169 173 174 159 138 96 91 86 82 80 75 108 128 133 135 165 118 141 141 168 125 146 149 157 162 166 169 180 170 146 144 141 134 133 166 163 169 169 170 171 173 172 174 173 146 149 145 141 164 130 131 116 101 96 85 85 95 98 100 102 104 144 106 112 120 122 125 131 134 138 140 142 143 145 151 154 157 135 138 142 147 177 179 237 181 184 225 162 189 31 192 35 191 38 95 40 38 39 185 44 18 156 108 181 49 108 96 181 182 62 102 156 158 187 188 54 189 85 189 88 133 160 164 191 124 164 164 164 126 165 166 166 165 166 192 124 192 168 105 104 163 135 155 130 153 131 178 129 127 123 127 165 139 124 138 110 136 146 134 135 109 126 108 108 132
105 106 112 113 144 145 142 152 148 149 149 149 149 167 166 184 159 173 146 148 165 147 148 168 173 174 173 176 176 175 175 176 176 178 210 150 151 151 151 179 152 213 180 152 152 151 153 240 240 149 177 178 180 226 251 150 151 178 177 178 178 87 150 152 182 47 103 41 145 18 12 9 98 126 191 100 130 183 128 249 98 130 109 114 130 139 152 166 171 175 180 183 187 185 185 151 168 106 102 99 99 94 93 90 143 145 147 150 149 129 151 159 167 172 179 186 190 190 203 191 167 165 160 151 150 144 140 138 134 165 170 171 172 173 173 149 174 148 144 141 140 136 129 117 103 98 98 68 69 71 101 103 104 77 107 112 115 119 125 128 132 137 139 141 143 150 155 156 162 166 169 173 177 152 182 183 184 186 188 189 89 189 92 191 163 96 39 12 39 183 105 183 93 47 106 48 49 178 180 181 100 181 183 158 160 189 189 189 84 130 187 188 160 137 190 190 191 190 190 190 163 193 150 191 193 165 135 193 194 196 132 190 129 184 129 127 150 129 128 126 144 128 165 132 163 163 147 122 107 106 107 127 154 137 117 107
107 108 115 111 173 145 141 174 177 183 148 149 150 168 168 146 187 146 147 150 150 169 148 186 145 146 222 198 195 196 145 145 149 149 149 149 186 181 151 151 152 152 152 153 153 197 183 14 14 149 241 149 182 184 253 151 255 149 149 151 151 151 151 106 45 42 146 24 13 8 191 10 176 100 100 100 18 18 19 96 97 100 111 127 145 156 172 182 184 188 192 195 198 184 196 119 118 158 119 114 177 112 110 109 164 166 168 117 167 168 172 181 189 194 200 205 208 208 179 208 207 182 179 173 170 160 154 148 138 135 163 168 169 170 173 173 179 179 148 144 142 141 139 129 118 110 103 101 69 114 70 102 103 106 104 107 111 114 118 123 128 133 135 138 143 120 154 126 133 137 141 173 175 180 197 180 181 185 187 187 188 189 189 189 188 36 90 104 91 153 104 180 182 93 49 151 21 180 151 152 182 182 184 187 187 188 109 110 111 186 156 188 190 137 189 190 190 191 106 191 193 194 119 163 164 194 194 156 155 126 125 151 125 149 123 175 126 124 125 124 166 145 120 131 144 130 160 162 135 135 136 156 139 109 117 108
143 110 116 116 173 173 141 141 147 148 148 150 151 160 189 149 162 179 193 180 181 196 148 186 145 178 224 146 199 196 145 146 149 151 152 214 214 151 151 151 152 153 153 154 154 234 152 239 14 149 203 203 182 183 27 150 255 149 151 87 151 105 152 46 36 24 14 7 134 190 102 102 193 101 179 180 18 96 193 97 99 109 127 143 160 173 186 194 199 202 204 206 173 129 128 128 126 125 123 159 121 183 182 156 180 182 158 180 183 184 189 196 201 206 210 212 216 216 188 232 189 186 185 180 178 172 164 157 147 138 135 167 168 170 172 175 179 143 148 145 136 143 165 138 132 120 111 106 102 69 69 103 105 73 72 105 108 110 114 120 125 129 101 105 111 154 124 126 134 169 171 173 175 179 216 179 180 183 186 187 186 229 186 144 184 183 184 88 184 40 88 181 45 91 91 151 53 182 151 152 99 151 185 186 188 156 157 188 111 156 188 133 189 189 138 158 158 191 75 160 194 194 195 163 122 122 128 123 122 121 119 177 118 120 172 144 119 91 168 125 143 118 130 118 129 114 142 160 133 124 145 156 138 116 154 116
120 111 116 144 141 141 141 141 146 148 148 182 183 201 159 181 181 148 148 148 215 196 147 186 186 145 199 145 145 145 175 176 150 244 187 214 249 151 152 151 151 154 154 154 199 234 152 238 238 149 245 245 150 151 151 151 151 151 154 154 154 14 108 39 22 10 5 225 100 101 102 179 179 136 181 244 195 180 100 101 109 128 144 161 176 185 193 200 204 206 208 211 211 200 130 130 169 128 127 126 127 190 189 129 186 221 187 195 191 193 197 202 207 210 212 215 217 216 205 189 189 187 221 183 181 176 169 165 160 147 139 135 135 170 138 175 168 169 168 145 144 169 136 142 138 130 125 116 108 105 70 93 72 73 72 72 107 108 113 118 123 129 133 105 144 153 157 159 166 168 169 172 175 176 211 174 177 179 182 183 183 203 182 182 28 180 180 180 180 84 179 148 182 148 148 182 92 148 152 98 186 118 187 154 156 108 190 109 189 189 189 91 189 158 158 158 158 192 193 193 194 117 194 152 127 120 118 185 119 120 116 174 174 173 174 122 172 124 169 126 114 165 129 129 128 142 129 111 122 123 113 144 155 156 122 122
154 144 116 111 141 141 141 141 146 154 148 196 181 181 157 181 181 181 147 148 181 166 183 186 145 146 203 201 145 145 204 146 184 185 186 151 189 152 191 151 187 151 151 151 187 223 153 238 238 149 245 245 151 151 152 151 188 87 153 191 109 45 149 23 198 109 200 110 111 112 186 241 183 107 106 248 104 249 105 112 130 150 162 174 185 194 200 205 209 212 212 178 132 178 133 131 202 196 130 193 164 226 191 165 188 189 191 192 194 198 202 205 210 212 214 216 203 217 237 224 224 200 223 193 183 180 175 172 165 156 148 140 136 168 172 166 132 177 172 172 144 164 182 145 140 136 107 129 116 110 93 125 73 73 73 72 107 109 114 119 125 130 101 141 110 153 158 160 164 167 168 171 173 208 173 173 173 175 177 178 178 179 179 181 180 30 179 33 179 180 145 181 183 183 148 109 150 114 115 98 118 153 153 154 78 190 130 109 131 111 155 155 155 156 156 158 144 193 193 195 149 125 195 118 124 118 148 148 81 118 115 175 117 112 171 118 169 113 132 144 125 141 126 160 141 159 110 159 123 132 153 120 147 157 157 151
150 110 151 112 141 141 141 141 146 159 148 162 154 145 166 145 145 145 147 185 219 218 184 185 145 146 149 148 197 175 183 146 149 183 186 188 189 189 1 188 188 151 151 151 151 151 153 238 238 150 245 245 151 151 152 151 151 189 191 189 105 40 28 19 115 129 132 133 134 81 9 129 7 91 71 7 73 123 126 136 153 170 180 189 194 201 206 209 250 213 215 214 179 206 134 132 203 170 130 130 130 193 192 192 230 169 193 194 199 201 204 208 212 212 215 217 217 217 189 188 188 209 187 194 184 181 177 173 170 161 154 146 172 171 170 164 131 164 164 164 180 164 182 182 141 140 137 134 127 118 114 111 73 73 73 117 108 109 113 120 125 130 135 141 146 152 158 160 160 163 165 167 168 169 169 170 171 173 175 176 175 176 142 180 201 27 177 178 179 180 83 182 105 184 185 17 188 61 188 189 153 156 106 156 41 154 47 86 191 154 155 113 136 191 191 192 119 156 157 195 195 151 125 118 119 119 122 120 119 119 116 142 115 171 119 119 139 107 165 122 163 108 140 123 90 143 158 159 111 109 96 155 157 157 120 122
110 110 115 115 141 141 141 181 185 193 155 193 192 185 194 145 145 145 186 147 148 180 185 201 185 185 145 150 200 199 147 179 148 188 148 149 188 190 2 190 190 151 151 151 197 190 192 21 188 188 28 229 190 191 191 152 151 105 105 104 148 253 222 225 140 156 158 160 160 107 35 32 30 24 141 92 115 142 148 160 173 183 188 195 200 204 209 212 214 179 215 254 215 176 176 133 171 131 130 198 170 192 230 198 199 192 173 197 199 202 206 209 211 213 215 255 0 217 189 188 188 187 198 232 184 181 178 219 171 163 158 151 138 131 170 166 170 159 164 160 161 161 168 179 154 180 177 137 175 128 122 114 73 74 99 117 97 70 75 81 151 131 133 140 145 152 157 158 157 160 162 169 165 166 167 177 168 171 172 174 16 177 179 24 177 222 198 199 176 180 82 182 183 146 186 148 115 95 190 153 194 195 156 156 155 131 86 107 192 195 155 138 113 153 139 191 194 196 156 115 156 196 152 123 151 153 83 82 146 115 79 117 115 170 171 109 80 125 126 106 140 163 107 143 129 109 108 121 121 147 157 111 118 149 120 161
110 149 115 116 141 141 141 141 145 148 161 146 145 145 145 145 145 145 187 148 148 222 145 145 145 145 188 148 212 211 178 212 148 148 148 190 219 150 218 149 150 152 152 152 152 197 191 190 190 148 203 189 190 192 150 237 211 148 149 147 229 143 151 157 165 174 177 146 146 53 53 49 46 137 165 166 118 166 168 174 185 188 191 197 202 206 210 213 215 217 217 211 211 136 177 133 131 172 171 166 129 233 190 133 199 191 237 197 242 244 248 210 211 254 255 214 215 215 240 202 230 249 226 194 184 181 220 176 173 166 160 154 142 133 130 171 170 121 157 161 155 154 155 176 151 152 178 178 174 130 125 115 76 100 117 117 113 71 116 121 127 130 133 138 143 148 154 223 154 157 159 162 167 165 166 168 177 169 170 172 174 190 216 173 174 175 26 26 172 174 176 179 184 186 145 189 190 148 150 153 154 155 130 130 196 85 108 131 132 195 196 56 154 155 62 154 154 155 156 74 157 158 81 153 123 155 83 82 80 147 120 76 116 170 171 130 81 79 126 124 83 123 123 88 89 122 121 121 137 110 119 121 121 121 120 121
110 110 115 116 142 143 140 142 146 154 196 161 145 145 145 145 145 145 161 189 190 180 145 145 145 145 188 190 175 240 241 145 148 148 148 148 150 151 223 194 194 151 151 151 151 231 198 235 149 150 242 204 245 150 195 151 42 40 39 140 143 154 168 181 185 188 192 161 192 66 65 134 182 182 157 180 180 180 181 185 190 193 194 199 204 207 211 214 216 217 183 217 213 136 135 208 131 129 196 127 128 190 191 134 190 191 239 241 244 200 205 209 211 212 213 214 214 240 240 230 229 228 195 201 227 224 177 177 217 210 162 156 147 137 131 127 168 165 159 154 118 117 119 151 119 148 175 175 116 173 170 118 100 119 117 159 112 113 115 120 126 127 133 137 140 144 148 179 150 152 154 157 192 162 165 166 167 174 168 169 172 214 174 216 173 174 175 131 131 133 134 136 183 186 189 146 147 148 150 154 153 198 82 105 129 40 196 88 107 195 196 111 197 199 117 199 155 157 157 158 158 202 201 81 155 157 83 154 125 78 76 135 75 106 129 173 125 122 170 82 143 167 107 122 122 134 148 163 149 119 121 121 114 148 121 122
112 153 158 159 143 190 145 140 146 149 161 147 157 145 145 145 145 145 145 162 190 190 145 145 145 145 144 171 190 210 197 145 148 148 148 148 151 190 8 150 150 151 151 151 231 151 229 201 150 203 149 150 246 151 210 41 41 39 231 147 157 172 184 197 200 200 200 70 199 73 72 190 189 140 72 139 186 188 188 191 194 196 197 200 204 209 212 214 217 219 216 136 136 137 136 134 131 129 196 129 128 190 237 204 191 192 239 241 244 200 205 209 211 212 213 213 213 199 1 230 228 227 247 193 227 181 178 222 218 213 208 158 149 140 132 127 168 164 115 153 168 167 148 115 171 144 144 172 171 151 169 163 115 96 97 159 158 109 111 114 118 123 128 132 135 140 144 146 149 151 155 157 159 161 163 199 164 165 166 167 169 173 16 171 187 173 175 176 177 133 134 135 103 184 188 190 192 193 196 198 104 154 154 107 134 43 132 195 196 150 151 152 141 151 154 154 201 157 158 123 155 122 202 126 157 129 127 122 81 78 113 147 76 130 131 80 80 78 171 124 82 122 121 167 148 120 139 164 109 120 121 121 104 103 121 122
157 155 111 158 142 142 147 141 194 197 164 148 157 145 145 167 144 144 144 144 144 145 144 144 144 144 144 144 144 144 145 193 180 193 148 148 150 152 218 150 150 229 150 230 150 198 232 150 198 150 151 151 39 210 42 40 232 142 142 158 174 190 200 206 206 207 74 204 151 76 76 74 143 191 191 191 173 192 194 196 196 196 198 250 205 209 5 216 218 220 186 137 216 186 136 208 179 129 128 129 192 129 178 238 239 208 240 242 244 247 251 255 3 238 3 4 227 228 181 238 195 228 237 229 181 180 225 174 219 168 164 204 197 142 135 128 168 164 152 151 158 158 102 170 169 111 111 168 166 104 164 160 159 157 154 151 148 98 101 107 111 116 121 126 129 134 139 142 143 145 148 151 156 161 162 166 167 163 164 118 167 171 172 212 173 187 173 175 176 178 227 181 231 184 185 190 190 193 196 153 153 203 39 155 155 92 41 147 149 109 152 154 112 143 154 154 156 158 158 153 120 199 200 154 125 120 119 193 128 116 79 79 136 78 180 112 81 125 170 129 146 122 106 132 88 150 139 107 119 121 121 121 114 120 121 121
162 108 111 157 144 145 144 145 194 198 199 166 214 145 145 167 144 144 144 144 144 145 144 144 144 144 144 144 144 144 145 145 178 144 145 147 149 201 12 150 150 194 199 150 150 150 150 235 197 200 150 152 239 42 41 39 141 148 154 172 189 199 207 210 210 211 78 209 156 80 77 76 195 174 78 193 194 194 194 196 196 185 198 250 254 211 214 216 218 220 220 186 138 187 136 215 132 130 128 177 167 129 178 238 239 168 240 242 244 248 202 255 2 5 196 4 227 228 229 194 194 180 230 230 229 228 226 223 220 217 164 206 152 147 139 130 122 116 103 116 102 168 166 162 160 158 158 155 152 149 147 125 147 145 143 139 136 88 90 95 101 105 112 116 118 124 129 122 129 132 137 142 147 151 185 238 237 151 153 155 160 163 165 167 169 171 171 174 176 177 178 181 135 135 4 188 191 193 148 153 153 204 107 154 155 92 42 149 150 201 202 114 154 107 154 155 206 124 71 121 155 122 122 117 118 126 117 116 116 192 130 80 187 130 132 132 131 79 125 82 131 171 106 84 88 138 138 170 171 121 121 121 161 171 121 121
158 111 112 158 145 146 146 146 145 148 157 214 213 144 144 145 169 144 144 144 144 144 144 144 144 144 144 144 144 144 144 144 144 144 145 146 214 188 188 199 201 20 149 201 233 201 200 235 147 201 201 202 201 41 39 142 145 158 173 187 199 205 210 212 212 160 159 211 160 83 155 79 78 176 149 194 195 195 196 196 196 196 197 201 205 210 213 216 218 220 137 219 186 138 137 136 134 131 129 167 128 204 128 239 239 185 238 239 242 247 252 255 1 2 2 1 192 255 254 226 251 229 230 229 229 233 225 222 221 219 216 209 205 151 143 135 175 168 160 165 163 160 153 150 148 147 147 142 138 134 135 134 67 133 132 129 129 81 85 91 94 98 101 105 110 113 117 119 119 120 127 133 135 137 139 138 138 139 141 147 154 157 161 170 160 161 165 169 173 176 194 179 232 186 137 190 192 142 149 153 154 154 154 154 140 43 152 108 203 153 153 205 205 115 154 156 209 157 158 154 70 122 121 196 196 195 125 193 193 155 116 156 132 131 181 182 109 129 129 85 83 83 121 173 138 116 116 117 170 109 120 121 121 121 121 160
159 106 161 107 197 198 199 199 147 147 207 154 205 144 144 145 169 144 144 144 144 144 144 144 144 144 144 144 144 144 144 144 144 198 181 146 228 149 229 147 149 223 200 195 194 199 200 200 200 201 203 38 239 244 142 146 156 171 183 197 206 209 212 213 213 161 213 83 211 83 207 135 79 197 80 195 197 196 196 196 196 196 197 201 205 8 213 216 15 17 221 138 187 139 138 137 134 131 129 208 128 128 181 203 238 183 236 238 242 247 252 255 203 0 0 202 255 237 236 225 235 227 236 229 228 228 172 171 222 166 217 209 152 152 144 186 173 106 163 156 138 153 144 142 137 135 133 127 122 101 122 121 53 96 124 79 72 78 81 85 89 91 116 94 96 100 104 107 107 108 114 119 120 122 124 124 123 124 125 134 148 151 153 154 154 155 159 166 171 173 177 179 181 186 137 138 143 146 149 153 154 154 154 154 209 154 153 153 154 146 154 154 155 60 154 158 122 157 161 158 70 68 68 143 143 142 152 194 155 193 155 112 131 130 128 128 128 130 129 138 136 107 121 120 86 117 117 91 117 171 173 121 121 121 167 159
105 107 163 160 144 144 144 144 201 213 202 159 144 144 144 144 144 144 144 144 144 144 144 144 144 144 144 144 144 144 144 144 144 202 144 202 186 13 227 201 202 19 229 191 22 198 198 199 32 33 233 234 194 198 150 160 172 189 195 202 207 211 213 214 214 215 190 162 84 190 84 81 200 81 81 198 198 198 186 196 251 196 198 201 205 9 12 216 218 218 220 189 220 140 194 137 134 132 131 130 129 184 126 125 182 183 234 237 241 246 251 255 1 233 255 234 254 224 236 224 250 235 184 228 227 226 176 225 222 221 217 155 154 154 200 132 170 157 149 134 114 133 121 131 126 124 122 119 115 81 82 118 94 76 77 78 98 80 27 85 34 36 38 75 94 97 99 99 99 99 100 104 109 192 112 112 198 111 114 124 141 146 150 153 152 152 157 163 169 172 176 181 128 131 138 140 147 99 150 154 33 153 153 153 156 154 154 47 154 52 154 155 156 157 157 157 157 161 158 71 70 67 124 113 142 142 140 130 154 194 131 131 130 129 105 181 182 183 138 137 178 122 121 120 120 156 174 147 173 149 172 175 176 161 162 160
170 162 107 109 144 145 144 144 145 152 152 153 201 201 201 157 144 144 161 201 201 201 201 201 201 201 201 201 201 201 201 201 144 224 145 204 186 185 13 198 200 227 198 229 140 141 225 193 197 141 236 144 146 154 163 174 186 199 202 204 209 212 214 188 214 215 192 214 192 85 143 83 201 185 154 199 199 188 90 197 198 198 199 201 205 207 211 17 19 218 22 22 22 140 138 138 193 191 131 130 128 127 127 183 160 182 180 233 240 245 250 254 255 255 218 254 184 166 224 166 249 226 182 227 225 224 223 166 221 221 159 157 156 155 145 133 168 147 132 124 122 105 125 123 121 121 119 118 57 95 82 96 118 76 77 79 81 27 30 31 93 94 94 118 96 97 98 125 97 97 97 99 101 133 103 135 101 104 111 123 83 87 149 154 96 98 100 107 113 115 121 183 128 133 140 143 150 152 154 155 139 212 211 211 213 211 211 212 114 150 212 152 158 122 160 70 160 131 215 72 71 68 67 113 142 199 113 139 73 156 131 188 72 149 181 181 132 104 180 122 180 107 157 121 121 88 117 90 173 115 173 173 174 166 110 166
166 110 110 107 202 204 203 204 206 216 217 143 143 143 143 143 144 144 172 143 143 143 143 143 143 143 143 143 143 143 143 143 144 144 144 145 185 13 208 139 183 139 141 144 224 144 229 141 141 144 148 153 161 170 180 188 194 200 203 207 211 214 216 217 216 215 164 194 165 86 85 85 84 84 189 200 200 157 198 198 198 199 201 202 206 209 15 214 216 219 220 220 220 140 139 138 136 134 131 130 130 127 128 210 206 182 176 230 239 245 248 251 253 230 216 253 253 222 222 249 248 247 247 224 224 222 226 222 219 218 216 216 216 155 205 192 164 139 124 122 121 55 110 121 105 60 60 60 100 27 47 60 58 58 19 22 25 27 31 34 35 36 36 36 37 38 41 40 39 40 128 87 89 181 101 185 132 104 110 64 83 147 92 96 97 100 105 110 115 117 122 126 131 135 142 146 153 156 156 156 37 155 143 38 153 153 44 154 154 116 154 117 158 160 161 162 166 157 157 72 71 68 68 69 69 141 129 195 194 109 130 130 130 103 182 130 180 180 181 155 181 158 143 157 178 147 159 148 114 114 114 114 114 110 174 103
111 111 168 166 201 203 203 205 205 205 210 143 143 155 155 204 205 205 216 143 163 204 204 143 143 143 143 143 143 143 143 205 205 205 206 206 209 208 228 143 151 154 160 161 161 162 162 247 160 164 167 172 177 185 190 194 197 202 205 208 213 215 217 194 194 196 197 215 196 165 147 162 160 86 157 201 193 194 199 199 199 200 202 204 207 210 212 215 217 24 220 26 232 140 230 200 199 135 133 131 131 168 129 211 160 182 173 230 178 245 247 250 251 175 214 251 251 177 220 245 245 221 243 222 222 222 220 219 217 214 153 215 214 215 145 192 156 132 121 118 117 101 108 122 121 106 60 50 61 28 49 60 59 59 81 85 26 29 32 96 36 37 37 39 40 127 41 40 102 41 41 40 118 121 101 131 97 105 54 69 145 88 94 98 97 104 107 114 118 122 125 130 132 135 206 148 155 157 219 157 112 144 217 109 153 146 112 215 154 155 117 156 160 128 161 169 134 124 166 122 121 70 69 160 131 159 113 70 68 107 130 153 67 184 69 151 100 101 152 152 179 104 103 157 116 160 87 160 105 161 174 163 105 174 166 107
111 167 165 166 136 136 202 205 206 207 144 143 143 162 163 142 206 206 206 206 218 142 206 206 143 143 143 143 143 143 143 227 143 206 207 143 144 147 155 165 172 172 12 129 175 177 114 8 176 179 181 185 188 190 193 196 199 203 206 209 212 215 218 218 167 84 85 84 198 87 87 87 86 88 161 196 195 201 7 7 200 200 202 204 206 17 20 215 25 218 26 219 140 140 139 138 137 136 134 132 132 131 192 190 124 181 171 228 240 244 166 220 246 247 171 249 185 230 219 219 245 222 223 221 221 226 220 217 214 211 216 215 214 215 207 191 153 128 57 41 57 57 109 110 35 35 61 62 63 30 64 63 63 48 22 87 27 32 35 35 38 39 41 41 41 129 41 85 86 41 88 40 41 121 38 134 38 45 60 76 88 95 100 103 105 108 113 118 121 125 129 132 133 136 145 152 155 158 157 157 158 37 155 152 154 43 153 153 154 156 156 157 160 165 161 135 135 157 71 72 153 72 149 71 69 161 161 72 111 68 130 69 130 184 101 184 120 120 72 181 116 156 179 157 178 180 105 115 178 154 104 93 111 111 111 168
167 104 165 165 135 135 138 204 205 206 206 207 208 215 216 142 157 142 207 207 207 143 243 206 205 205 206 208 143 143 228 208 178 207 142 144 147 158 172 183 22 186 187 141 187 188 188 123 185 187 190 193 194 196 197 199 201 12 208 209 23 26 27 218 200 84 86 169 88 88 88 88 209 89 206 163 198 201 199 11 202 204 203 204 208 19 22 25 184 186 218 29 205 205 185 138 138 136 135 175 133 131 129 127 191 116 174 230 237 239 158 242 244 245 247 248 248 217 217 168 178 221 220 219 219 219 223 217 215 150 214 214 214 215 207 188 150 128 124 43 59 44 63 62 62 36 111 33 63 95 109 50 50 25 25 28 31 35 38 41 44 47 48 86 47 138 48 91 45 92 93 44 140 124 91 39 42 50 66 82 94 100 105 109 112 115 119 123 127 130 131 205 132 140 151 139 157 157 157 157 147 103 148 217 150 109 153 152 154 156 157 159 162 126 229 72 71 168 157 156 155 139 150 74 70 142 72 139 72 111 69 134 65 151 185 101 70 183 101 139 180 180 157 144 100 179 160 159 100 160 162 174 102 173 173 103
95 168 164 163 135 135 138 138 139 145 206 206 207 207 154 208 208 209 218 207 207 207 206 206 206 206 139 142 143 175 210 144 199 10 141 148 160 177 188 195 197 132 153 198 153 197 155 25 194 194 195 161 9 10 199 201 202 204 208 209 25 215 78 218 84 85 169 217 216 169 89 89 89 208 92 165 163 201 94 201 13 203 205 207 207 174 211 25 215 217 219 218 139 139 138 139 138 205 179 135 134 132 129 194 191 185 175 229 234 207 237 237 239 241 244 163 224 243 242 215 239 216 223 235 218 218 230 148 214 151 214 215 212 213 206 187 149 62 61 48 65 50 68 68 66 119 58 55 67 65 30 67 112 29 29 32 35 40 42 45 50 54 56 57 57 122 121 49 49 116 48 96 125 45 125 39 47 56 73 89 100 107 112 115 118 122 124 128 130 202 132 200 135 143 153 28 158 111 160 36 36 36 113 153 150 153 154 48 155 156 157 161 162 68 163 73 72 72 172 156 127 74 124 75 74 73 165 72 138 72 70 135 133 131 185 155 99 117 71 99 114 142 143 144 177 158 146 96 157 148 149 169 170 170 171 171
160 168 98 96 135 135 208 145 138 138 138 138 138 208 216 138 138 138 138 138 138 138 138 138 138 138 208 142 212 230 141 212 199 139 146 158 174 191 200 202 158 160 205 25 159 158 26 158 134 195 196 137 197 198 200 201 204 181 22 209 212 29 217 218 84 170 171 206 206 89 214 168 90 91 205 207 94 164 163 201 203 205 206 215 207 208 211 213 215 31 33 219 139 189 138 139 139 138 231 179 136 134 130 195 191 183 174 227 229 200 230 146 233 235 238 239 239 239 219 157 236 211 232 155 231 218 216 216 148 216 149 214 212 213 206 186 80 65 55 57 59 60 137 82 81 81 79 127 73 120 37 73 72 31 32 37 42 45 49 52 57 63 65 68 68 131 127 127 152 100 54 131 131 129 128 42 52 65 83 98 108 115 118 121 125 130 131 131 132 133 133 207 141 149 159 162 32 160 36 37 37 112 225 113 224 224 224 116 156 157 158 231 232 234 165 74 74 143 74 127 175 75 124 76 171 75 75 75 139 73 139 135 133 96 117 100 68 157 140 114 157 156 142 93 155 93 144 144 144 89 168 167 157 168 169 168
94 164 98 163 135 207 207 209 138 138 138 138 138 138 138 138 138 138 138 138 138 138 138 138 138 138 138 142 141 141 193 212 198 144 152 168 185 201 158 161 210 27 209 30 29 28 138 29 29 196 197 197 197 199 201 202 205 152 207 209 212 214 217 218 84 219 219 220 91 172 91 212 91 211 93 207 207 166 206 203 204 20 206 110 207 209 26 213 215 32 34 219 219 140 239 140 211 183 140 138 136 135 130 195 121 112 105 136 225 180 199 139 228 231 208 233 233 150 203 230 230 230 151 219 151 229 215 214 146 145 220 145 213 212 204 182 79 60 61 64 67 68 71 72 94 93 91 87 138 85 83 80 76 121 36 40 45 49 54 60 66 70 71 112 72 135 133 132 61 107 59 135 134 132 100 46 57 73 90 101 113 118 122 125 130 133 134 134 205 205 133 251 142 157 163 236 34 162 163 37 39 158 40 154 155 155 155 156 157 159 161 164 164 166 168 77 77 76 77 160 78 77 77 77 123 174 148 146 169 74 68 65 132 115 153 187 97 155 184 155 139 92 176 140 139 88 141 140 141 164 150 165 154 165 166 155
166 90 164 161 208 208 135 209 211 221 211 211 211 217 210 210 210 210 210 211 211 210 211 138 138 138 138 214 230 230 139 213 215 147 162 178 194 206 209 210 211 29 210 31 31 30 30 30 199 31 199 199 198 199 201 203 21 206 208 26 30 213 217 218 218 219 219 219 37 92 92 92 92 211 170 95 167 207 98 22 168 205 24 25 207 208 211 213 216 217 217 218 241 141 141 141 140 140 140 139 210 135 203 123 195 115 107 103 192 224 225 225 225 227 229 209 230 200 210 226 228 214 145 226 215 211 211 144 217 147 216 216 212 209 203 178 80 71 66 70 73 74 77 79 161 103 102 89 85 95 91 86 81 39 40 44 50 54 60 67 73 114 78 175 120 143 140 168 114 139 112 139 139 138 107 52 61 77 92 108 179 193 124 127 132 135 135 62 243 207 134 136 146 158 162 163 163 164 38 37 39 159 158 116 156 156 156 156 159 234 162 165 168 170 171 185 80 80 135 80 80 79 127 78 123 147 74 74 74 146 141 139 60 153 152 186 136 136 182 138 136 135 134 170 136 166 136 79 136 160 147 140 140 156 159 161
154 161 161 158 134 134 135 211 211 221 211 211 211 135 134 134 134 134 134 135 155 135 138 138 138 138 230 138 138 171 138 138 141 156 175 185 201 207 210 210 211 211 210 31 145 31 143 32 168 167 199 199 198 174 23 23 203 206 208 208 211 213 217 218 218 220 210 174 219 92 216 93 93 212 171 96 208 208 169 173 23 168 24 24 205 208 211 213 216 217 217 218 214 218 141 141 212 141 140 139 136 135 128 124 197 117 110 104 173 146 147 223 223 225 152 195 227 196 139 209 142 142 149 213 208 214 147 222 218 140 139 140 137 133 200 104 85 69 72 75 77 80 83 85 86 87 116 114 109 101 100 95 93 51 50 52 55 59 66 74 78 83 85 85 125 147 145 145 144 143 144 144 142 164 139 55 67 83 95 112 120 122 125 128 132 136 137 245 244 132 134 138 152 160 162 163 163 165 38 37 39 159 159 160 158 158 156 156 235 161 165 168 169 170 173 81 170 138 167 82 83 80 182 154 179 123 74 74 74 146 141 160 60 136 57 91 59 106 105 134 83 131 130 167 144 163 132 142 73 157 157 74 156 156 81 158
149 158 159 154 134 134 134 134 134 134 134 134 134 134 134 220 134 134 134 134 134 135 161 230 138 139 138 185 138 234 138 173 140 161 182 197 205 209 23 211 28 210 211 33 208 33 33 145 170 33 198 20 200 201 24 203 205 57 206 210 210 212 215 218 219 220 220 90 91 218 94 94 214 95 96 96 208 207 98 210 22 202 26 204 206 28 32 212 216 216 217 218 218 218 142 142 142 212 219 140 136 135 131 204 120 117 111 104 97 221 129 223 224 226 227 193 194 226 198 226 226 226 226 225 208 213 214 223 145 145 218 216 212 208 198 104 88 73 74 78 81 84 87 88 90 92 93 112 181 116 101 110 103 60 58 59 155 64 74 79 85 89 129 129 150 150 148 77 148 146 144 144 170 143 166 64 79 95 105 115 124 127 229 131 134 214 216 67 66 211 136 145 157 161 161 241 164 164 162 38 160 160 43 160 46 159 234 234 160 163 167 168 170 170 250 173 172 142 86 192 84 159 130 183 79 78 77 75 73 68 142 140 61 138 134 131 147 146 82 131 130 129 166 142 142 74 131 159 159 80 81 81 81 80 149 157
144 152 152 153 134 134 134 134 134 134 134 134 134 134 134 133 136 151 134 134 214 214 160 217 233 219 140 187 171 12 216 216 144 170 190 202 207 35 214 215 29 212 33 211 34 34 34 35 144 172 144 143 201 201 203 205 207 155 206 210 210 212 216 218 43 220 220 175 91 218 42 95 175 174 96 176 208 207 98 176 212 165 25 28 30 206 209 36 216 216 217 218 218 218 248 143 143 222 141 141 138 135 131 128 121 118 113 185 98 218 219 222 224 225 133 226 135 147 146 226 226 212 213 207 207 221 136 142 224 220 217 215 210 204 116 105 93 87 164 81 85 89 92 93 97 99 103 193 133 133 128 121 115 111 108 106 60 71 78 83 89 93 194 153 131 153 151 150 148 148 146 144 145 145 64 74 90 103 110 119 127 132 197 133 202 214 214 213 67 134 140 148 236 239 163 164 119 161 162 38 160 160 43 239 120 159 49 159 162 163 167 168 250 170 171 174 196 197 253 88 87 85 83 79 152 79 79 76 73 149 63 140 140 137 134 129 126 141 124 169 127 125 162 162 70 130 69 159 70 159 147 81 64 144 144 149
65 148 73 74 134 134 134 134 134 134 134 134 134 134 134 149 137 162 135 134 134 134 134 216 219 220 222 171 13 186 136 140 153 179 19 201 207 211 215 216 31 212 212 35 176 36 148 149 205 38 201 176 203 202 29 206 206 206 206 209 210 213 217 218 219 168 169 44 90 217 217 175 218 176 98 217 208 207 178 177 174 207 15 22 27 31 209 212 216 215 217 217 43 43 142 217 143 212 141 142 139 136 132 129 122 118 113 105 179 168 214 121 221 223 226 146 195 227 207 226 226 212 205 206 141 223 141 144 218 216 214 210 206 200 117 110 99 171 172 87 90 94 97 98 101 103 105 105 198 197 138 133 125 119 112 109 63 73 80 85 91 151 196 94 154 192 130 152 150 149 146 145 146 176 70 84 100 109 119 122 128 131 133 133 134 134 134 243 253 139 145 153 157 159 245 244 244 118 118 119 159 120 164 124 238 240 158 161 244 164 166 168 169 252 174 176 148 90 201 91 89 86 85 80 188 81 149 158 154 147 64 60 141 138 52 46 44 141 43 140 126 138 44 126 160 81 50 78 79 78 138 161 74 143 76 76
72 72 73 154 134 134 134 134 134 134 134 134 134 134 134 134 221 246 218 134 134 134 134 218 136 221 221 223 14 236 138 144 163 184 21 200 208 213 215 176 32 215 215 36 152 179 151 208 179 149 178 30 203 203 31 154 206 191 206 36 211 41 45 218 219 215 214 218 217 44 175 220 176 182 98 97 218 218 180 178 91 167 4 15 27 204 36 40 43 216 217 217 217 217 250 217 143 212 187 143 141 137 133 212 124 118 114 106 97 165 207 209 214 219 222 224 227 228 133 143 143 205 134 123 213 223 224 137 217 213 210 206 204 116 201 115 102 100 90 93 96 99 101 102 106 107 105 105 136 106 105 140 133 122 115 113 66 157 164 86 175 93 178 94 157 90 155 153 152 149 146 68 68 69 75 90 107 117 123 128 132 200 200 133 217 218 205 135 136 145 151 156 159 245 30 116 160 161 245 37 244 167 42 41 165 156 241 243 161 165 166 169 172 193 3 4 179 180 92 147 93 89 88 84 156 84 190 76 72 66 64 61 142 137 133 128 125 170 125 126 41 139 43 78 78 78 141 161 161 144 70 162 161 144 159 159
75 76 154 153 134 135 133 133 134 134 134 134 134 134 135 135 138 163 134 134 134 134 134 134 136 137 138 223 16 136 140 152 170 190 196 202 37 215 216 155 179 215 215 37 211 37 153 210 40 205 41 203 32 32 32 33 34 35 36 37 40 212 46 48 169 174 218 218 218 91 47 95 216 98 98 173 97 97 96 94 176 163 251 9 199 204 37 210 42 45 216 217 217 217 217 143 142 212 143 143 141 138 133 129 125 119 116 108 99 164 203 205 210 215 219 199 224 131 208 226 132 132 225 225 133 224 216 134 211 210 207 205 204 117 118 118 105 104 94 98 103 105 117 104 192 200 201 106 204 109 142 130 136 125 202 201 66 72 80 85 92 93 97 158 94 201 157 155 153 149 147 68 120 75 88 103 116 122 127 132 136 203 236 133 133 134 71 2 141 151 155 159 161 161 161 162 33 161 163 161 160 246 120 158 168 158 158 159 162 165 251 254 172 78 174 176 204 148 148 177 95 92 142 87 86 85 85 76 72 67 66 62 58 53 48 43 90 40 86 126 166 166 66 78 78 47 131 73 160 74 162 163 60 71 75 75
76 76 157 69 134 222 220 220 221 221 221 221 221 134 136 224 224 250 153 221 221 221 221 134 136 166 137 16 238 223 228 247 173 190 28 203 209 47 179 48 156 215 215 183 37 155 41 41 128 205 129 180 31 180 32 32 33 35 36 206 209 44 46 49 173 217 218 219 219 181 221 176 216 98 98 222 97 97 98 96 90 75 185 10 31 204 208 42 211 214 216 48 48 48 191 191 230 252 230 143 141 225 134 171 125 209 119 198 101 166 116 204 206 208 213 117 217 218 219 219 221 223 209 203 220 219 206 206 206 122 122 119 120 122 124 123 108 106 97 104 107 201 118 200 128 193 106 194 195 207 207 206 137 213 117 101 171 72 168 174 128 182 98 207 160 205 159 157 154 237 234 68 70 84 102 112 209 126 132 136 203 4 237 202 133 134 0 138 144 153 244 162 26 161 161 162 250 162 38 162 122 161 122 172 123 160 50 160 250 165 165 167 3 140 176 179 90 178 178 178 151 95 208 91 88 88 85 81 76 71 67 64 147 95 54 46 130 143 144 126 167 66 41 79 79 133 64 64 73 161 146 163 71 154 162 75
163 163 71 71 132 135 132 132 222 233 222 222 222 223 231 223 225 251 222 222 222 222 222 223 224 239 225 16 16 221 228 248 174 23 195 203 209 214 29 216 216 217 37 37 38 127 210 185 40 205 40 39 127 144 30 31 136 31 35 38 42 45 213 50 217 217 218 176 52 93 93 216 50 178 99 98 99 98 98 187 92 76 250 9 32 37 41 44 44 48 216 216 216 216 140 190 190 141 142 232 140 138 135 191 127 121 119 111 101 80 204 175 204 207 208 212 212 213 214 217 220 221 220 202 200 204 205 119 212 213 123 123 124 127 133 128 111 108 100 194 195 117 201 105 128 105 106 106 107 108 233 233 226 215 117 116 116 161 170 86 199 94 98 99 162 96 161 158 154 239 147 71 79 96 107 118 123 131 135 230 237 139 6 239 133 134 134 228 234 154 162 160 116 162 162 163 164 164 164 42 163 123 161 161 161 160 50 161 163 165 165 167 171 174 177 180 181 181 181 98 98 150 97 94 142 91 90 87 82 76 70 65 62 117 61 55 47 41 86 40 141 78 143 78 78 46 144 73 73 73 149 163 164 148 164 75
75 75 162 71 221 225 221 221 222 223 223 222 223 143 224 224 225 234 161 132 132 132 223 132 133 239 225 239 239 131 229 248 174 189 32 39 44 50 155 51 51 157 158 215 158 37 186 40 39 41 153 41 37 28 28 181 29 30 32 37 42 46 47 49 52 53 54 218 218 178 177 217 217 216 230 100 175 99 172 96 92 78 149 173 197 38 206 209 210 213 215 51 51 51 191 140 213 142 142 141 141 139 228 134 128 213 119 112 102 83 70 98 203 206 207 210 211 211 214 214 214 214 214 193 113 120 121 206 122 123 124 127 129 130 131 132 118 199 190 193 195 201 103 195 105 196 197 105 198 199 142 131 137 125 209 208 160 70 79 86 93 95 189 191 162 142 254 158 155 150 191 78 94 106 112 121 127 134 139 144 10 238 230 73 133 226 136 140 147 157 163 119 162 164 165 166 167 2 133 126 126 126 163 126 177 161 161 163 164 132 1 167 7 176 179 181 182 96 182 182 101 99 175 99 96 95 142 93 89 86 78 69 176 176 102 65 63 56 45 40 39 144 145 78 147 77 48 147 148 74 76 57 166 150 165 76
75 75 73 73 222 128 128 128 128 128 128 128 128 240 222 225 132 132 132 132 132 132 132 133 135 135 133 134 182 131 137 156 11 191 195 202 208 213 215 215 215 215 215 215 38 39 39 187 40 205 135 134 127 127 176 24 24 134 31 200 206 209 210 213 215 215 216 218 219 218 93 53 216 53 194 100 228 99 193 191 95 79 56 172 197 202 206 209 210 213 215 215 215 215 215 2 2 191 144 143 142 139 137 135 129 124 120 113 105 85 70 176 111 112 115 118 119 120 214 121 121 121 121 101 118 120 121 122 124 126 129 131 133 137 134 134 212 201 191 99 101 103 103 118 104 104 104 104 198 199 131 199 229 125 117 208 68 164 172 179 188 247 99 142 99 164 163 252 155 196 80 87 102 108 116 123 129 134 142 210 12 209 76 73 4 134 138 143 153 161 163 165 165 166 170 167 168 128 168 167 177 46 165 165 129 54 165 186 187 188 165 193 11 12 16 17 18 21 184 185 159 104 103 103 100 97 97 96 96 91 82 71 70 71 181 71 70 66 56 50 46 43 42 79 46 68 78 50 76 76 156 70 157 58 73 167
168 168 167 167 223 224 223 223 128 128 128 228 223 128 224 233 131 228 0 227 131 131 132 134 244 135 133 230 182 227 139 157 174 191 196 202 48 213 183 215 215 215 215 215 160 52 39 135 39 205 40 135 128 128 123 10 17 27 32 38 45 48 211 54 216 55 217 218 218 218 188 215 215 215 99 196 51 100 98 97 94 175 59 11 35 41 45 48 211 214 55 215 215 215 55 215 215 6 239 143 237 140 137 175 131 126 119 116 107 89 76 70 112 115 116 119 122 121 122 96 121 122 204 121 121 121 123 126 128 128 131 134 136 138 141 136 118 108 105 195 197 102 103 104 104 104 105 104 104 104 104 141 229 220 118 114 69 70 172 179 189 96 99 143 215 144 163 159 157 200 83 93 106 113 119 125 131 135 142 242 77 10 237 5 135 208 140 144 250 162 4 121 165 168 168 175 170 170 180 47 169 168 50 167 167 55 165 132 165 132 166 169 172 174 17 178 180 184 185 186 186 160 159 105 104 101 99 100 144 98 90 79 76 189 77 128 76 73 103 69 62 61 56 164 56 163 56 159 55 55 70 76 71 59 72 72
72 163 72 73 126 127 222 222 224 225 128 127 136 224 142 226 228 149 148 226 4 131 132 230 231 135 247 181 229 131 236 159 174 33 196 203 208 213 28 215 215 215 215 215 215 212 39 156 39 205 40 38 32 127 116 4 9 27 33 39 45 49 53 55 56 215 217 217 59 218 92 215 215 215 99 99 210 100 99 97 94 79 59 171 32 40 46 207 211 214 215 215 215 215 215 215 143 216 144 143 141 140 139 137 133 127 121 115 107 93 175 99 114 116 118 196 122 122 123 123 122 123 123 124 124 124 127 128 131 131 133 137 139 139 239 139 121 108 194 196 110 102 103 104 104 202 231 104 104 104 201 238 231 124 119 116 214 166 172 179 190 99 102 103 164 196 4 210 211 91 94 102 111 118 123 129 232 137 143 209 78 236 78 7 135 136 141 146 156 162 121 164 167 168 170 170 132 171 172 49 170 170 132 169 170 57 165 165 165 164 166 10 13 13 17 18 22 24 25 186 186 185 160 108 204 154 103 103 220 104 98 94 92 90 88 84 83 76 120 105 76 117 106 81 79 74 65 60 58 57 162 78 72 60 72 72
72 65 72 74 125 125 124 124 124 132 224 224 124 224 227 151 128 128 147 227 228 231 156 132 134 21 164 164 22 229 137 1 17 34 195 47 52 56 214 215 215 214 214 214 214 39 39 209 139 205 40 38 32 127 113 27 8 28 34 39 44 51 167 55 58 58 60 178 176 59 91 214 214 214 214 99 210 100 198 196 94 82 60 171 32 197 203 207 53 56 58 214 214 214 214 214 58 215 243 242 141 140 239 238 233 227 123 116 109 97 78 115 115 115 118 121 121 124 124 125 101 208 124 126 126 127 129 130 131 132 135 138 140 142 144 138 124 108 92 96 100 201 208 117 201 119 120 201 201 201 200 200 232 123 217 215 214 165 171 179 192 99 102 104 9 143 163 94 94 98 102 108 114 120 126 132 135 140 144 237 141 238 236 135 136 137 141 148 158 163 162 9 168 170 170 171 173 175 48 49 172 172 171 136 193 136 60 59 191 61 194 11 201 14 18 19 21 183 185 30 186 107 231 27 106 206 104 103 104 222 102 219 101 99 95 89 86 78 174 168 208 208 208 98 176 176 167 61 84 61 59 59 165 62 60 72
73 73 75 76 125 125 124 124 124 236 123 225 124 224 228 238 128 229 158 228 229 232 154 232 134 177 163 163 177 128 238 157 172 189 195 202 206 212 214 214 214 214 214 214 214 40 39 209 39 205 40 38 32 27 13 150 163 28 32 38 44 50 208 56 58 213 61 188 214 214 214 214 214 214 214 99 56 100 98 96 195 186 64 13 29 41 203 207 209 211 59 214 214 214 214 214 60 60 143 142 141 242 138 137 132 228 226 219 109 100 80 174 216 116 119 122 123 225 125 128 103 103 126 230 231 230 130 131 132 133 138 139 142 145 146 143 128 111 94 198 199 99 112 223 115 208 200 200 210 210 234 197 231 121 216 214 212 163 167 175 190 200 204 145 11 221 163 96 100 106 110 115 118 124 130 134 139 142 208 81 141 238 82 136 136 137 143 150 160 164 164 169 176 172 172 173 174 176 49 49 172 171 172 172 140 139 61 167 60 164 63 166 138 168 172 175 178 184 184 186 186 107 161 184 109 106 155 105 171 105 166 104 103 101 99 94 89 80 75 62 156 197 198 196 197 175 84 63 172 63 62 79 62 163 60 72
73 170 175 177 125 126 127 229 129 230 227 132 227 226 128 151 129 128 156 229 161 232 129 131 238 177 23 249 248 130 137 157 175 189 195 203 55 59 60 61 62 214 214 214 214 214 40 39 156 38 143 141 135 132 13 151 10 28 33 39 45 51 167 210 212 214 214 214 214 214 214 214 214 214 236 202 98 99 98 200 93 86 67 11 22 39 203 54 56 59 129 212 213 61 241 60 192 143 143 142 141 141 137 136 132 126 124 117 110 100 81 71 113 115 118 122 125 211 127 214 119 127 230 231 232 115 130 131 133 136 138 141 144 148 151 146 133 114 96 107 98 209 208 120 206 96 115 199 200 200 211 122 232 120 114 112 111 61 168 174 189 201 9 204 222 99 146 101 106 110 114 119 125 128 236 238 140 144 143 236 83 83 239 136 136 140 145 152 160 13 169 18 172 172 172 174 22 175 191 136 135 173 22 22 165 164 162 13 133 197 196 14 167 15 19 174 177 29 32 231 187 107 185 109 182 109 108 155 107 151 108 107 106 104 101 96 93 83 76 65 55 166 78 158 158 77 191 88 88 64 63 184 63 60 72 72
74 68 75 177 125 127 233 227 132 132 121 121 121 120 233 151 234 234 5 125 149 232 234 237 238 23 248 176 161 233 135 6 22 37 43 52 56 59 210 62 62 63 214 214 214 197 162 145 39 39 39 35 34 31 17 152 12 27 34 39 45 51 59 61 212 214 214 214 214 214 214 214 214 214 97 178 98 99 204 202 93 89 75 170 17 189 52 205 207 60 234 211 212 212 212 214 214 143 249 142 246 141 243 136 132 126 124 222 110 101 82 71 114 115 119 123 127 120 128 208 215 127 126 127 129 129 130 132 136 136 141 144 148 151 3 152 140 120 99 109 205 210 101 122 113 209 227 199 201 201 120 211 232 119 219 217 214 166 166 170 181 196 202 204 99 225 100 106 111 116 119 123 127 130 133 137 142 144 208 85 84 81 134 241 137 142 148 155 164 165 19 19 171 172 173 174 174 174 192 155 21 22 23 23 139 165 58 165 197 167 162 200 16 177 169 23 177 182 185 161 236 107 185 109 161 111 110 110 110 110 110 110 109 108 103 99 96 91 87 77 64 101 63 60 84 61 176 176 89 82 65 62 80 61 74 75
74 180 71 179 124 124 233 123 132 239 120 228 121 121 142 2 127 235 155 124 125 126 128 237 237 236 160 26 247 233 133 6 22 36 44 52 56 58 60 62 212 212 214 214 214 147 163 41 40 39 39 37 142 31 19 153 11 24 33 39 45 201 59 61 64 213 213 214 214 214 90 213 213 214 96 98 209 98 206 96 93 200 82 171 14 189 201 205 208 210 211 211 212 64 212 214 15 250 250 142 140 248 245 244 132 127 124 116 111 102 189 178 114 115 119 123 127 128 128 128 127 213 106 127 129 116 132 135 137 138 250 147 151 155 159 155 144 123 113 113 99 100 102 124 121 94 120 91 123 200 210 198 127 122 115 111 108 168 59 170 178 192 203 205 207 101 105 108 115 122 123 125 129 133 136 141 145 146 86 84 242 11 133 135 246 144 151 158 15 166 168 178 21 184 173 174 175 49 193 49 171 171 171 171 23 59 59 17 167 134 163 136 166 139 170 172 177 183 186 186 187 163 163 110 183 112 110 219 176 157 113 112 150 110 107 102 98 129 94 88 80 195 75 71 105 74 74 72 187 71 67 63 171 170 172 181
69 72 72 72 233 233 124 236 132 120 120 233 121 123 1 243 126 237 8 233 125 127 153 237 236 237 250 173 172 233 242 7 21 36 45 51 202 206 207 63 211 212 67 214 163 163 199 41 40 39 149 154 34 30 21 3 156 24 31 185 46 54 58 62 211 213 213 67 67 67 178 213 67 67 179 179 239 208 239 206 204 92 82 172 12 42 55 59 62 63 211 211 65 211 65 67 193 142 142 142 251 249 136 245 243 127 124 116 113 211 82 100 114 115 119 123 237 128 128 220 127 120 237 129 240 131 133 135 138 138 143 148 154 156 156 159 150 129 116 115 111 100 102 233 231 94 120 201 202 93 129 92 214 131 124 119 113 97 60 62 66 186 199 206 98 211 105 111 118 124 127 129 131 134 138 254 209 209 87 83 241 132 132 135 140 148 155 159 15 19 21 128 20 23 26 27 28 138 138 50 173 198 198 24 24 169 168 166 60 163 163 167 208 168 171 172 178 36 39 237 41 240 163 39 111 112 161 178 178 178 115 157 114 111 110 106 101 98 98 95 89 79 181 177 189 213 105 105 79 75 179 172 171 72 60 172
179 180 181 181 234 123 124 242 243 121 121 122 123 123 2 238 245 237 244 123 148 237 15 235 235 235 125 250 249 123 131 6 165 36 42 52 58 60 207 208 67 67 68 68 67 68 163 41 41 39 39 195 34 31 23 7 11 19 32 41 46 54 59 62 66 174 212 213 213 213 213 213 213 213 241 97 208 98 209 207 205 204 83 60 10 41 55 59 62 63 210 211 188 211 211 212 16 141 252 252 251 250 247 192 132 127 125 118 114 103 83 112 114 115 119 234 239 128 128 214 126 126 127 129 131 132 133 136 138 141 146 151 155 158 163 16 154 134 119 218 218 102 121 100 122 96 216 100 100 101 135 98 100 140 133 127 122 114 61 63 69 73 195 204 207 210 216 221 227 236 130 130 132 135 139 144 88 88 85 83 82 242 243 247 143 153 160 167 161 164 178 21 21 168 171 27 172 28 29 50 28 140 199 171 57 200 58 201 137 165 205 168 169 170 172 174 179 182 39 160 43 186 219 40 165 245 163 183 183 164 116 176 229 116 113 109 104 103 99 97 90 185 174 89 211 102 107 107 192 185 178 171 72 60 171 170
179 68 68 69 120 235 237 243 233 235 237 237 238 136 245 126 144 151 237 238 148 237 159 236 236 124 156 171 123 124 243 4 20 37 44 52 58 60 64 158 67 211 161 197 211 69 211 164 41 39 153 151 35 144 25 10 116 14 31 186 190 197 202 205 66 210 70 70 70 213 213 213 213 213 97 98 241 211 96 208 93 206 85 172 152 39 54 59 63 207 66 211 212 214 137 212 191 253 252 139 253 251 135 8 134 127 126 119 228 106 86 112 228 201 231 236 239 242 128 101 125 240 127 129 132 134 134 250 140 143 149 154 157 160 20 160 13 141 123 112 216 115 114 101 124 100 101 107 112 236 145 135 145 142 141 137 131 127 121 67 71 187 80 202 206 209 215 220 226 236 243 187 247 249 253 255 87 86 82 13 13 243 131 136 148 155 16 161 172 22 128 166 165 24 27 171 28 27 28 137 28 29 201 169 169 169 166 203 204 23 65 168 169 216 30 175 37 39 183 236 42 186 244 43 246 165 165 183 166 250 163 250 118 248 115 110 108 220 101 223 90 76 63 102 105 106 107 188 180 79 175 172 171 174 66 173
182 182 179 181 120 122 119 235 119 127 239 238 124 0 239 239 9 246 239 124 125 158 248 122 122 239 122 124 125 162 242 1 16 174 43 52 57 202 206 209 209 211 211 34 211 211 211 211 41 40 39 37 151 188 27 13 116 11 170 184 49 196 60 205 207 210 212 212 212 213 213 213 213 213 97 98 96 96 63 95 93 91 85 58 151 40 55 59 64 207 208 211 211 72 191 191 70 254 138 139 138 136 135 192 134 127 126 120 114 222 203 71 114 77 116 237 239 242 243 217 125 125 127 130 133 240 135 138 144 147 152 157 161 164 165 164 158 144 126 118 103 236 100 117 101 103 107 114 119 122 154 151 152 149 148 144 143 140 136 133 78 80 125 201 205 93 213 218 224 231 241 132 135 136 254 202 84 83 81 80 240 242 245 139 151 154 155 162 136 164 178 24 166 165 165 188 132 190 132 168 171 52 169 168 25 26 166 166 61 165 65 168 169 75 172 176 38 178 181 158 42 184 184 185 112 184 184 184 184 167 122 122 121 121 118 112 111 143 105 102 97 85 77 203 204 80 79 183 59 195 173 169 184 173 183 62
68 68 69 69 237 238 119 119 120 237 237 238 238 242 239 240 246 237 239 241 243 159 122 122 122 122 122 126 37 176 243 254 14 32 42 52 196 202 206 70 210 72 211 34 72 211 211 211 42 41 40 37 153 192 145 14 188 12 170 46 50 57 200 205 208 210 212 212 212 74 74 74 74 74 181 180 97 97 204 96 94 92 201 61 152 41 55 199 204 207 70 72 72 72 191 137 190 138 138 255 138 136 253 176 133 127 127 121 232 105 89 75 114 115 116 120 122 126 127 127 227 127 129 130 249 252 136 139 7 149 156 160 164 167 168 167 159 146 131 120 114 223 101 223 102 104 109 117 125 160 159 156 244 153 151 151 150 148 145 142 126 85 219 87 89 92 213 216 223 114 124 133 136 254 255 84 82 81 127 219 241 126 130 1 153 155 159 23 123 136 22 162 27 166 169 132 30 158 167 31 33 138 52 167 136 55 205 28 27 27 27 214 169 171 175 38 39 40 41 181 183 185 108 184 184 184 184 184 184 184 1 166 122 122 121 114 148 241 108 103 101 89 81 116 199 197 193 183 174 195 171 170 52 64 68 68
68 68 71 73 236 237 238 123 238 119 119 119 119 238 239 120 144 238 239 240 241 19 240 122 122 122 122 246 174 39 243 253 11 29 41 53 60 65 68 72 73 210 211 34 210 74 74 211 43 163 161 39 35 32 28 14 1 150 170 47 49 57 199 204 71 73 75 212 212 212 212 212 212 212 212 211 98 97 204 96 214 92 82 62 153 41 56 62 66 69 208 208 73 210 212 137 210 138 138 138 138 136 134 191 252 246 127 121 114 225 90 76 234 234 236 239 241 244 127 127 126 127 129 130 130 133 137 140 145 13 158 161 166 168 169 34 163 151 137 125 237 100 101 100 104 107 111 238 246 247 161 160 157 246 158 144 155 153 152 151 149 132 89 91 91 93 95 148 223 233 125 135 138 82 0 82 15 81 81 13 123 127 134 143 152 156 23 25 162 18 160 162 165 28 29 31 32 39 31 135 32 170 171 167 168 139 59 138 165 165 165 169 171 173 39 177 232 40 42 44 44 47 164 184 184 184 184 184 184 184 124 184 124 123 120 119 116 148 111 108 104 93 87 87 84 80 192 181 174 196 172 52 52 173 68 68
68 68 74 77 118 239 239 241 124 242 240 244 118 133 133 241 143 246 239 118 152 250 242 243 122 122 123 246 3 124 123 251 11 165 42 54 60 65 69 191 72 210 76 163 211 211 211 41 41 207 41 40 158 33 151 16 123 149 34 48 48 191 64 223 70 74 76 211 84 211 211 211 77 212 212 249 220 219 69 217 215 213 82 65 155 39 55 62 67 204 72 208 75 210 77 137 22 138 188 138 138 137 135 15 132 127 126 121 236 104 212 79 194 234 236 241 120 244 248 127 127 127 128 131 128 134 138 142 146 150 158 163 167 169 38 172 166 158 142 127 228 114 101 102 226 229 232 238 244 247 128 167 165 152 163 151 161 159 107 160 158 155 95 141 95 95 97 167 103 112 128 255 2 218 83 80 248 80 11 123 125 132 140 150 156 160 174 163 27 18 178 28 128 29 30 30 192 131 30 32 199 166 51 33 34 179 167 140 167 214 166 170 174 175 229 43 89 210 41 44 46 47 48 48 49 48 50 185 3 184 184 184 167 125 122 159 118 252 114 111 106 97 94 93 89 81 70 59 173 196 173 72 54 53 68 68
70 71 77 81 119 119 117 122 243 123 239 240 241 242 120 119 143 239 117 140 241 243 243 243 243 244 122 246 245 2 246 250 143 32 42 55 61 197 70 20 206 210 210 209 211 212 40 41 41 207 42 40 36 34 29 16 1 16 33 182 182 59 63 69 71 74 209 211 84 211 211 211 211 212 212 97 96 219 174 217 216 215 84 74 157 32 49 62 67 71 73 73 74 76 77 2 3 188 23 6 138 137 135 134 132 127 126 121 114 104 92 81 72 110 236 239 119 121 247 117 251 127 128 131 1 3 140 144 148 153 161 165 168 170 171 176 170 163 149 132 121 118 101 247 226 229 233 238 243 247 251 131 132 172 169 169 167 166 111 162 27 238 98 100 100 99 99 242 107 116 129 134 4 83 81 78 12 12 122 123 129 137 147 155 158 26 122 163 161 161 19 181 30 29 30 154 28 29 30 33 200 33 34 174 33 179 209 33 167 167 168 40 40 42 204 41 233 86 173 43 43 45 46 47 48 48 49 50 183 183 184 184 127 8 166 8 124 121 118 115 110 102 100 232 91 203 191 181 50 68 182 73 55 70 70 70
72 74 81 84 118 245 116 120 115 126 124 238 125 240 243 244 12 116 243 243 251 117 243 118 118 118 246 246 246 246 247 250 11 31 42 55 62 197 202 206 76 79 210 209 211 211 211 211 41 76 167 166 35 34 31 18 128 18 33 48 51 59 62 70 72 76 209 81 84 211 211 211 211 211 212 222 94 96 95 219 92 90 85 76 212 28 45 63 199 203 121 75 76 77 208 133 77 207 137 138 138 137 135 133 132 127 125 246 240 230 217 204 72 98 234 239 243 247 248 123 126 128 130 132 133 137 142 146 152 156 164 168 171 172 178 177 173 169 159 142 125 121 101 226 227 230 234 237 140 245 249 255 255 159 158 158 41 37 35 164 30 161 102 104 105 104 104 104 113 122 0 135 4 83 81 78 245 14 122 16 131 142 154 157 159 158 160 30 142 122 124 182 160 31 128 188 28 158 160 33 42 43 161 161 164 165 56 35 36 36 38 40 41 41 203 39 41 42 172 43 91 42 43 43 44 46 48 181 52 183 183 183 183 127 181 180 128 124 121 115 114 106 103 224 218 205 193 56 52 75 75 72 72 58 59 72
75 78 207 210 118 248 246 244 115 243 253 241 110 111 114 243 249 115 116 116 116 118 119 119 118 118 118 118 121 121 5 123 140 160 42 55 62 67 72 76 205 208 80 209 211 211 211 211 41 208 167 167 35 34 30 17 2 19 31 43 49 57 62 71 73 77 208 209 211 211 211 211 211 211 252 223 94 96 95 93 92 90 85 81 192 27 44 64 198 203 121 76 76 78 78 3 77 77 137 138 138 137 135 133 132 127 253 119 241 103 89 204 198 197 236 239 243 247 121 252 255 0 2 134 135 138 144 148 155 160 166 170 173 46 174 172 178 174 167 151 134 248 246 225 226 228 232 235 238 241 240 246 31 148 246 250 39 37 163 252 165 108 108 252 109 110 110 112 117 124 130 190 83 81 79 78 183 79 246 124 140 149 28 29 31 31 176 141 121 158 181 124 30 160 34 129 162 194 196 33 42 201 161 161 164 165 56 36 36 36 37 40 41 169 170 230 171 172 172 237 43 172 172 172 245 173 45 49 51 183 183 12 183 128 182 15 128 9 122 117 116 110 105 226 220 205 193 59 58 84 85 195 63 61 60 74
197 206 206 204 246 247 242 241 241 242 243 255 109 241 242 241 242 242 244 244 245 246 246 255 116 117 118 118 250 45 121 122 11 30 42 54 60 67 71 75 78 81 208 208 211 211 211 168 41 40 209 39 36 190 30 18 4 149 29 39 175 58 63 71 73 76 80 82 83 85 218 84 250 83 180 207 224 177 224 224 92 90 86 81 64 21 40 63 71 74 13 203 78 79 78 205 186 203 26 137 201 10 134 22 131 127 123 248 114 234 220 75 199 236 210 110 244 117 120 252 255 127 130 133 137 140 147 151 157 162 167 172 173 174 179 174 180 179 171 157 145 121 116 222 222 224 226 231 235 132 235 239 24 23 240 242 243 115 164 0 167 110 111 114 115 116 116 117 120 125 4 79 255 77 249 205 78 245 117 130 149 154 156 170 30 30 33 142 121 157 147 158 158 32 34 130 163 163 198 162 172 132 162 204 164 211 164 164 164 164 166 41 42 43 169 43 43 43 215 43 149 170 171 171 172 172 173 108 50 54 56 255 57 17 183 130 129 126 122 119 117 113 109 100 89 78 67 91 65 201 195 193 191 205 74 76
75 78 203 201 247 248 245 111 117 243 241 245 241 241 242 241 242 242 242 242 138 245 114 115 146 116 118 250 250 7 119 123 13 30 42 55 61 193 73 200 79 82 208 208 86 211 169 213 208 41 211 171 168 190 31 19 5 152 173 36 174 182 63 70 73 77 80 82 84 85 218 84 250 84 179 252 252 251 94 92 223 91 86 83 197 19 37 188 70 74 75 78 79 80 185 80 203 203 187 29 137 135 134 7 6 2 254 247 242 230 221 77 200 236 97 111 245 248 119 254 125 128 130 134 137 144 151 157 160 165 168 172 174 176 181 176 183 182 175 163 151 125 116 245 244 220 110 222 223 227 232 235 245 235 236 238 243 246 164 113 113 3 157 245 116 8 116 250 253 255 2 77 252 15 79 204 13 117 124 141 153 254 170 156 2 154 31 120 32 146 157 158 158 33 34 34 36 39 170 202 40 161 163 46 38 38 37 39 217 139 166 41 41 43 43 43 168 169 149 44 169 171 46 47 47 47 48 108 175 56 56 182 168 58 58 6 130 127 124 120 118 116 113 104 93 83 77 72 71 68 64 191 189 206 75 210
80 71 73 201 115 116 111 111 119 108 109 109 109 109 109 109 109 109 109 111 113 113 114 115 115 115 250 250 116 117 252 255 10 26 40 54 184 192 196 77 80 81 84 85 86 167 209 213 172 166 40 38 36 33 31 20 8 2 26 36 50 59 62 70 74 78 80 82 84 85 179 208 221 221 83 206 93 80 174 93 91 90 186 84 66 142 159 64 69 73 197 78 79 203 203 203 203 203 203 137 14 135 134 131 129 1 253 246 239 96 222 77 67 103 211 244 113 116 253 255 1 6 7 134 140 147 155 160 165 168 171 174 177 178 60 178 185 183 179 169 157 130 122 115 111 243 100 219 213 218 224 230 233 131 233 237 240 246 247 154 246 47 246 115 250 116 116 117 251 252 252 13 177 251 251 16 122 127 139 149 226 33 119 156 172 173 138 30 32 33 35 35 158 157 157 157 36 40 163 39 161 161 163 47 38 38 52 40 193 41 43 166 227 43 166 168 168 168 168 169 171 225 150 47 153 170 172 174 175 180 179 124 182 182 182 131 131 128 126 123 122 119 115 108 102 97 86 79 74 69 197 189 69 75 76 80
209 204 205 202 115 116 111 116 119 109 109 109 109 109 109 109 109 109 109 113 2 141 115 116 116 115 116 116 116 117 158 255 7 20 35 52 63 71 76 79 80 82 83 206 209 209 210 171 165 84 176 162 37 35 31 21 11 3 227 34 51 208 61 67 194 79 202 205 84 207 207 207 222 204 84 84 177 175 176 229 91 225 188 223 66 141 38 62 66 72 76 78 200 202 24 203 82 28 30 186 136 14 134 132 9 122 117 245 238 231 224 212 203 103 96 109 113 116 254 1 1 6 8 15 141 149 157 164 167 169 173 177 179 180 178 185 62 186 183 172 165 142 127 120 117 108 103 97 209 212 215 219 223 228 230 234 239 244 245 1 245 245 3 246 248 252 116 187 67 248 9 247 172 249 251 117 128 139 148 31 32 154 156 174 138 138 2 174 31 33 35 36 189 157 157 157 158 161 43 40 162 206 133 133 163 164 55 163 137 41 45 226 203 164 45 167 168 169 239 170 171 170 92 48 170 171 51 175 55 59 13 170 19 61 62 132 169 9 126 124 12 121 117 112 109 102 96 84 211 202 193 55 74 77 81 82
70 203 203 200 115 116 111 117 119 109 109 121 109 109 109 109 109 109 109 250 251 149 143 144 116 115 253 253 253 254 254 255 7 15 31 48 62 68 75 79 199 83 84 85 87 169 33 204 85 85 177 81 38 35 31 23 17 141 19 33 51 176 60 67 73 79 81 202 204 87 87 87 177 204 204 204 203 202 255 229 90 227 249 223 203 22 37 62 66 71 76 79 81 82 82 84 28 28 184 200 16 14 14 12 8 1 254 245 238 230 223 211 203 210 241 244 249 253 253 0 121 125 129 135 142 151 160 165 169 171 172 177 180 181 179 181 189 188 186 177 171 155 137 129 126 118 109 105 72 211 213 214 217 222 226 230 236 238 240 242 242 242 243 245 248 254 254 13 64 62 3 243 244 111 115 121 137 147 151 152 155 157 2 122 2 155 5 175 32 179 35 156 21 157 39 40 128 162 163 163 42 133 160 160 41 42 42 43 162 163 165 228 165 165 232 47 49 148 148 50 151 227 149 49 50 52 171 175 175 179 14 64 169 169 23 62 12 129 129 128 126 123 120 251 248 105 98 86 77 65 53 74 80 87 73 71
205 204 69 65 254 116 115 252 253 111 111 124 109 109 109 109 109 109 249 1 111 7 255 9 147 255 116 115 116 11 155 254 5 12 33 165 62 66 74 195 199 201 201 204 89 205 212 212 173 202 165 201 38 35 171 201 21 6 134 31 52 145 178 68 73 194 197 84 86 87 88 176 87 87 88 0 85 85 255 90 229 167 88 84 65 22 38 62 64 69 75 78 81 23 199 83 183 183 30 81 16 131 177 12 5 54 254 244 237 230 83 72 64 91 101 245 249 252 254 255 5 9 130 137 146 155 46 166 54 56 175 62 64 182 66 68 68 189 189 183 176 163 142 134 131 129 130 125 114 220 101 221 213 219 233 225 228 232 234 237 238 142 144 236 237 241 243 244 3 175 102 105 108 116 125 135 147 151 151 155 158 161 126 180 5 121 178 7 180 119 153 39 127 157 159 161 133 163 206 46 135 211 135 161 161 161 162 162 163 165 165 49 49 144 144 165 50 49 49 165 49 166 166 167 168 171 173 176 175 61 165 64 64 65 128 24 168 24 174 129 127 8 5 254 112 108 102 93 83 78 71 90 95 224 78 71
68 66 66 205 252 253 254 112 120 110 111 124 109 250 250 250 250 109 131 251 251 254 1 1 10 115 116 115 0 11 154 255 3 10 31 48 62 182 190 79 83 86 204 87 89 204 212 34 203 216 202 201 38 176 31 27 23 8 133 31 51 61 61 69 188 79 82 199 86 202 88 249 88 88 88 231 255 85 231 230 229 228 225 223 206 44 36 59 63 68 72 77 79 80 82 83 181 81 180 29 15 15 14 11 4 11 254 245 238 90 83 214 64 99 104 246 250 253 255 115 6 125 131 23 31 155 163 168 171 173 175 179 181 183 184 184 71 192 190 187 183 169 152 138 134 134 109 2 135 124 115 104 223 217 222 224 229 241 231 232 235 235 235 235 235 143 234 237 240 4 105 112 120 127 134 142 148 152 154 41 232 125 47 127 6 5 181 155 123 156 156 157 160 162 164 166 166 167 139 167 215 166 47 216 162 162 162 162 165 166 167 231 165 166 166 166 166 165 165 165 165 166 166 168 167 54 56 58 59 61 64 166 181 24 168 167 26 14 25 14 160 128 123 119 116 115 111 105 98 97 90 110 111 90 78 71
69 69 72 72 109 252 254 0 8 255 253 252 252 108 108 108 252 252 2 108 108 110 1 2 2 2 3 151 0 113 0 112 116 124 28 45 60 67 76 80 83 86 88 201 202 204 203 214 90 166 202 202 39 35 174 28 166 8 219 32 50 60 62 68 73 78 82 86 87 89 90 175 89 89 89 231 87 232 232 87 86 86 82 222 207 45 148 55 59 68 71 75 77 79 80 80 80 25 79 78 175 28 13 166 4 254 253 245 238 233 227 72 208 100 247 104 250 254 112 116 121 125 131 139 147 154 51 168 172 174 176 68 70 184 184 184 192 192 191 188 185 176 162 143 137 4 137 255 112 144 137 129 114 82 83 120 87 89 89 87 233 234 91 93 93 96 97 99 102 108 120 130 137 205 144 147 38 153 157 250 158 160 162 7 127 10 11 188 160 129 19 161 164 166 167 169 169 169 170 171 50 220 141 166 221 164 163 224 53 166 54 211 165 166 166 166 241 165 165 52 52 53 148 54 94 166 56 170 171 60 63 178 66 12 10 64 167 15 163 129 171 131 127 124 148 123 120 118 117 115 111 109 103 91 77 213
221 212 74 74 109 108 109 2 118 108 108 108 108 108 108 108 108 108 108 108 108 109 111 114 3 3 3 149 1 13 112 2 6 13 25 40 58 66 76 79 84 87 89 89 91 92 92 91 165 201 202 202 39 35 175 173 23 154 243 31 47 58 60 68 72 75 81 86 87 89 89 173 251 89 89 175 174 87 232 231 230 229 81 223 62 47 33 47 57 68 71 73 76 79 80 80 175 121 122 12 77 173 11 10 115 0 253 245 238 232 227 217 209 100 103 249 251 254 2 4 10 127 132 141 150 156 162 58 173 175 176 179 182 184 184 185 192 192 193 189 186 182 169 149 139 133 139 112 114 116 13 150 145 104 104 150 104 142 154 152 97 99 102 105 108 111 115 117 121 127 135 141 141 209 147 149 150 154 158 159 160 161 162 162 162 13 14 192 163 163 164 164 166 168 169 172 216 170 61 172 51 51 143 53 167 56 167 166 165 165 165 66 164 165 165 74 54 53 54 164 164 165 88 55 166 166 167 59 60 60 62 65 65 162 173 63 67 127 174 164 175 134 132 130 27 27 127 125 123 121 114 7 106 90 78 71
77 68 216 215 109 110 108 110 118 109 109 109 109 109 109 127 108 108 6 108 108 109 113 152 44 2 111 146 147 2 3 3 5 12 21 37 52 62 74 78 83 87 89 90 91 201 201 215 92 217 91 185 184 181 28 27 170 10 248 140 43 56 59 178 181 76 82 85 86 89 222 89 173 198 90 90 232 171 232 231 231 229 225 221 209 195 32 41 53 63 68 72 12 75 77 21 79 79 25 171 76 13 11 8 4 255 254 245 239 232 227 70 62 246 248 102 104 108 4 115 120 19 134 143 152 158 163 169 173 67 177 180 182 184 184 76 78 78 195 192 188 183 175 158 143 141 12 114 116 119 119 119 20 120 122 124 171 169 120 23 119 120 123 125 127 130 133 135 138 142 145 146 147 149 147 149 151 155 158 161 161 53 162 165 166 195 134 134 166 166 167 168 170 171 172 172 145 172 172 49 144 169 226 144 142 166 166 143 209 143 164 164 164 56 56 240 163 164 164 163 163 55 56 254 56 57 167 59 60 60 60 64 65 65 23 173 65 29 66 165 176 136 134 134 168 33 132 129 128 124 117 115 109 99 87 73
69 68 214 69 110 112 112 9 114 9 112 124 123 111 9 9 110 110 132 110 3 3 4 4 43 110 111 156 2 3 151 5 5 8 20 32 49 58 71 185 83 86 89 197 92 92 93 179 93 164 92 186 185 182 31 26 21 161 145 32 40 52 61 68 75 78 82 85 242 89 171 91 228 90 90 231 232 255 231 230 229 227 222 218 61 48 213 34 50 60 67 69 73 75 77 77 78 78 170 25 168 12 10 7 4 147 253 246 240 231 79 70 63 60 97 102 104 107 5 115 121 128 135 144 154 159 163 61 173 175 177 180 183 184 184 188 189 77 195 192 71 185 73 168 148 142 115 116 18 121 123 124 27 126 130 131 132 36 132 134 135 136 139 48 142 145 147 147 148 150 209 210 42 43 149 150 153 155 158 54 129 163 165 194 59 60 166 200 168 169 169 171 171 172 172 172 172 172 223 198 169 169 226 169 166 166 166 166 166 233 164 164 164 239 219 55 56 58 164 162 56 250 56 57 241 58 167 249 59 60 108 63 65 161 172 26 70 176 68 177 177 169 28 63 62 38 135 132 129 128 121 117 112 105 94 85
70 216 69 70 113 115 113 113 114 124 113 9 11 113 113 134 110 112 14 112 141 107 3 108 109 109 108 108 107 107 107 3 3 5 14 28 45 55 66 78 82 84 88 91 93 93 197 198 216 182 216 217 184 188 183 26 21 14 204 31 36 47 58 62 74 78 79 83 86 88 88 89 168 88 228 168 168 86 253 231 228 223 218 215 212 199 193 32 47 56 61 64 67 70 73 73 74 76 7 163 72 10 8 111 107 8 250 244 87 234 78 70 215 91 101 103 105 108 111 115 124 132 139 147 156 162 165 168 174 176 181 181 79 184 184 189 183 183 183 194 86 186 178 67 154 144 118 20 121 124 126 129 131 132 136 138 43 176 138 140 139 140 143 146 147 150 205 47 154 225 211 150 213 44 129 150 152 51 158 159 161 164 166 195 62 199 135 61 64 139 170 172 172 172 172 172 43 172 198 143 144 168 169 169 168 56 62 233 166 63 65 65 163 163 67 55 57 227 58 230 54 232 55 254 148 60 60 163 9 59 61 168 157 64 65 65 66 68 69 72 177 43 31 170 170 169 137 135 133 131 126 122 117 112 103 91
74 70 222 74 10 12 114 114 114 124 113 113 113 10 9 14 10 37 9 8 141 107 107 138 6 109 143 5 107 107 107 161 3 107 10 24 43 54 62 75 81 188 88 90 92 93 94 94 28 215 161 32 32 215 29 25 21 15 6 245 32 45 55 60 69 78 79 81 84 189 245 87 190 190 251 166 86 254 231 230 226 69 65 62 212 199 191 27 43 53 56 60 65 68 71 72 14 72 72 72 19 7 7 4 1 252 249 245 86 235 78 72 65 224 102 97 105 110 113 118 129 137 144 152 160 164 167 169 175 177 180 183 183 81 184 189 183 183 183 93 193 189 181 172 160 151 125 155 31 156 131 134 135 136 35 36 36 47 142 143 144 193 149 211 149 151 65 209 210 226 65 152 230 229 45 151 52 156 158 159 161 164 166 11 165 136 168 168 168 168 170 171 171 171 171 172 173 174 48 226 145 170 146 169 168 146 168 61 166 63 65 65 163 163 67 68 55 226 56 77 142 79 159 58 60 61 247 247 58 162 164 63 64 66 169 26 169 67 69 71 72 168 166 165 163 171 140 139 137 160 135 129 123 118 109 94
78 76 73 74 112 113 114 120 13 22 11 11 125 129 8 109 12 37 9 39 108 107 106 107 107 15 107 107 107 148 106 161 106 108 109 19 39 51 58 71 81 86 89 91 91 92 93 94 163 216 192 92 188 186 185 25 21 171 9 145 29 46 155 60 66 73 78 81 84 86 88 88 88 88 250 85 251 230 229 225 222 220 217 212 210 198 189 22 39 49 51 54 58 62 66 247 64 64 64 254 63 151 1 255 252 249 246 245 242 237 232 73 66 101 102 98 107 111 117 123 133 142 149 157 165 168 172 175 176 179 177 182 182 183 83 84 183 191 82 95 93 91 186 174 161 153 126 155 35 132 134 135 136 37 140 176 176 138 142 143 144 145 148 51 63 152 207 53 53 153 153 229 229 149 66 151 53 54 158 159 161 164 165 165 165 166 168 168 168 168 170 171 171 171 171 172 174 174 148 49 228 70 145 168 167 56 214 146 238 65 65 221 163 144 67 67 157 159 159 231 57 78 58 59 60 244 145 158 60 162 164 164 64 66 67 156 169 31 69 69 70 74 73 138 172 166 142 47 142 47 141 135 129 125 113 101
85 81 80 86 112 13 13 116 22 21 9 10 10 29 109 11 130 15 15 107 141 135 107 107 107 149 107 107 108 19 7 8 152 8 10 16 30 46 57 71 77 83 88 90 91 92 210 93 93 160 93 186 188 187 185 182 179 172 168 242 128 46 55 59 65 71 74 79 83 84 86 87 246 86 225 226 159 228 226 223 220 218 212 211 210 42 186 21 37 45 48 51 53 55 251 140 56 56 56 141 142 6 251 250 249 132 247 245 242 239 76 73 66 102 103 105 108 114 123 131 139 147 153 161 168 171 76 177 178 179 180 84 182 182 182 84 183 191 82 193 93 190 189 178 166 158 131 40 134 135 136 136 38 139 143 54 189 141 143 144 144 146 148 151 153 206 153 152 152 55 214 152 68 150 52 52 153 154 158 61 62 164 165 165 165 166 168 207 209 169 72 72 72 171 171 172 227 74 74 149 49 70 70 168 168 214 214 67 145 165 221 163 163 65 69 68 157 60 141 230 57 141 59 158 62 245 156 58 60 63 64 151 64 66 66 25 69 70 33 167 171 74 74 166 48 172 166 171 170 145 142 140 134 129 116 121
101 105 97 99 15 15 114 18 11 13 107 108 108 108 108 126 11 128 9 9 9 9 9 9 9 9 9 106 11 19 60 8 10 9 10 14 23 41 52 66 74 80 85 87 90 91 207 91 212 92 157 91 187 88 185 181 179 172 168 146 30 40 48 53 60 65 69 74 77 79 81 82 82 219 80 220 221 150 219 217 214 211 130 210 127 44 187 19 35 41 45 47 49 51 51 53 53 54 53 53 137 53 247 246 1 247 247 245 121 239 75 73 66 102 105 108 113 122 131 140 148 154 159 166 171 173 176 178 179 180 181 182 182 182 182 183 86 94 85 96 95 93 92 177 167 158 158 132 37 39 40 137 136 140 143 144 182 143 144 145 146 148 54 151 151 57 208 152 152 152 152 152 71 151 151 151 55 58 61 61 64 66 67 68 68 69 71 71 167 72 189 73 170 171 172 202 172 172 172 172 49 49 51 167 146 55 165 165 241 62 62 67 163 163 69 69 157 157 157 72 58 58 59 60 63 144 156 59 60 60 12 65 65 67 164 163 69 23 167 37 73 74 74 75 76 172 172 172 167 56 145 145 141 132 123 26
112 119 108 5 15 110 14 13 116 115 12 12 12 12 12 16 106 38 103 104 103 103 45 45 7 8 8 10 20 60 144 6 8 20 9 12 18 34 49 60 69 78 83 179 87 90 174 90 90 90 90 184 184 86 183 180 178 170 168 244 30 36 44 51 57 61 65 71 74 75 77 78 78 216 149 217 217 217 216 214 210 208 204 47 206 202 186 18 32 38 42 43 124 45 47 50 50 249 130 49 253 253 130 244 45 246 255 245 251 79 77 74 68 235 108 114 121 128 136 144 152 160 164 170 172 176 178 179 80 181 83 87 88 88 182 88 189 189 178 97 190 94 93 82 73 64 130 132 134 135 41 42 43 48 143 144 183 143 52 146 148 195 149 57 151 153 126 152 152 152 214 152 58 234 219 56 56 59 156 157 64 65 162 68 70 69 71 72 73 167 74 74 75 145 173 227 171 77 77 77 211 167 234 72 146 167 72 71 223 62 63 244 68 68 69 231 142 157 157 139 73 58 59 59 62 156 62 144 156 9 61 63 66 164 27 27 70 155 71 158 73 73 74 74 75 77 77 77 78 149 149 56 144 138 129 126
117 21 113 102 14 14 14 14 23 16 106 106 106 106 106 106 106 133 133 129 103 103 138 100 100 100 136 9 12 154 154 145 101 11 10 13 18 30 43 57 65 74 79 82 84 85 147 86 87 87 88 181 181 180 179 176 174 167 211 153 143 29 40 51 57 151 62 67 70 71 205 73 73 232 231 232 211 138 211 208 207 205 200 41 116 198 186 111 30 35 38 38 41 43 44 47 47 126 126 46 250 126 42 125 43 255 244 242 250 117 79 239 103 241 113 121 128 137 144 151 159 165 169 173 175 178 78 180 174 180 180 180 181 182 182 182 182 180 188 97 95 94 93 82 71 66 44 133 135 135 136 138 140 177 144 144 192 144 146 147 150 150 150 151 151 153 220 60 61 154 152 152 152 153 234 150 237 153 63 64 156 158 69 69 200 70 70 72 74 24 167 168 169 170 80 41 171 171 171 171 49 167 50 166 168 55 166 59 224 72 164 64 162 162 232 230 66 157 157 154 236 72 60 153 63 63 250 62 62 91 155 16 159 68 151 17 70 163 71 71 73 74 75 75 76 78 171 171 171 171 166 148 147 143 135 128
121 119 115 111 106 106 106 107 115 106 106 106 106 106 106 106 16 21 106 106 136 103 139 100 100 100 101 19 21 104 146 156 11 149 10 11 14 26 38 53 63 69 76 79 79 81 83 83 84 202 82 176 80 177 176 174 171 165 165 247 238 27 34 48 53 56 59 61 64 67 136 68 69 207 208 209 209 228 208 205 203 219 198 214 198 194 184 19 28 32 109 36 113 38 39 42 42 43 43 42 245 41 41 121 41 41 80 253 79 118 243 239 244 112 119 129 136 144 151 158 166 171 173 84 177 179 181 181 181 183 92 180 181 182 185 186 187 97 185 97 83 95 94 84 164 133 161 134 162 138 139 172 142 143 146 146 194 146 147 149 59 115 57 60 151 62 75 209 153 154 153 216 62 220 144 59 75 62 155 157 159 255 66 66 68 201 70 137 75 142 168 168 78 170 80 147 231 80 81 171 215 235 50 166 167 222 74 146 224 225 162 246 71 162 67 159 250 66 66 154 139 153 152 62 154 6 62 62 63 13 15 145 159 159 69 69 71 73 154 72 74 165 166 168 78 78 80 80 80 80 171 58 149 148 141 130
126 125 120 117 106 108 17 24 16 16 16 17 17 106 106 106 106 105 17 106 136 103 21 133 103 104 139 12 13 14 155 67 100 148 10 10 14 24 33 45 57 62 67 71 76 77 79 79 80 80 79 172 173 173 171 169 210 164 232 247 150 116 121 39 47 52 53 54 57 59 60 60 60 127 59 201 201 202 202 200 198 197 26 125 28 192 18 109 27 31 33 35 36 37 39 235 116 130 241 42 118 41 247 129 130 254 247 79 127 248 244 239 111 116 125 136 143 151 157 162 168 171 175 178 179 180 181 181 181 88 92 92 181 182 183 93 186 99 88 97 97 98 93 84 164 70 132 135 138 140 141 142 142 144 146 147 67 147 149 149 149 206 150 151 151 152 153 210 154 78 227 151 152 234 145 149 152 154 154 66 68 68 0 68 70 72 162 164 165 166 168 170 170 171 230 205 81 81 211 78 79 215 166 166 241 76 242 243 223 72 162 162 162 252 67 251 141 252 66 154 139 153 0 152 64 140 152 152 153 92 94 156 158 149 27 149 160 153 162 38 163 76 77 77 77 79 81 82 166 170 59 78 150 163 147 135
131 130 127 123 107 108 105 113 103 112 17 18 18 17 122 123 17 126 126 17 16 15 16 23 17 17 62 13 101 16 25 101 101 159 22 11 12 17 27 41 53 58 62 65 70 72 74 75 235 164 236 88 211 210 167 166 164 161 160 159 150 27 32 39 45 49 51 53 54 56 190 212 192 193 55 122 55 54 200 199 196 196 195 37 106 23 186 21 25 31 33 41 109 36 38 112 38 39 39 38 114 38 127 127 40 42 43 248 119 249 244 240 113 121 132 144 149 157 162 165 170 174 177 92 94 180 95 181 179 179 180 180 180 95 94 88 97 96 97 96 83 95 90 80 75 50 133 137 141 142 142 143 143 144 147 147 148 149 62 63 149 72 63 65 152 206 207 65 65 65 151 151 154 147 147 150 63 63 66 154 68 85 67 68 157 71 207 77 165 79 80 222 223 81 81 144 229 79 80 166 166 166 166 166 53 145 224 55 55 159 162 163 163 146 237 142 252 141 140 154 140 1 65 65 66 152 66 140 153 154 154 68 70 72 104 70 159 73 76 155 162 76 77 49 165 166 80 81 169 170 149 168 67 68 152 145
139 136 133 130 21 20 108 26 18 111 18 19 19 119 39 17 18 44 17 102 50 100 132 17 16 16 23 101 102 102 102 101 149 75 150 99 100 16 21 34 47 55 57 59 65 66 68 70 228 229 230 230 162 161 162 163 163 53 243 155 235 210 31 36 45 235 48 49 50 52 54 118 189 116 51 117 50 214 49 196 195 109 196 37 37 22 16 20 23 29 32 35 37 122 37 38 38 39 238 39 124 124 127 127 41 42 43 120 249 248 244 105 117 126 140 148 155 163 166 168 170 175 174 177 179 180 180 181 180 180 180 180 180 94 95 89 97 95 96 96 80 95 91 80 74 47 135 138 141 141 172 58 58 58 61 62 63 62 114 62 62 147 64 76 67 77 65 150 150 150 151 153 69 234 148 64 64 154 65 68 69 85 153 154 156 71 204 75 79 165 220 142 166 81 81 166 145 165 166 166 166 166 166 166 52 162 53 244 226 158 77 162 162 238 143 157 67 155 154 154 141 73 151 151 151 151 10 138 68 153 155 155 71 71 73 157 159 158 161 32 76 77 162 77 79 166 137 81 84 84 170 169 169 151 166 152
146 143 139 133 105 105 109 104 103 110 17 18 18 121 39 100 18 22 22 99 16 101 137 99 99 99 99 140 102 143 18 26 27 75 76 15 16 18 20 28 39 49 52 53 59 61 63 65 66 155 64 63 158 158 224 159 158 223 157 156 153 147 32 32 40 46 232 46 46 48 50 50 185 48 49 210 111 111 193 192 41 211 196 197 212 196 190 88 22 27 31 34 36 37 38 122 235 39 39 40 123 41 43 44 243 126 255 41 248 244 106 116 123 131 147 153 160 166 168 170 172 93 96 96 97 97 98 88 96 96 179 95 94 176 90 177 96 96 96 94 94 94 87 78 72 48 136 168 141 141 142 142 142 142 144 63 71 64 147 191 63 148 148 151 151 151 151 150 150 80 153 71 220 151 65 78 65 79 65 67 68 70 71 172 71 156 156 76 79 81 82 164 165 82 83 208 82 82 165 82 218 82 82 82 145 145 225 142 228 75 77 78 161 64 158 157 241 155 154 153 140 140 152 77 78 67 137 148 152 154 73 155 146 72 71 72 73 149 75 115 76 76 77 77 79 158 166 165 84 84 86 71 68 163 166 153
152 147 145 135 105 105 29 25 103 112 99 100 100 120 121 100 120 121 98 99 127 19 25 24 18 99 136 18 101 28 71 15 17 145 24 14 15 16 20 26 36 44 47 49 52 56 57 59 60 74 217 58 153 154 71 156 154 217 63 155 151 146 146 29 33 41 166 42 43 44 44 45 46 46 46 189 188 43 106 106 41 105 196 38 213 21 15 12 22 26 30 114 36 36 37 109 121 121 121 122 42 42 44 114 123 44 247 246 245 243 114 121 128 141 152 158 165 168 170 172 174 95 176 96 97 97 97 87 91 96 178 178 176 95 93 93 85 94 93 92 91 89 83 74 52 132 138 170 67 142 178 142 142 142 63 64 145 146 200 146 147 196 148 151 151 151 151 150 150 151 153 153 154 234 231 150 65 65 65 66 147 68 71 71 153 204 74 75 77 82 83 163 164 83 143 208 141 82 232 81 82 82 82 82 225 143 50 159 54 141 78 78 143 158 255 241 75 155 154 153 153 153 71 77 9 138 11 148 71 73 154 145 143 72 72 29 152 72 73 74 39 74 78 49 77 82 164 83 86 68 87 72 149 69 84 166
154 150 146 136 106 29 26 27 102 33 100 100 100 26 25 118 20 99 21 21 26 99 99 99 99 99 143 137 99 99 150 150 95 153 16 16 16 16 18 24 32 36 40 44 49 52 54 56 57 57 57 151 57 154 154 154 64 154 44 154 231 227 224 26 30 38 40 120 122 44 43 44 44 45 8 123 123 123 121 121 121 105 19 38 38 199 16 14 102 26 29 33 35 101 115 38 106 42 42 121 121 121 63 43 44 245 113 247 246 109 123 131 136 149 156 160 164 90 172 172 96 96 96 96 97 175 97 97 98 91 172 94 93 93 91 90 91 84 93 92 90 86 80 73 50 133 139 170 142 142 142 142 142 142 71 144 66 68 120 76 148 80 150 81 70 71 138 70 82 151 152 153 153 153 234 232 145 145 145 145 147 70 85 72 76 3 154 154 156 81 84 83 83 162 162 31 161 231 212 158 82 82 239 240 82 81 227 79 78 78 79 78 141 78 140 140 155 154 154 152 152 153 153 255 254 148 138 148 71 73 153 153 74 144 74 144 152 153 152 146 74 75 75 149 79 81 84 85 164 87 165 72 148 164 87 87
86 149 147 137 28 30 26 27 110 26 100 100 100 100 26 26 98 21 21 22 54 21 22 100 100 100 143 144 21 21 143 95 95 153 92 94 94 94 18 22 27 30 37 37 41 46 61 50 52 205 52 145 66 50 65 150 46 150 56 150 56 228 147 26 29 115 40 40 61 42 42 44 121 122 45 45 45 45 121 121 196 119 198 38 40 200 16 16 105 106 107 109 110 34 36 103 115 41 44 121 121 121 241 44 43 42 43 112 112 121 128 138 143 155 82 163 165 169 93 95 172 172 172 172 96 96 82 93 93 86 168 91 90 88 165 84 83 90 90 88 86 80 74 70 126 134 63 170 142 142 142 142 143 178 143 144 67 69 71 148 151 151 210 149 135 71 138 70 149 213 75 153 153 153 235 233 145 145 145 145 146 147 232 72 151 76 154 154 156 159 82 83 83 225 227 82 138 137 157 156 234 80 82 141 242 243 227 78 78 78 79 78 237 155 153 154 78 154 154 152 152 153 12 0 0 72 13 147 149 151 153 153 154 99 151 76 152 153 152 110 41 74 144 73 76 80 83 84 88 165 88 87 148 164 90 90
155 152 151 142 29 28 27 26 27 100 100 100 100 117 23 97 97 98 24 25 30 99 30 99 133 24 98 68 97 97 23 151 28 93 94 94 94 150 20 155 21 24 27 32 37 41 44 46 48 61 47 59 141 46 146 145 42 58 58 152 208 151 149 145 26 34 37 114 41 226 41 44 218 44 46 121 47 209 120 211 119 119 18 212 99 198 95 95 109 111 111 113 113 113 114 114 40 116 119 119 45 46 46 62 112 112 119 123 126 123 138 142 152 158 124 164 165 161 92 93 96 97 76 94 95 83 81 92 85 87 86 90 89 87 89 166 91 89 87 85 81 75 69 49 128 134 138 170 67 142 174 174 142 142 69 71 144 146 71 74 77 134 135 150 211 147 147 71 74 75 151 152 80 236 90 234 221 71 145 145 71 243 145 146 75 77 79 155 135 82 83 83 203 205 137 207 81 81 212 81 138 137 80 80 82 156 228 80 79 156 156 253 255 255 79 1 139 154 154 70 9 73 10 137 1 147 147 147 149 88 153 153 154 99 153 28 77 77 77 34 76 144 149 150 150 80 82 86 89 91 143 163 164 166 167 154
90 153 150 147 28 29 105 100 100 109 27 100 100 29 97 116 97 96 96 97 125 97 24 24 30 24 23 30 97 97 97 79 151 94 94 94 94 21 151 19 21 22 24 25 30 36 38 38 40 39 40 134 39 41 43 42 203 41 149 150 148 148 146 142 141 25 31 36 40 171 40 43 63 45 46 47 104 209 118 46 46 46 201 199 200 38 111 113 113 114 116 116 116 116 116 115 117 118 119 120 121 122 121 113 122 124 126 130 134 137 142 150 83 86 52 57 90 164 92 92 94 94 163 93 77 162 91 93 83 83 159 87 88 87 92 89 160 86 85 83 76 70 66 50 129 136 139 73 141 69 75 75 142 142 142 144 144 146 190 74 76 84 200 77 211 75 75 148 148 150 152 152 153 81 224 234 85 144 73 72 72 242 144 145 74 77 152 153 81 215 83 84 203 83 136 135 81 81 81 81 234 136 153 153 81 81 228 81 153 82 252 139 241 153 1 244 138 81 81 140 71 139 150 150 3 75 147 147 76 141 80 80 32 81 36 144 150 78 150 150 150 149 149 150 50 78 80 85 87 92 143 163 91 166 167 155
91 155 152 151 29 29 35 100 100 111 28 28 28 97 97 48 25 51 23 23 30 96 96 96 96 96 96 96 96 26 77 31 23 23 23 22 22 20 89 20 21 31 21 23 28 30 32 33 35 36 36 38 39 40 42 144 53 52 144 35 50 146 143 139 136 16 20 28 33 52 37 38 40 60 42 46 49 103 211 210 45 213 200 100 200 111 113 115 116 117 107 119 119 41 109 119 120 121 122 123 123 124 125 127 128 132 19 135 138 141 147 82 84 86 90 57 161 164 163 93 94 94 161 78 76 90 79 93 85 82 83 87 86 85 89 82 87 84 83 80 74 141 51 123 132 66 67 69 70 141 141 141 142 142 115 72 73 75 83 147 149 198 148 149 210 146 147 146 75 78 79 82 161 82 235 234 220 163 71 222 73 144 145 146 148 149 81 211 82 81 81 218 134 81 81 134 227 80 212 81 136 82 81 81 81 82 243 82 153 83 238 83 153 1 138 245 79 81 9 151 151 151 150 15 75 146 76 76 76 77 81 152 144 81 143 144 150 79 79 79 79 110 148 78 78 148 81 84 158 92 160 163 164 165 166 166
156 157 153 151 28 29 31 99 100 42 31 108 30 97 28 118 96 96 96 96 96 96 96 96 96 96 96 136 96 96 147 33 141 30 21 22 90 90 89 20 20 20 21 21 23 25 26 26 28 28 30 31 33 35 37 50 36 34 47 142 141 139 136 132 122 1 3 11 143 17 21 23 25 27 31 38 97 44 193 98 209 42 43 44 100 113 116 119 121 122 124 124 242 122 122 122 124 126 126 126 127 128 129 131 134 135 137 138 142 145 149 83 85 87 91 160 92 93 95 72 94 94 159 74 157 144 89 91 82 88 82 83 82 82 81 149 76 74 79 73 69 55 123 129 134 136 137 71 140 73 142 142 73 73 79 142 144 145 147 148 80 88 200 201 88 203 147 148 147 148 148 81 94 82 94 166 220 233 84 140 72 74 76 76 146 78 78 79 80 213 196 198 80 130 80 223 207 78 130 78 229 77 232 77 78 133 135 151 85 153 139 84 84 140 2 59 150 151 82 83 152 142 17 75 138 7 17 145 21 78 79 81 83 143 151 39 150 102 148 149 149 149 49 48 76 75 77 81 87 91 95 165 167 166 166 166
165 166 157 154 96 28 30 101 29 30 30 96 109 29 29 96 96 96 96 96 96 96 96 96 96 96 34 134 26 26 145 139 80 31 89 90 90 90 33 152 89 88 30 154 20 20 31 23 24 25 27 27 29 30 182 129 40 27 133 133 131 129 128 125 116 115 249 251 14 1 6 8 10 13 21 28 36 236 45 112 210 111 113 113 114 116 119 121 122 124 126 126 126 127 51 125 128 130 61 131 9 132 135 139 23 138 140 140 143 147 149 150 86 87 91 160 160 93 93 157 93 92 94 156 77 154 156 82 80 79 78 80 78 79 80 77 75 136 70 58 137 122 129 134 137 137 138 139 78 140 142 142 141 141 141 143 145 147 147 194 82 148 81 141 80 91 216 208 208 80 81 81 82 93 150 234 233 233 143 143 143 228 75 75 77 78 77 93 145 210 77 78 78 76 125 202 76 76 207 207 73 72 212 72 74 77 80 84 87 50 138 84 86 152 153 60 151 151 150 151 153 20 77 76 77 75 17 77 145 146 80 82 82 84 151 41 34 142 148 45 81 141 141 111 144 143 52 78 83 88 94 98 100 167 166 166
166 94 92 156 32 94 30 31 94 94 31 109 109 111 30 30 30 30 30 30 30 30 30 30 30 130 28 132 26 26 34 81 89 32 89 25 25 25 25 35 88 162 30 97 154 20 104 102 15 27 17 17 17 29 29 28 16 17 17 127 129 128 127 190 182 181 165 165 5 167 246 246 250 252 4 18 33 63 112 113 101 114 115 119 120 123 124 125 127 128 128 130 130 129 129 129 67 7 124 133 134 136 136 139 85 139 142 144 144 83 150 150 86 88 92 94 67 155 156 133 91 91 91 153 153 75 77 149 77 77 76 76 75 75 72 73 71 67 57 58 123 128 135 72 73 72 138 139 140 75 76 76 83 142 141 144 81 81 82 200 83 89 90 207 145 147 151 152 216 80 82 93 94 84 95 222 92 233 221 221 76 88 75 75 75 77 234 236 76 122 75 75 75 75 75 122 218 73 204 120 120 135 70 70 72 74 79 83 86 137 137 139 1 88 8 60 85 85 85 86 88 142 89 77 20 11 8 75 80 138 30 82 148 84 85 34 142 43 83 45 139 46 80 45 49 78 114 79 85 90 93 96 99 101 101 101
100 101 164 160 32 94 94 94 94 94 32 46 107 32 29 92 92 92 92 92 92 92 92 92 127 32 27 32 27 27 90 144 89 89 89 89 89 89 89 26 25 98 151 82 31 84 157 29 29 80 29 30 17 17 180 28 78 172 16 16 128 127 126 125 183 183 181 117 5 244 244 245 247 249 1 79 97 111 113 114 116 119 121 123 125 126 127 128 129 131 131 133 133 134 134 134 9 71 73 16 135 136 136 139 133 77 141 82 144 85 87 150 52 88 90 92 66 92 93 68 149 152 90 90 74 75 84 145 145 75 74 74 73 71 131 66 66 56 118 122 128 134 137 159 78 137 138 139 139 138 140 141 78 84 144 145 145 145 83 146 147 83 83 145 145 84 93 217 215 80 209 81 84 84 85 233 145 233 169 220 74 75 224 75 75 76 182 73 73 186 73 72 72 71 71 70 116 132 201 67 115 67 67 67 68 72 75 79 82 85 84 135 86 88 252 138 148 149 149 14 88 89 22 76 13 73 9 76 79 81 81 83 84 147 85 142 99 146 100 44 44 80 81 138 50 141 54 141 83 87 90 94 98 163 165 165
165 166 99 96 31 31 33 32 34 33 32 92 34 31 31 31 31 92 92 118 119 30 30 30 34 29 34 34 89 89 89 89 138 87 28 28 36 145 25 25 23 32 98 20 152 20 104 79 19 82 82 164 17 78 30 180 77 171 15 16 128 26 188 21 185 185 183 180 119 49 166 51 247 248 0 19 100 111 115 118 120 123 125 127 128 119 130 130 131 132 132 72 72 73 7 73 73 125 135 75 19 75 76 77 79 140 80 83 84 86 142 88 48 88 89 90 92 90 90 147 67 87 67 88 70 70 141 72 72 72 72 71 69 67 64 58 120 121 125 129 134 136 138 138 138 139 140 166 110 138 79 174 176 81 89 84 145 84 145 85 193 91 146 145 145 145 85 154 155 89 143 211 145 218 85 95 144 233 232 231 230 136 137 225 225 76 75 74 74 186 70 71 71 70 70 70 212 68 214 200 66 127 66 66 67 70 74 78 81 82 83 84 86 149 139 8 88 149 149 139 149 151 90 150 13 12 70 138 79 81 27 82 85 86 86 147 98 145 45 46 40 46 48 81 108 82 52 81 84 87 90 94 97 101 104 104
104 168 163 159 90 93 92 92 93 93 92 48 90 90 90 90 32 32 32 121 122 89 30 30 30 89 89 89 89 89 89 89 138 28 28 141 142 92 24 32 81 98 99 146 19 19 151 28 156 19 22 115 174 163 17 119 17 123 74 184 173 174 26 186 22 187 185 182 178 163 121 246 5 246 251 15 40 114 118 120 124 127 128 242 131 133 133 133 133 133 133 133 133 133 58 133 133 136 16 76 76 76 76 77 138 139 141 83 83 39 85 87 46 87 87 89 144 64 144 66 65 86 142 66 69 67 67 66 66 66 65 64 63 60 58 119 125 131 133 136 138 137 138 138 159 79 81 84 170 138 81 120 121 82 84 84 85 144 144 191 190 84 86 87 145 145 145 214 216 143 209 83 85 216 145 145 172 173 232 231 230 136 178 236 73 74 73 85 72 184 69 69 189 67 67 82 82 67 67 213 66 66 67 111 125 68 71 75 80 140 141 85 87 89 89 253 89 149 149 149 149 92 15 150 73 72 70 138 138 17 26 81 84 86 86 88 38 87 40 135 98 138 79 139 81 54 81 82 82 86 148 92 96 100 104 106
164 168 106 162 91 90 34 92 92 36 37 105 90 90 90 90 90 59 32 89 89 89 121 88 89 37 32 130 32 32 32 86 88 26 25 33 25 25 82 82 82 100 98 17 19 76 159 18 77 78 79 22 117 117 73 73 19 125 29 16 16 188 174 189 187 188 187 182 122 121 4 244 245 247 249 8 35 54 117 65 68 70 130 121 133 250 134 135 123 133 133 134 125 133 133 133 134 135 19 135 135 135 134 136 80 83 84 84 84 137 142 143 87 139 143 87 89 62 61 140 85 85 65 63 62 62 60 60 60 59 58 62 61 117 120 126 132 143 135 80 82 138 138 138 138 160 82 138 86 169 139 177 87 140 140 85 143 87 189 138 139 85 87 88 144 88 144 158 215 143 143 95 87 88 145 219 94 173 172 137 137 176 86 85 74 75 87 129 129 230 184 68 68 66 67 236 236 122 122 122 215 68 124 124 68 68 70 75 82 84 84 86 88 88 89 134 88 93 91 92 93 93 141 25 15 14 12 79 79 80 81 131 85 87 87 87 137 86 41 135 98 81 80 82 83 135 82 139 137 86 90 91 94 99 103 163
106 107 107 162 91 90 90 92 92 47 48 49 34 88 88 34 110 33 34 34 66 32 33 88 88 38 32 88 88 138 83 29 85 26 135 26 81 81 81 81 81 155 28 76 30 76 159 19 19 23 115 21 29 161 73 73 75 168 168 17 17 132 27 16 189 188 187 183 179 177 4 178 243 246 246 6 29 49 61 121 69 126 73 74 76 77 79 80 135 133 133 134 126 133 133 133 133 134 20 80 135 135 134 136 81 81 82 82 82 83 84 87 50 85 85 136 85 54 55 83 82 62 61 59 58 56 67 58 56 115 117 118 121 125 129 134 137 84 149 137 138 138 138 139 139 163 137 139 139 172 139 177 139 140 142 143 185 185 92 90 196 141 85 144 144 144 144 159 98 89 89 213 215 214 213 168 89 91 171 78 174 86 129 74 74 222 75 183 73 186 72 230 70 124 124 235 235 66 66 66 66 69 111 69 124 124 125 130 82 85 85 87 88 89 90 144 144 93 91 92 92 92 92 17 15 69 68 67 77 79 80 82 139 37 85 85 85 135 41 85 141 99 44 81 82 54 55 82 83 84 85 89 91 97 100 102
106 107 108 160 90 92 38 41 90 40 103 88 88 88 107 88 88 62 111 37 32 116 33 35 76 38 86 126 33 82 134 81 81 81 81 81 81 28 28 25 25 100 21 146 146 21 22 75 111 21 74 73 72 21 74 177 74 74 181 171 71 19 187 188 68 188 187 131 127 7 45 165 180 166 245 255 19 39 56 65 68 235 72 117 77 78 133 80 81 82 82 133 133 133 12 80 80 81 82 126 81 82 135 79 79 134 135 83 129 82 82 43 80 82 82 131 52 82 53 54 78 58 125 59 55 53 51 61 113 116 119 121 128 134 137 138 137 87 97 136 136 137 157 84 86 136 137 138 137 138 139 177 138 139 88 93 140 141 191 86 142 90 139 90 143 145 145 145 215 90 91 167 210 162 161 84 75 76 210 83 73 71 81 81 81 175 69 70 70 70 71 187 79 122 234 123 248 119 235 64 66 67 70 71 123 123 124 129 82 86 139 142 142 142 91 144 144 92 92 136 93 137 93 17 70 71 15 126 14 130 80 82 136 137 84 132 88 136 136 84 84 45 43 80 82 136 53 80 82 83 85 89 91 97 100 103
105 160 108 160 91 38 88 38 37 38 39 37 88 55 34 37 62 37 110 34 111 31 34 35 76 76 32 33 81 36 82 30 30 81 81 136 92 137 27 139 32 100 72 143 144 22 30 21 73 72 74 73 31 21 21 22 74 24 130 32 71 71 71 188 68 189 188 187 183 177 248 163 247 179 40 249 7 25 42 59 67 70 72 74 77 78 78 79 80 81 81 81 81 82 6 80 81 82 126 133 25 82 134 76 28 83 82 82 40 128 132 44 81 81 81 50 48 77 125 51 123 53 53 50 114 49 63 114 116 120 125 129 131 85 88 138 146 138 149 136 136 137 157 136 136 136 136 137 137 138 139 177 138 139 141 187 140 141 191 138 94 137 140 198 143 94 94 145 101 208 208 164 161 159 80 158 198 69 70 70 204 67 167 66 210 75 64 64 63 65 67 223 68 70 72 124 199 197 195 62 64 65 69 111 123 123 125 129 82 86 140 88 89 90 92 92 92 144 144 62 145 144 93 17 24 17 15 22 12 75 78 80 82 85 86 87 88 136 136 136 136 95 47 80 83 85 104 79 81 81 85 87 92 95 100 102
105 106 108 159 41 88 39 93 38 38 38 38 53 38 35 36 62 35 64 33 65 32 34 35 75 33 81 81 37 33 132 79 80 33 81 142 136 134 24 31 24 73 32 143 72 72 156 22 24 24 24 157 73 169 70 71 74 25 132 32 70 22 22 34 71 191 177 177 188 182 177 124 247 249 5 249 252 7 28 45 61 69 72 72 243 75 77 243 77 78 78 78 78 78 119 127 79 80 82 82 82 81 82 82 30 31 80 79 79 79 79 80 79 44 41 77 44 47 46 48 48 46 46 110 111 112 115 119 123 128 131 133 134 136 89 95 88 145 88 88 136 137 137 136 136 87 137 138 137 139 139 139 140 139 140 140 140 140 191 96 139 138 91 97 93 202 204 94 166 164 205 162 158 80 192 193 154 65 65 65 73 65 212 113 64 63 170 169 59 61 63 66 67 69 72 72 82 197 196 63 113 115 69 72 75 113 125 79 82 84 89 91 128 90 92 132 142 143 96 144 23 95 135 66 66 67 63 13 12 75 78 22 81 83 35 84 88 46 136 136 136 95 92 81 83 56 129 103 58 81 83 87 90 95 100 103
105 107 158 158 87 43 87 94 39 86 86 41 101 35 39 36 62 35 63 80 37 80 34 115 36 80 81 127 123 79 34 135 34 92 133 31 96 139 72 71 72 73 27 152 72 72 156 148 24 24 25 33 73 36 72 72 73 169 179 70 70 174 23 24 25 69 144 28 189 185 180 172 38 249 249 250 9 1 16 31 45 54 61 66 68 73 75 112 75 76 76 76 77 76 77 78 12 78 16 78 79 21 77 77 78 119 78 77 34 78 78 77 37 118 38 73 115 41 41 42 43 44 46 112 116 120 122 125 130 133 135 88 134 89 94 89 143 144 135 136 151 137 110 89 91 89 90 91 91 138 140 174 140 139 97 139 140 93 139 140 149 92 91 139 93 93 201 95 204 163 157 156 153 151 68 199 74 112 195 112 112 112 74 64 73 205 169 168 58 59 60 63 65 67 69 80 69 198 78 111 66 68 69 72 76 124 125 126 130 132 90 1 135 90 92 92 142 96 134 142 142 143 27 67 68 68 64 13 11 74 78 78 80 82 83 131 135 89 89 131 135 47 46 48 82 131 56 83 104 128 82 86 88 94 100 103
105 107 109 107 88 89 86 95 43 95 41 41 55 80 37 60 38 80 80 107 67 33 33 71 76 34 34 39 127 33 33 33 33 38 78 78 97 139 72 73 73 72 75 145 72 147 33 33 70 70 71 72 28 28 29 131 29 168 168 24 25 25 25 26 26 192 190 31 190 188 182 174 39 40 40 40 173 255 6 14 27 39 46 54 61 67 72 74 110 73 73 74 74 111 72 73 110 73 112 74 17 112 73 112 73 73 73 73 74 32 73 114 113 36 34 35 66 38 107 67 114 113 116 121 123 126 127 130 132 134 136 134 135 91 95 91 135 92 136 92 108 92 111 135 156 135 164 138 137 94 95 140 176 139 139 139 142 94 94 94 189 98 137 95 158 94 139 139 163 158 151 150 77 151 114 114 77 113 113 115 210 201 165 64 168 168 107 106 207 104 104 59 59 60 63 63 63 64 66 111 67 112 114 118 123 236 125 126 130 133 90 127 136 137 137 93 96 142 142 142 142 97 98 142 69 30 66 61 57 74 79 20 79 84 36 86 91 135 135 135 49 47 45 44 82 84 84 128 128 128 126 85 88 94 98 101
104 106 110 155 45 42 44 44 86 96 83 40 98 99 37 100 37 104 36 67 34 77 77 35 115 77 36 82 121 36 32 32 33 33 33 33 37 74 74 75 74 74 76 109 29 111 70 70 151 27 28 28 28 29 30 166 134 133 167 24 24 33 66 25 69 147 147 64 191 190 24 182 40 40 40 43 175 0 4 6 10 18 28 38 44 50 223 52 54 56 236 57 58 58 60 60 97 62 62 63 64 65 67 67 66 17 67 68 67 68 68 108 69 70 69 107 110 110 110 113 118 120 121 123 125 127 128 130 132 92 93 135 135 92 91 135 92 92 92 92 135 151 95 135 95 93 94 94 95 137 138 97 100 139 139 139 138 138 95 94 94 137 95 139 101 138 202 164 153 149 148 77 77 114 114 114 80 115 116 117 81 203 212 212 204 212 107 108 218 71 208 102 68 181 69 62 63 64 229 69 112 113 115 119 125 15 242 127 88 133 92 136 137 137 95 138 138 99 21 142 61 98 142 142 26 68 129 63 58 75 119 78 80 82 85 129 90 130 93 54 49 47 45 78 80 84 127 86 85 84 84 128 88 94 98 102
98 107 109 110 85 43 44 44 93 54 93 40 56 39 98 40 36 62 63 32 31 32 34 35 39 36 77 43 84 81 30 30 72 72 72 72 72 72 72 32 73 74 144 37 152 70 70 70 37 69 29 29 29 30 29 29 71 169 136 34 65 33 64 65 25 25 189 64 64 195 193 194 188 174 173 43 187 42 3 4 4 5 7 15 15 18 23 27 30 30 45 31 32 33 35 39 41 41 41 44 48 50 51 53 58 96 61 64 66 65 69 70 70 108 112 113 113 115 116 118 122 125 127 128 128 129 77 130 133 134 94 134 135 94 93 95 132 133 134 97 137 135 96 136 136 135 136 136 136 136 95 97 98 98 139 139 138 138 137 136 136 137 137 139 138 139 163 160 149 80 148 148 70 115 117 119 121 210 87 121 215 206 214 113 216 208 209 108 108 219 104 221 100 100 100 60 62 63 66 68 71 72 117 122 126 16 233 127 131 92 134 136 137 10 137 97 97 99 100 134 98 99 100 140 33 27 94 64 60 55 76 78 79 80 83 86 88 89 90 47 48 124 87 120 122 84 85 127 63 122 83 85 86 92 97 100
102 147 105 110 85 44 84 90 44 53 42 93 56 78 60 40 76 99 63 36 101 70 32 33 33 33 35 82 38 118 71 36 31 124 31 31 129 31 31 36 31 34 110 70 38 70 70 70 151 69 70 70 158 160 161 30 38 67 175 25 65 67 67 146 64 64 64 64 64 64 64 197 197 192 188 175 16 43 153 153 1 14 42 189 3 5 7 7 9 10 24 13 17 22 27 31 66 225 34 77 42 86 89 50 52 55 59 61 17 62 66 69 70 109 74 114 115 118 119 121 123 125 126 127 128 129 129 131 95 134 91 134 135 97 136 103 141 95 143 95 95 112 93 93 96 136 97 97 98 136 136 99 138 138 99 99 138 185 186 136 136 98 137 99 100 198 160 153 150 149 148 110 110 114 118 121 84 91 123 123 218 216 117 84 217 112 218 79 108 108 183 182 100 100 100 102 190 63 66 108 233 73 78 121 86 87 89 129 93 132 135 96 98 137 137 130 137 131 99 99 100 28 139 101 134 27 27 25 22 55 21 77 78 80 82 84 88 89 91 47 89 124 88 122 123 124 126 127 100 100 83 83 86 91 134 98
103 106 149 151 46 85 46 52 79 79 79 79 79 96 61 39 61 38 100 71 71 72 105 71 71 71 72 118 35 85 34 69 69 128 69 69 134 69 69 69 69 33 38 33 33 70 70 70 158 69 32 32 68 159 38 162 38 165 67 68 68 174 67 148 64 64 64 64 64 64 64 65 201 197 192 150 4 5 14 152 0 1 2 162 2 4 6 5 17 200 6 11 16 21 24 29 32 32 33 37 40 45 48 47 48 49 50 54 58 61 65 68 72 74 77 114 115 82 84 123 125 126 127 127 77 91 92 93 132 90 97 134 98 98 99 99 142 97 108 132 95 113 95 151 95 98 160 135 136 136 136 137 174 100 101 101 101 138 189 136 136 137 191 103 99 201 156 147 145 144 144 69 72 113 118 121 123 126 126 127 221 95 222 221 221 219 213 112 222 109 223 223 221 100 100 66 229 100 66 69 70 72 78 83 87 127 127 92 130 132 135 134 136 136 136 136 136 137 137 137 138 139 139 33 32 27 64 26 24 18 16 75 77 79 80 81 85 88 87 91 127 128 90 55 55 87 88 64 61 119 84 84 84 89 93 98
100 106 109 114 46 45 45 51 44 45 43 78 78 43 96 41 73 97 66 71 73 73 73 108 71 72 71 37 117 117 39 69 69 39 69 69 39 69 69 69 136 137 139 32 33 35 41 35 41 69 69 69 68 68 69 170 67 67 68 32 40 67 67 41 186 64 64 65 185 185 64 66 41 201 196 190 187 175 186 174 255 1 36 160 36 187 11 0 0 1 4 8 50 57 25 63 237 31 32 36 38 42 43 43 45 47 49 54 58 61 100 69 71 74 76 114 116 119 120 89 91 91 93 127 126 128 128 84 96 130 99 133 133 99 100 99 105 97 98 96 112 130 130 95 131 97 157 96 98 101 101 101 105 136 101 101 136 182 103 138 158 158 134 134 100 164 152 144 75 142 102 69 73 76 81 124 126 128 130 132 219 219 225 225 225 222 222 114 113 218 223 216 223 223 101 101 230 231 102 69 71 107 113 120 125 128 249 128 129 96 100 135 136 101 136 17 102 137 55 26 137 103 32 28 27 34 28 28 24 18 17 112 77 78 80 116 85 42 123 92 93 92 125 91 90 124 124 97 97 120 99 121 122 125 93 98
136 104 110 114 79 79 79 53 44 44 44 44 44 76 62 38 41 99 68 37 72 73 40 43 73 116 71 71 119 69 39 35 69 69 69 69 69 69 69 106 105 133 32 31 32 33 35 69 69 69 154 35 34 40 135 39 33 33 143 33 66 68 68 68 44 69 69 69 196 195 64 66 66 203 200 195 189 187 38 153 33 0 1 183 2 13 34 189 1 193 4 42 50 56 26 63 64 65 33 69 38 39 38 38 40 42 48 53 57 94 66 68 70 72 74 78 82 86 87 89 89 91 93 94 94 126 83 126 128 129 133 131 98 97 100 138 106 98 130 129 113 129 147 96 97 130 130 130 132 135 135 135 104 136 135 135 136 185 137 138 192 102 134 134 134 159 145 142 70 73 101 102 73 109 80 91 128 130 133 136 228 229 103 229 228 227 227 220 227 228 227 225 225 225 216 103 106 227 226 68 70 72 78 87 93 128 122 128 129 130 100 3 103 103 136 45 136 104 28 53 104 30 27 27 128 33 32 27 24 53 52 111 24 75 77 79 83 86 88 93 94 88 56 56 119 89 89 119 118 88 66 87 89 89 93 97
100 102 108 112 78 78 78 84 84 75 75 75 44 62 42 70 72 68 98 70 72 42 44 72 42 112 86 70 69 68 68 68 68 68 68 68 68 42 68 106 64 138 63 63 32 34 34 147 34 36 41 66 132 64 64 64 164 65 175 65 68 68 68 68 68 68 68 38 197 194 64 66 66 204 202 198 194 158 186 187 14 35 34 34 13 3 187 12 32 2 35 44 51 24 27 30 63 65 65 36 37 235 36 36 38 42 45 50 55 60 64 67 69 70 74 76 80 83 88 89 120 92 93 95 125 126 96 128 128 99 101 131 99 97 97 98 99 99 128 128 128 129 118 148 98 99 100 130 131 134 135 135 106 134 178 135 135 106 137 138 162 191 133 134 166 154 139 67 73 68 70 71 103 78 112 90 96 99 134 138 233 112 233 232 230 228 223 97 121 231 230 227 226 225 102 74 107 231 237 235 101 229 74 84 92 95 96 98 0 130 131 102 134 16 136 136 136 135 105 135 135 26 104 130 59 100 34 59 55 22 22 20 20 19 73 76 79 83 87 91 95 58 56 117 88 60 88 59 85 85 86 86 119 90 92 96
132 134 139 143 79 48 76 82 46 86 75 48 61 70 41 69 71 69 98 69 43 43 43 72 72 115 86 41 117 68 68 68 68 68 68 68 68 68 68 107 34 138 63 63 34 34 40 40 64 65 67 68 156 65 66 163 164 36 42 36 68 68 68 68 68 68 68 40 166 43 65 68 47 204 172 199 196 193 22 183 20 185 194 36 38 198 196 2 31 192 5 16 21 25 27 30 216 34 35 242 35 229 35 35 36 39 43 48 53 58 62 67 69 71 103 76 79 112 86 89 91 91 92 96 125 126 125 98 128 93 99 99 99 100 131 126 127 127 127 127 127 100 119 127 128 129 130 130 131 134 135 135 134 134 177 134 109 136 139 188 163 133 133 191 164 152 137 66 67 69 70 101 74 108 112 89 95 100 106 139 142 239 239 236 233 125 231 225 204 232 116 231 88 199 199 104 78 80 210 235 81 80 72 80 85 91 96 128 24 130 101 132 134 40 136 136 136 135 135 135 31 105 106 134 59 130 60 59 55 52 109 21 18 71 19 71 76 82 85 89 94 120 55 116 115 87 86 86 113 114 115 115 89 119 93 95
100 104 109 113 52 78 79 80 46 48 75 86 61 88 43 68 43 45 71 68 42 42 69 70 45 46 112 113 68 68 68 68 68 68 68 68 68 130 40 110 136 62 62 62 62 36 63 63 38 39 155 68 68 161 67 165 143 43 64 64 38 39 40 158 178 44 182 165 37 38 41 68 177 176 200 173 197 194 193 43 196 25 42 41 22 38 199 34 34 17 37 46 52 54 55 29 30 31 32 42 31 31 31 32 35 37 42 47 52 57 61 65 67 69 72 73 76 83 111 87 114 90 93 95 124 125 125 125 99 99 126 126 126 126 127 127 100 126 100 127 127 126 126 127 127 129 128 103 132 134 135 171 135 135 177 134 109 136 138 165 190 165 192 132 164 151 136 91 94 97 98 100 104 82 86 88 92 98 106 112 145 239 242 240 236 108 233 233 122 235 207 206 231 231 229 223 77 78 78 86 83 83 234 77 80 89 95 102 25 104 130 133 108 109 109 109 109 109 109 30 53 54 134 58 31 102 101 31 53 52 113 50 18 39 16 68 71 77 84 88 91 93 56 81 58 55 55 57 110 85 65 87 112 89 91 95
99 104 109 111 53 80 79 55 46 47 84 47 45 44 46 45 44 94 68 97 43 43 68 69 45 44 111 112 68 68 68 68 68 68 68 68 68 130 41 43 136 62 62 62 142 61 62 63 63 39 40 40 41 41 67 145 44 64 64 40 153 64 64 64 183 180 44 38 39 63 41 42 41 176 199 174 196 197 196 46 197 44 44 43 203 194 23 205 38 39 44 49 54 55 40 228 29 31 33 42 32 32 32 33 35 62 42 47 52 56 61 64 89 69 71 73 73 82 87 88 113 92 93 95 99 125 89 125 101 100 98 101 101 102 127 132 101 100 126 103 127 127 127 127 127 129 128 106 109 134 135 112 109 109 177 134 134 137 138 166 191 188 111 110 192 153 137 93 94 98 100 101 81 83 86 88 92 96 104 116 149 246 245 242 238 235 235 123 123 211 235 233 232 232 231 229 75 79 87 214 234 105 87 243 78 83 89 96 102 104 131 132 109 110 110 110 110 110 110 134 135 129 134 57 36 102 101 56 53 52 113 50 42 93 16 67 70 75 82 88 92 93 56 81 55 55 55 57 84 84 85 88 88 90 116 95
100 105 109 112 53 54 48 69 48 70 61 69 68 69 67 46 47 68 96 67 67 68 68 46 46 46 68 68 68 68 68 46 121 125 122 41 44 109 45 134 63 137 61 61 62 144 61 61 62 63 63 63 41 41 41 144 162 147 39 169 41 63 63 40 159 179 39 39 40 63 43 65 194 198 190 173 51 51 198 48 32 47 201 44 205 44 45 45 45 45 49 53 56 56 56 237 51 30 33 34 43 241 55 58 58 63 67 72 53 55 60 64 65 66 67 71 73 80 86 109 89 91 115 94 98 101 101 102 125 119 97 101 124 102 102 102 124 124 126 139 127 126 126 129 153 153 106 131 111 133 134 134 133 133 133 133 112 114 189 190 167 167 191 130 192 156 163 139 94 75 78 80 106 107 88 88 90 93 99 111 123 148 246 244 242 239 238 234 230 236 231 235 235 234 110 232 205 80 105 106 109 246 238 243 237 78 78 84 97 103 107 109 133 134 134 134 134 134 134 130 113 55 112 57 57 32 37 32 53 28 27 28 43 15 14 13 66 70 76 84 89 91 111 55 54 107 55 83 104 84 84 86 87 89 91 94
97 102 109 111 54 53 74 69 49 70 70 48 83 68 68 68 47 68 96 46 46 47 68 85 45 47 68 68 47 68 118 101 102 103 45 43 46 43 43 113 42 137 61 41 41 44 61 61 61 63 63 63 154 41 41 42 42 41 166 42 42 170 40 44 40 40 61 61 185 41 44 194 178 198 198 196 52 52 199 51 50 49 204 47 47 49 51 51 52 52 53 56 56 228 229 216 52 54 57 58 241 57 45 58 59 64 68 72 76 77 59 62 63 64 65 67 70 77 84 86 89 90 94 116 97 99 101 103 105 125 119 123 124 124 124 125 125 125 105 106 106 127 127 130 131 111 156 131 133 133 167 112 113 134 133 133 133 115 167 167 166 111 111 113 192 177 139 69 71 76 79 80 84 107 110 111 91 114 98 104 118 123 128 240 244 241 219 236 124 236 106 237 237 236 230 234 229 77 80 85 88 88 245 243 86 100 78 78 83 98 105 108 112 134 134 28 134 31 32 133 113 35 134 57 127 126 36 31 28 25 106 51 45 38 12 79 64 21 71 79 84 89 52 107 87 54 54 98 80 83 105 85 87 75 90 94
95 100 108 111 55 52 70 70 58 47 48 50 67 49 49 88 46 45 45 46 46 46 82 45 63 46 110 111 67 98 47 46 46 47 63 123 44 47 63 114 43 137 61 61 61 61 61 61 43 63 64 64 159 61 157 42 62 62 62 62 41 44 40 58 59 60 62 190 191 61 43 43 178 179 180 198 56 56 200 52 39 51 38 202 50 50 53 53 54 55 222 57 226 37 42 54 232 57 61 60 251 58 249 60 63 65 70 75 78 33 17 59 61 62 63 65 67 73 80 87 90 109 94 97 98 99 100 103 104 106 124 124 124 124 125 125 125 134 124 107 126 127 127 130 112 130 130 131 133 133 168 169 114 115 133 133 179 115 116 167 130 131 131 113 194 181 164 90 73 76 80 101 86 89 91 111 112 116 97 101 109 115 121 224 224 240 239 237 235 237 122 106 105 238 236 236 233 224 80 84 86 87 226 243 100 100 246 78 79 85 99 107 112 133 115 44 133 46 49 133 133 133 134 56 130 130 36 29 25 21 86 90 47 41 33 30 62 64 69 73 80 85 87 86 86 53 52 79 80 81 84 86 87 105 89 91
94 99 106 110 53 52 52 60 59 65 66 66 68 67 87 71 70 46 47 62 62 62 62 62 62 46 47 50 98 98 46 100 45 45 46 47 123 46 44 47 45 47 61 61 61 61 61 61 62 64 154 64 51 157 162 61 61 44 44 154 59 59 59 60 61 45 63 64 53 194 49 44 190 58 46 56 56 56 44 55 203 54 53 41 52 52 54 55 55 44 55 38 38 214 36 55 46 62 252 63 254 51 60 63 65 68 73 75 62 75 16 77 78 78 62 78 82 71 80 88 91 111 77 113 115 116 118 101 102 104 108 106 108 124 108 108 108 108 107 124 125 110 129 130 131 154 111 115 115 115 117 117 132 132 174 115 118 132 182 114 130 114 188 113 118 185 168 158 74 77 80 101 105 106 92 94 96 96 99 98 105 109 116 121 224 224 222 219 232 233 110 238 119 238 237 99 237 214 81 83 102 105 238 239 101 242 229 228 79 81 86 99 112 130 133 130 133 130 130 133 133 133 117 57 130 44 38 46 24 19 101 89 104 47 37 12 76 64 67 70 77 82 86 86 101 52 53 80 97 99 84 86 71 102 88 88
93 100 107 109 69 68 68 74 75 52 66 52 52 53 50 86 62 62 62 62 62 62 62 62 61 63 63 111 98 48 62 117 62 118 47 49 60 60 60 61 61 61 61 61 139 46 46 61 62 64 65 65 65 54 63 161 165 60 60 60 60 60 60 61 61 63 50 65 65 195 190 60 195 58 58 199 56 56 57 203 56 211 207 55 55 55 214 40 55 40 40 214 41 39 38 57 59 64 64 63 63 63 63 65 68 74 76 76 78 62 74 76 62 62 62 63 80 72 79 88 108 96 110 98 112 99 102 117 118 119 106 121 124 124 124 124 124 124 135 109 110 142 112 114 153 139 113 131 131 131 117 117 117 117 173 174 116 116 117 182 115 116 189 130 116 190 177 163 74 75 80 86 105 108 191 110 111 111 187 96 103 108 115 119 120 224 116 235 235 236 237 110 235 223 102 101 235 236 215 82 82 85 86 101 86 229 244 229 78 79 81 85 101 114 117 133 133 133 133 118 118 118 118 130 57 59 57 50 37 80 84 88 89 102 43 29 13 62 63 68 73 77 80 84 84 52 81 80 82 84 85 86 102 69 82 84
90 96 105 108 69 71 55 73 67 78 68 80 53 66 83 51 62 62 62 62 62 62 62 62 62 62 63 108 50 49 50 50 49 107 48 48 60 60 60 48 48 61 61 137 50 60 60 49 52 52 54 52 52 159 50 53 52 164 60 48 47 61 61 51 61 51 190 65 65 57 194 47 49 193 194 200 58 57 58 58 58 49 208 56 55 214 219 55 55 221 41 211 47 222 38 57 63 66 56 63 63 64 67 69 72 76 77 77 64 30 20 62 62 72 26 62 64 71 80 89 107 110 79 98 110 98 114 104 105 106 102 109 124 124 127 128 110 112 135 123 123 110 112 127 118 117 128 117 118 119 166 130 130 130 131 131 130 129 129 118 129 117 118 117 119 194 185 168 156 76 78 99 92 95 97 111 111 111 100 98 102 106 112 115 117 117 223 115 115 114 237 121 239 224 232 225 226 223 216 94 82 86 100 87 239 243 86 241 232 84 234 80 87 104 116 133 35 120 37 132 132 132 132 47 128 130 62 51 40 19 83 85 89 104 50 35 27 61 64 65 70 74 78 79 82 50 82 56 82 84 86 100 88 82 83 71
84 95 103 107 56 56 67 57 74 76 56 55 55 66 84 62 62 62 62 62 62 62 62 62 62 62 51 97 50 50 61 114 50 51 60 60 60 60 60 60 60 49 60 139 60 61 53 62 62 64 64 64 64 162 52 155 52 157 60 60 60 62 63 62 63 64 65 65 65 54 183 182 48 197 58 202 58 59 60 60 59 58 210 57 56 218 219 44 44 212 38 210 34 37 51 46 52 54 58 63 63 67 72 74 74 64 15 14 17 64 31 63 22 23 61 72 74 71 80 88 95 97 110 110 110 110 113 106 106 107 108 121 124 125 126 118 122 124 135 123 123 122 124 127 129 155 156 129 160 119 130 130 130 130 131 131 130 129 129 129 129 129 129 129 129 194 195 178 162 74 80 88 93 95 96 98 101 111 111 111 101 103 108 111 112 113 115 115 232 226 110 121 239 237 115 239 103 235 228 224 83 83 85 85 229 236 83 239 82 245 245 88 81 85 99 117 130 132 47 132 132 132 132 57 56 128 119 56 45 35 96 86 89 94 51 41 28 74 75 73 66 71 75 76 78 90 84 67 83 96 96 88 89 81 70 68
78 86 100 106 66 68 56 56 56 74 55 55 79 55 83 62 62 62 62 62 62 62 62 62 62 96 104 53 60 60 52 51 51 60 60 60 61 61 61 60 60 61 60 53 138 60 60 53 53 55 64 64 64 154 54 53 53 159 60 170 52 53 53 58 64 64 56 55 193 64 184 52 58 53 59 202 58 51 60 60 212 60 215 58 216 209 49 221 212 211 216 210 44 48 53 58 53 53 54 54 66 72 75 10 74 66 14 72 73 74 22 21 69 69 71 65 75 71 81 89 96 107 101 101 101 110 103 114 107 108 109 121 115 123 122 121 114 115 116 123 123 122 116 127 130 154 156 128 129 129 121 121 121 121 128 128 120 128 128 128 128 128 128 120 121 121 123 189 169 148 78 84 92 96 97 100 101 102 104 111 203 102 105 107 110 121 113 114 122 115 120 113 240 115 115 240 238 236 229 216 81 80 81 83 85 84 82 82 82 84 83 246 79 245 83 99 116 124 132 42 43 131 132 48 128 129 129 58 51 41 36 86 87 91 105 53 36 29 30 75 68 70 73 74 75 78 82 55 84 94 96 88 89 70 69 68
66 83 95 106 56 56 56 55 56 56 63 76 55 63 83 62 62 62 62 62 62 62 62 62 62 104 55 55 60 60 60 113 112 52 59 61 62 61 61 60 131 53 53 54 52 53 54 54 54 57 64 64 64 162 62 162 164 160 52 165 60 55 53 62 63 183 179 55 56 55 191 58 58 58 58 202 59 56 60 60 59 60 216 210 215 209 46 48 212 210 38 38 44 49 54 59 245 54 62 65 69 74 75 18 69 13 13 66 19 65 21 63 70 70 71 73 75 72 80 88 96 99 107 102 102 110 104 106 108 109 117 113 115 116 122 121 122 124 127 115 115 122 125 129 154 154 156 128 129 129 164 128 128 128 128 128 128 128 128 128 128 128 128 128 128 128 123 196 175 158 75 81 91 96 105 100 100 103 200 104 104 203 103 105 108 111 113 114 114 115 121 237 231 109 114 231 231 229 221 223 220 81 88 90 83 232 82 82 83 89 84 239 244 84 80 84 101 117 124 51 131 131 125 56 129 129 60 53 54 44 29 30 38 91 93 97 43 29 30 24 67 67 70 73 74 78 81 82 84 94 68 89 89 70 68 67
72 78 91 103 62 62 62 62 62 62 78 60 65 64 83 62 62 62 62 58 58 62 98 57 96 97 54 56 56 56 56 110 52 58 55 57 57 127 57 54 54 54 54 55 133 54 56 56 57 58 64 60 156 157 62 59 164 162 59 168 54 58 54 56 56 178 179 54 55 54 186 57 53 53 54 55 60 62 62 62 62 62 216 216 212 216 52 52 216 210 42 44 46 45 54 54 55 62 66 66 69 73 9 10 70 12 64 64 64 18 63 63 69 64 64 65 69 71 81 90 96 105 102 102 104 105 110 107 108 110 111 113 115 117 125 120 121 123 134 122 122 122 119 124 130 155 128 129 129 129 129 129 129 129 128 128 128 128 129 129 129 129 129 124 128 128 128 197 188 167 155 79 89 95 98 99 101 101 102 101 101 102 101 103 107 109 112 225 114 113 114 116 115 237 237 234 236 229 227 223 218 79 82 84 84 230 81 81 82 88 88 244 240 79 80 246 81 103 119 126 132 131 131 53 57 129 127 59 55 46 35 95 35 88 91 93 38 30 27 30 67 27 67 74 72 75 79 82 83 86 89 90 73 70 68 63
63 74 88 108 255 255 255 255 255 255 255 255 0 0 20 255 255 255 255 255 255 255 255 255 255 255 0 255 255 255 255 255 0 60 255 255 255 255 255 255 255 255 255 255 255 255 86 255 255 255 255 0 0 1 255 255 104 255 255 110 255 0 0 255 255 255 255 255 255 255 255 255 255 255 255 0 0 147 0 0 0 155 0 160 161 255 255 255 255 255 255 255 255 179 255 255 0 255 0 0 1 0 1 0 0 0 1 208 0 1 1 1 217 0 0 0 0 0 0 0 0 0 0 0 0 0 1 1 0 0 0 0 0 0 5 0 1 11 1 0 0 1 2 2 1 1 1 1 1 1 1 1 1 1 1 1 1 1 1 1 1 1 1 2 1 67 0 71 2 1 77 0 0 0 1 0 90 0 0 0 0 0 0 0 0 0 0 1 0 0 1 1 0 1 1 1 1 130 132 1 1 0 0 1 0 1 0 0 153 0 255 0 0 163 0 2 170 0 0 1 1 3 184 1 1 3 1 1 3 2 196 200 0 0 0 0 2 1 212 2 1 218 0 0 224 1 0 0 0 0 236 0 0 1 0 0
