150 151 153 152 152 153 153 153 154 153 152 152 155 155 152 153 153 153 153 153 153 153 152 152 153 152 152 152 153 153 153 153 152 151 152 153 155 156 156 155 155 156 156 155 155 155 156 156 156 156 155 155 156 156 156 156 155 155 155 155 155 154 154 155 155 156 156 155 155 154 154 155 156 160 158 159 158 158 158 157 158 158 158 158 159 158 159 159 159 160 160 161 160 163 163 164 163 164 162 160 159 158 159 160 160 155 156 156 157 157 157 158 158 158 158 158 157 158 158 160 160 160 160 160 160 159 155 154 159 161 161 162 164 165 166 167 170 170 170 170 170 170 170 168 163 158 158 156 156 156 157 154 156 158 155 152 148 143 138 138 138 139 140 139 140 138 137 137 134 130 131 131 133 133 134 135 134 136 135 132 132 133 136 139 143 145 142 142 135 112 108 108 110 104 74 64 57 56 56 54 52 47 42 40 44 51 57 62 64 64 62 61 67 74 78 83 80 74 67 63 63 68 61 53 45 43 48 53 61 68 66 61 55 44 36 31 29 30 31 36 40 46 54 61 68 73 69 64 60 56 57 57 41 30 33 42
151 154 151 151 152 153 154 154 154 154 153 154 154 156 151 153 153 156 154 151 151 151 153 153 155 151 152 152 152 152 152 152 153 150 153 154 154 155 157 154 154 155 157 154 154 154 155 155 155 155 154 155 156 156 154 154 154 154 154 154 154 154 154 154 154 154 154 154 156 153 154 154 154 156 158 159 158 160 160 157 159 159 159 161 159 157 158 159 159 160 160 163 160 164 164 165 163 164 164 162 161 161 157 158 161 159 156 157 157 157 157 158 158 158 160 158 159 162 162 160 160 160 160 160 159 158 159 155 155 157 160 160 164 166 167 168 171 171 171 171 171 172 173 171 168 160 160 157 159 153 153 151 151 156 152 149 146 138 137 133 132 132 133 133 133 132 130 128 125 122 121 124 124 127 129 131 132 132 130 128 126 127 130 134 140 143 139 142 132 115 108 103 105 99 82 72 72 69 65 62 60 54 50 48 49 53 62 66 64 64 66 64 66 74 77 79 73 59 50 37 44 60 59 56 48 47 49 55 63 67 64 54 49 45 41 40 44 47 52 57 70 58 66 86 96 95 80 77 67 65 68 73 45 26 32 34
152 151 152 152 152 152 152 152 152 152 152 157 152 158 152 153 153 156 151 152 152 151 153 153 152 152 152 152 152 152 152 152 154 150 155 154 154 154 154 154 154 154 154 154 154 154 154 154 154 155 154 154 154 154 159 154 154 154 154 154 154 154 154 154 154 154 157 158 153 154 154 154 154 154 154 158 157 157 162 162 157 161 162 160 163 161 160 162 163 163 163 160 164 163 162 161 163 163 157 157 158 158 163 163 161 156 162 159 159 160 160 164 162 157 158 158 159 159 163 160 164 159 163 162 158 158 159 157 160 158 159 160 164 165 168 173 175 176 177 177 178 178 181 173 169 165 166 157 156 155 159 157 153 151 153 150 144 138 131 128 126 127 131 126 127 129 124 121 116 116 116 114 115 118 121 122 123 123 122 121 119 119 123 130 135 138 134 134 129 112 108 106 101 98 82 80 79 76 72 72 68 66 63 63 63 62 64 70 68 64 64 65 68 73 75 76 72 68 65 59 54 54 56 56 58 61 74 73 68 69 65 56 54 52 52 53 60 59 65 82 83 66 71 104 115 101 85 77 68 70 76 79 63 36 34 34
159 151 152 152 152 152 152 152 152 154 154 153 154 160 152 153 153 158 151 152 158 151 154 154 152 152 152 152 152 158 152 153 153 158 153 154 154 154 154 154 154 154 154 154 154 154 154 154 154 153 154 154 154 154 158 154 154 154 154 154 154 154 154 154 154 154 160 153 160 153 153 154 154 154 160 160 162 163 165 164 164 165 163 164 165 166 157 158 158 158 158 160 166 165 158 157 164 163 157 157 158 163 165 165 163 161 164 159 159 159 160 166 159 165 158 159 166 165 165 160 166 159 159 164 159 166 159 165 156 157 158 159 164 165 171 175 178 178 179 180 181 181 177 175 171 167 164 159 158 156 155 159 158 150 154 149 142 138 134 126 124 124 125 131 124 129 125 115 112 111 113 104 103 106 108 110 111 113 113 112 112 112 117 122 131 134 132 129 126 106 109 100 100 96 84 84 84 80 86 77 78 78 75 73 73 73 68 68 68 64 64 64 70 76 74 78 87 94 96 92 87 88 87 87 88 90 91 89 81 67 61 58 58 59 56 57 57 67 69 92 83 68 76 113 126 98 77 72 72 76 73 80 81 43 32 35
152 152 152 152 152 152 153 152 153 154 154 162 153 162 152 153 153 152 152 152 152 152 152 152 152 152 152 152 152 152 154 163 153 153 152 154 154 154 155 163 154 154 155 163 155 155 153 162 153 153 154 154 154 154 153 153 160 154 154 154 154 154 154 154 154 154 154 154 154 154 154 160 160 158 158 159 159 159 161 162 164 166 157 158 165 160 160 160 160 159 159 160 168 158 159 158 158 165 156 158 158 158 165 168 164 154 163 164 158 166 165 158 158 159 158 158 158 158 166 159 159 159 158 159 159 159 171 161 162 162 162 164 166 170 174 178 180 190 180 183 185 193 182 187 175 170 167 163 162 168 156 161 151 159 158 151 143 136 125 124 122 121 122 124 131 128 124 115 105 111 108 94 93 95 98 102 108 107 107 107 105 104 108 116 123 128 127 131 122 115 107 95 97 90 87 85 93 82 89 79 82 82 79 77 75 76 75 75 65 66 67 68 71 78 77 87 107 114 107 114 103 104 105 105 105 111 111 109 98 73 65 64 65 65 65 63 61 62 69 94 82 73 82 115 119 93 87 77 81 84 73 74 82 52 36 28
152 152 152 152 152 152 153 152 152 153 153 164 153 164 153 154 162 153 152 152 152 152 152 152 153 152 152 152 152 152 153 165 153 153 152 154 154 154 156 169 154 154 156 165 164 153 156 166 167 164 154 154 161 154 155 167 164 153 154 154 154 154 154 154 154 154 154 154 154 154 153 153 162 158 150 160 152 152 153 161 164 164 165 168 165 167 168 160 160 169 170 160 170 168 168 168 168 165 164 158 166 169 167 170 167 155 154 163 165 166 163 158 167 158 158 158 158 158 168 159 159 169 160 161 170 175 175 163 166 165 165 168 172 174 178 180 184 183 184 184 185 186 185 184 192 177 175 182 165 162 157 164 151 151 160 151 134 138 121 119 121 124 136 122 132 127 121 105 102 101 107 92 102 91 92 96 101 110 108 94 106 95 99 107 116 122 121 126 117 100 96 93 89 89 90 91 99 85 86 83 84 85 94 82 80 80 79 89 71 69 71 72 78 82 80 91 112 108 107 106 105 106 106 109 118 104 111 106 90 78 73 76 80 80 81 81 70 68 73 107 75 73 89 114 110 80 79 81 82 93 76 75 71 58 40 31
152 165 152 152 152 152 165 165 164 152 152 154 154 166 152 153 152 152 153 153 165 152 152 152 152 152 152 152 153 153 153 154 165 164 154 154 154 154 154 157 167 154 154 155 154 154 156 158 159 167 154 154 155 158 159 170 166 154 154 154 154 154 154 154 154 154 154 154 154 154 166 153 166 150 149 151 154 166 153 153 164 164 166 168 165 168 168 169 158 159 159 169 170 167 169 170 156 154 165 170 166 156 169 167 167 165 165 154 165 166 165 168 157 171 158 158 158 158 172 170 159 159 162 176 176 164 165 166 166 166 168 171 175 179 181 182 185 185 183 185 188 190 202 187 184 184 194 189 172 178 175 167 166 151 163 144 148 142 124 123 130 132 130 127 137 127 115 97 95 95 97 96 92 90 92 95 100 100 113 97 96 96 100 106 113 117 124 121 115 111 90 101 92 94 92 105 102 86 90 89 85 86 85 85 97 84 94 92 88 74 75 81 84 87 84 93 114 122 122 120 118 118 120 110 109 116 111 106 101 83 98 106 111 102 102 98 82 74 90 98 81 82 98 103 107 83 84 98 98 81 77 91 83 68 56 33
167 167 152 152 152 152 167 152 166 152 152 153 154 168 151 152 152 152 151 153 167 152 152 153 152 153 153 152 154 155 151 168 153 152 169 154 154 154 156 154 154 154 154 157 171 169 168 154 154 156 158 168 169 169 158 170 168 164 154 154 154 154 154 154 154 154 154 154 154 154 168 153 152 169 153 153 154 154 165 168 163 165 166 168 166 167 166 168 169 170 170 170 171 155 154 168 172 154 166 172 155 171 154 153 154 165 167 168 152 152 152 169 171 158 173 158 171 173 173 160 176 162 164 180 166 182 167 168 171 171 173 176 179 181 182 184 187 187 188 204 189 190 191 204 203 184 198 180 175 185 164 159 170 152 154 165 154 132 129 129 134 138 138 150 137 121 92 89 93 99 97 98 111 93 93 94 100 104 115 98 96 96 100 105 111 111 125 104 115 109 92 89 87 90 92 96 90 102 85 84 89 90 86 86 85 86 84 94 76 76 79 80 83 82 85 101 113 122 123 106 103 120 110 113 110 100 112 106 86 86 102 110 114 119 117 113 85 79 100 102 89 90 106 117 93 102 84 99 85 99 82 95 79 67 42 41
152 152 152 152 152 152 152 152 152 154 154 154 155 170 152 167 151 153 169 152 153 153 167 149 148 166 152 152 169 151 153 154 154 154 154 154 154 154 154 154 154 171 159 176 174 172 157 157 158 169 158 168 159 175 172 166 154 154 154 154 154 154 154 154 154 154 154 154 154 154 154 154 170 171 154 167 167 169 152 165 152 166 154 154 154 154 154 167 171 154 168 169 169 155 169 169 170 167 153 169 170 171 154 154 170 169 152 167 168 168 154 169 173 159 175 158 158 159 160 162 163 179 183 167 168 171 171 173 175 176 177 179 182 199 184 187 188 188 189 189 189 190 206 190 191 206 202 197 176 189 185 178 157 157 157 169 162 139 138 142 143 147 150 155 139 117 99 83 94 102 102 102 100 97 96 97 96 101 102 103 99 99 98 103 111 127 121 118 112 95 89 87 86 86 91 92 106 104 86 85 86 86 86 86 91 87 84 96 79 82 85 86 88 87 89 104 113 120 121 119 120 109 126 130 123 115 111 108 86 100 103 112 116 121 104 115 105 87 112 104 98 97 99 103 110 103 86 100 86 86 86 94 70 63 59 62
152 152 152 152 152 152 152 152 152 154 154 154 155 172 152 169 151 153 154 171 154 153 171 150 152 152 153 154 173 154 156 154 154 154 154 154 154 154 154 154 154 158 160 162 161 174 157 159 176 157 158 170 159 177 172 153 167 154 154 154 154 154 154 154 154 154 154 154 168 154 154 154 153 154 173 171 171 152 170 151 152 168 172 168 153 168 154 169 169 170 170 171 167 152 152 152 170 168 171 170 169 173 172 153 153 172 170 150 169 154 154 154 159 175 159 160 160 178 163 164 164 183 169 189 191 174 175 177 178 179 182 183 186 204 185 187 189 191 192 192 210 190 190 190 190 190 206 183 179 193 190 184 161 163 162 157 152 146 147 148 149 153 172 165 145 120 98 80 96 111 108 108 105 104 103 105 103 102 102 103 104 102 100 104 106 107 121 117 110 102 79 78 81 84 89 92 88 106 87 88 88 87 86 86 91 87 103 81 89 88 96 94 93 91 92 93 112 119 105 106 122 126 112 129 120 113 112 109 108 89 105 112 116 119 106 116 106 113 104 107 107 106 107 124 107 100 102 85 88 90 105 87 43 47 44 45
152 152 152 152 152 152 152 152 152 154 154 154 155 152 172 149 149 148 152 173 154 153 173 152 155 155 154 154 154 154 156 154 154 154 154 154 154 154 154 154 154 155 176 158 159 177 155 155 158 158 172 158 159 179 174 174 153 175 154 154 154 154 154 154 154 154 154 174 153 153 154 154 153 154 154 174 152 152 152 174 168 167 169 170 170 169 173 151 169 152 169 173 151 152 152 152 152 152 173 172 170 172 174 153 171 175 173 169 172 173 155 177 159 177 160 160 161 181 183 164 167 168 191 173 174 176 177 179 182 184 185 188 189 189 189 190 190 191 192 193 213 191 191 191 193 212 189 206 202 197 172 169 167 167 165 164 160 155 155 156 157 157 155 168 150 122 82 83 102 109 110 111 109 109 111 116 116 116 116 115 114 110 105 106 107 127 121 117 110 86 85 85 98 82 85 89 91 93 87 95 96 110 94 94 87 87 86 85 92 92 94 98 99 97 96 96 98 118 122 107 110 130 135 132 120 110 93 112 89 88 107 113 115 120 126 118 108 119 127 112 109 108 111 123 104 98 104 108 116 112 98 76 50 54 59 78
152 152 152 152 152 152 152 152 152 154 176 155 176 151 173 149 173 150 153 153 153 153 156 156 155 159 157 157 157 179 154 154 154 154 154 154 154 154 154 154 157 160 178 155 155 161 157 157 180 179 157 174 160 182 178 154 154 154 154 154 154 154 154 154 154 176 176 152 153 153 153 153 153 154 177 175 153 153 172 172 153 171 170 171 174 168 172 172 175 152 152 173 170 171 171 171 171 171 171 171 152 152 172 174 154 172 150 149 172 171 174 176 179 179 180 161 163 164 165 167 170 172 176 178 180 181 182 183 184 186 190 190 190 190 191 192 193 193 194 193 193 194 194 194 194 215 213 210 183 202 175 174 173 173 171 169 166 161 162 161 163 164 161 176 156 129 88 90 111 120 122 123 119 120 122 126 128 127 127 126 123 116 110 108 107 129 122 117 109 84 100 81 79 79 82 85 89 92 94 93 91 91 92 93 89 88 86 86 97 98 100 102 103 101 99 121 98 120 122 125 130 133 132 132 122 109 116 114 90 110 92 95 117 123 104 120 94 122 130 133 110 111 112 123 102 96 107 97 93 90 77 68 84 118 141 177
154 177 152 152 152 152 152 152 152 153 177 155 177 151 152 175 153 152 152 153 153 177 176 152 153 156 154 158 161 182 179 154 154 154 154 154 154 154 154 154 178 154 181 156 180 154 156 157 158 158 183 175 160 184 180 154 154 154 154 154 154 154 154 154 154 179 155 178 153 153 153 153 153 154 173 154 154 178 171 171 178 170 170 152 152 175 152 150 150 170 175 149 170 171 171 171 171 171 171 171 172 172 173 178 178 172 149 174 173 152 175 178 154 180 183 163 188 168 171 171 174 176 178 182 186 187 188 189 189 189 193 193 193 195 194 193 195 195 196 194 193 193 193 193 193 193 193 215 211 181 180 180 179 176 175 173 171 166 167 165 167 170 192 181 162 116 100 111 130 137 139 134 138 139 139 141 141 143 141 137 131 120 137 135 107 129 124 118 108 82 101 98 77 77 78 81 87 90 92 84 81 81 93 95 96 89 90 92 116 102 103 105 104 127 100 123 119 120 122 126 129 133 132 132 123 112 117 116 115 114 96 97 121 126 106 122 117 128 130 133 135 114 113 123 100 98 116 124 115 125 136 180 192 184 161 132
154 180 152 152 152 152 152 152 152 152 152 152 152 152 179 150 153 155 156 153 153 153 151 151 154 157 154 158 157 183 154 154 154 154 154 154 154 154 154 154 180 157 157 159 184 156 156 158 158 159 158 157 158 186 182 181 154 154 154 154 154 154 154 173 182 154 156 181 153 153 153 153 153 154 154 154 154 180 151 172 179 171 171 172 171 170 172 170 170 170 170 170 169 169 170 170 171 171 171 172 171 172 174 176 175 149 173 150 175 175 154 155 155 158 160 191 170 198 202 175 179 179 183 187 190 189 190 192 192 193 194 195 198 199 200 199 199 199 199 198 198 200 200 199 225 197 223 193 188 187 188 184 184 182 180 177 178 178 177 175 175 202 170 184 144 132 126 129 145 148 150 145 147 150 149 150 151 148 146 144 136 151 114 110 133 103 124 118 110 103 76 99 95 68 77 81 83 86 89 89 87 107 90 96 89 101 102 96 121 131 105 105 106 105 102 99 101 101 103 104 128 132 129 131 99 93 92 92 92 95 122 100 100 105 132 100 124 131 135 138 114 113 138 122 98 97 118 123 115 150 180 154 116 99 81 48
154 182 152 152 152 152 152 152 152 152 152 152 153 181 154 151 152 152 153 153 153 153 152 155 153 154 157 158 185 154 154 154 154 154 154 154 154 154 154 154 154 159 163 165 185 160 158 158 158 159 159 158 159 186 154 183 154 154 154 154 154 154 154 175 184 155 177 175 153 153 153 153 176 175 175 175 175 181 151 174 181 178 148 170 146 175 166 169 170 170 170 171 170 170 173 168 167 168 168 168 171 172 174 174 149 151 149 176 178 176 180 180 157 187 191 196 174 176 180 181 184 212 189 218 223 225 197 227 195 227 198 201 201 230 201 229 200 201 201 201 201 201 201 201 201 229 200 226 193 222 220 190 218 216 185 184 182 184 184 211 209 206 203 192 153 142 142 149 162 163 163 159 159 160 161 161 160 157 181 174 165 153 115 139 135 131 125 121 113 105 76 101 69 69 75 77 73 74 83 77 78 82 91 95 98 101 104 120 125 106 133 113 110 109 106 106 106 106 106 106 129 134 127 131 127 122 95 94 120 129 99 101 105 134 104 129 107 111 142 142 115 114 139 120 99 98 121 123 117 143 124 82 68 71 79 55
154 184 152 152 152 152 152 152 153 183 182 152 153 183 151 152 183 155 156 183 155 153 153 153 154 154 154 158 187 154 154 154 154 154 154 154 154 154 154 154 159 160 162 162 159 161 158 158 165 181 160 160 158 188 153 154 154 154 154 154 154 154 154 154 154 184 153 153 153 153 176 154 183 182 152 152 152 182 151 175 152 180 177 147 177 175 164 167 167 166 166 167 166 168 168 167 168 167 167 168 169 172 174 175 177 179 176 176 178 179 154 184 189 164 167 174 205 209 213 185 186 187 218 193 226 229 227 199 201 201 201 201 201 202 201 202 202 201 201 201 201 202 202 202 202 202 201 199 198 198 195 194 192 190 190 220 188 186 217 184 212 209 204 165 161 159 161 164 168 170 168 163 162 163 166 167 165 162 183 175 162 154 150 111 108 103 128 122 116 78 106 103 99 99 76 78 74 74 76 86 82 82 83 85 90 94 105 125 129 140 134 143 111 112 112 112 111 111 111 111 108 137 133 99 97 95 122 97 124 101 103 105 134 104 131 134 138 144 141 114 114 114 140 118 69 100 125 125 120 137 107 76 41 75 56 59
154 186 152 152 152 152 152 153 154 185 184 152 152 185 151 152 155 155 155 185 153 153 185 152 154 154 154 158 154 154 154 154 154 154 154 154 154 154 154 154 159 154 186 185 152 157 158 164 163 180 182 182 159 189 153 154 154 154 154 154 154 154 154 154 154 186 153 153 153 153 179 179 185 184 152 152 177 178 151 177 178 174 175 147 179 175 167 135 162 162 162 164 166 166 166 166 165 164 166 166 165 167 169 170 173 143 141 142 176 181 186 189 193 167 201 176 179 212 217 186 189 188 191 226 197 232 199 233 201 201 202 203 203 204 203 202 202 202 202 201 201 204 202 202 202 202 234 233 202 199 231 228 226 225 192 192 225 190 188 220 216 211 207 172 171 177 177 178 180 179 177 174 171 171 170 169 167 197 187 179 165 157 121 117 111 139 131 125 86 111 109 73 69 100 75 77 73 84 89 82 91 86 88 90 93 94 97 128 132 143 110 114 115 113 142 117 116 116 148 148 111 138 102 128 101 99 98 99 99 103 134 107 139 104 102 136 113 115 113 114 144 145 139 116 69 100 128 94 125 136 106 46 45 83 60 60
153 152 152 186 152 153 152 154 154 154 154 154 154 188 152 152 152 152 155 154 190 153 154 154 157 190 153 153 154 154 154 154 154 154 154 154 154 154 154 154 154 154 154 154 157 194 158 157 155 163 183 184 184 190 153 154 154 154 154 154 154 154 154 154 154 188 153 153 153 153 153 153 154 154 181 187 150 151 178 184 176 172 173 173 174 170 135 162 161 159 159 160 167 162 162 163 163 163 162 162 161 162 165 168 168 171 174 174 178 184 189 191 198 204 175 179 183 183 186 222 190 191 194 229 232 200 201 201 236 200 204 207 206 206 204 238 238 200 200 201 201 202 203 204 204 204 236 200 200 200 196 195 195 196 196 230 194 193 226 224 219 216 180 175 176 177 182 183 182 183 182 180 177 176 208 171 168 201 190 182 168 161 126 120 115 111 99 95 89 79 77 75 71 70 69 72 83 87 82 83 87 90 91 93 103 105 107 130 135 111 142 145 152 116 118 118 119 153 116 116 117 109 107 106 105 103 101 103 102 106 108 109 142 104 136 141 147 118 148 144 143 145 139 114 71 102 127 129 129 136 111 48 44 84 94 64
153 152 152 152 151 153 155 191 154 154 154 154 154 190 152 152 152 152 155 154 190 156 154 154 158 156 155 191 154 154 154 154 154 154 154 154 154 154 154 154 154 154 154 163 196 195 158 164 191 153 192 160 154 153 153 154 154 154 154 154 154 154 154 154 154 154 154 154 190 153 153 154 154 182 152 153 188 150 179 182 178 177 139 138 170 168 172 169 162 153 156 157 160 167 160 160 158 164 125 125 157 158 160 161 165 170 142 177 183 184 191 198 172 210 214 219 223 221 187 187 190 192 196 235 234 200 237 237 200 202 206 246 207 243 204 206 241 203 203 204 206 206 207 207 207 208 206 240 205 201 238 201 200 199 235 197 197 196 194 191 186 182 179 179 184 188 190 189 189 188 225 186 219 178 176 173 208 203 192 181 169 128 129 123 120 118 113 106 101 92 88 86 82 80 78 79 79 83 88 90 94 96 94 93 93 103 106 132 138 113 147 119 119 120 157 122 120 122 123 121 118 115 116 114 112 110 107 108 107 141 142 110 108 142 139 147 119 117 149 108 144 145 136 77 108 106 128 129 136 137 114 50 50 61 76 89
153 152 152 153 154 154 154 154 154 192 153 151 151 152 152 152 152 152 155 192 154 153 156 157 157 159 158 158 154 154 154 154 154 154 154 154 154 154 154 154 154 154 154 162 197 158 195 162 154 154 162 193 154 154 154 154 154 154 154 154 154 154 154 154 154 154 154 154 154 154 184 185 195 192 153 153 190 150 148 181 180 170 168 166 168 169 164 169 162 154 155 157 159 166 157 126 125 164 127 165 125 161 156 124 161 173 178 147 149 156 196 170 210 176 216 222 188 189 191 190 229 196 199 199 197 199 238 201 202 204 208 209 208 205 243 204 242 204 204 203 203 209 209 206 204 204 207 211 245 206 206 204 240 200 200 200 199 199 235 193 190 187 185 186 189 190 192 231 217 192 229 225 221 181 178 174 172 207 194 147 138 136 135 130 128 126 120 117 110 103 99 94 91 89 87 88 91 97 100 101 100 100 134 104 93 93 108 135 142 153 147 160 159 154 124 123 162 155 165 124 122 120 120 120 119 117 114 112 110 108 148 110 108 106 143 118 121 118 150 145 145 147 134 77 112 108 121 96 103 137 117 57 99 89 134 162
153 152 152 153 154 154 154 154 154 194 152 154 192 151 151 152 152 152 152 157 157 153 155 157 195 154 154 154 154 154 154 154 154 154 154 154 154 154 154 154 154 154 161 162 165 198 195 153 154 154 194 153 154 154 154 154 154 154 154 154 154 154 154 154 154 154 154 154 154 154 154 186 157 197 154 154 194 153 194 184 181 177 174 166 164 163 162 163 164 122 157 156 159 160 125 126 167 126 164 170 170 166 164 126 166 141 145 188 155 159 202 213 176 179 183 187 227 228 194 195 197 198 199 199 237 200 200 201 202 204 208 207 205 248 205 204 204 204 204 206 206 207 211 250 205 204 203 205 206 210 248 246 204 202 201 201 200 240 198 198 195 192 191 191 194 195 197 235 218 234 233 229 225 183 180 219 215 211 160 153 145 183 139 134 131 130 127 126 121 113 109 106 103 98 99 99 99 103 105 106 104 103 99 96 95 96 132 141 114 117 152 122 162 155 166 126 164 163 159 126 126 123 163 121 120 120 119 115 153 110 146 149 112 110 149 121 163 118 152 107 107 107 93 77 76 112 122 142 105 134 74 66 106 131 177 185
153 152 152 153 154 154 154 195 153 195 195 151 152 194 153 154 193 154 155 157 156 156 195 155 158 154 154 154 154 154 154 154 154 154 154 154 154 154 154 154 161 162 154 161 162 197 154 154 154 154 154 154 154 154 154 154 154 154 154 154 154 154 154 154 154 154 154 154 154 154 186 155 189 155 187 187 196 188 196 188 139 177 175 171 166 164 156 159 159 160 165 122 159 160 162 127 128 129 129 132 131 130 128 131 174 147 190 193 159 202 169 175 180 222 225 229 190 190 235 238 199 199 241 198 198 201 201 201 201 205 207 207 208 208 208 208 205 204 205 207 209 211 213 253 207 206 205 207 207 207 208 207 207 248 202 244 201 243 199 199 198 198 240 198 199 199 199 238 192 220 235 232 228 185 181 222 175 171 208 158 152 145 141 138 178 134 134 137 136 129 123 119 117 114 110 109 121 113 116 115 111 106 102 99 98 99 139 148 117 118 154 123 160 126 126 169 125 125 124 169 126 125 124 123 122 122 164 116 154 111 148 113 114 113 154 122 165 160 110 106 106 107 136 79 77 115 125 146 106 93 77 73 73 119 96 115
153 152 152 152 152 153 154 152 152 198 196 152 154 195 193 152 194 150 154 153 153 152 197 155 154 154 154 154 154 154 154 154 154 154 154 154 154 154 154 154 154 154 153 161 154 154 154 154 154 154 154 154 154 154 154 154 154 154 154 154 154 154 154 154 154 154 199 154 154 154 153 154 155 154 153 153 198 189 198 191 184 179 176 170 166 161 153 156 159 158 124 124 168 124 125 129 129 131 175 182 137 136 179 137 183 152 156 159 163 168 215 178 183 184 228 187 190 235 196 198 201 202 201 202 246 201 200 202 205 206 208 208 210 211 211 211 209 208 208 208 211 216 2 212 255 208 208 208 208 208 209 208 208 252 202 246 229 201 199 227 200 200 241 197 200 200 200 241 237 191 191 235 231 215 227 225 177 174 171 168 209 200 148 141 138 137 140 143 143 143 138 130 122 117 113 111 112 119 121 119 117 109 105 102 103 103 145 118 122 122 123 127 128 128 127 128 128 127 127 170 163 127 171 126 125 125 124 161 156 111 110 114 116 117 120 124 167 163 112 111 109 151 94 80 78 119 130 152 154 97 86 83 125 130 114 183
199 152 152 152 152 152 152 152 152 199 151 150 150 196 196 154 150 150 154 153 153 153 199 154 154 154 154 154 154 154 154 154 154 154 154 154 154 154 154 154 154 200 153 161 154 154 154 154 154 154 154 154 154 154 154 154 154 154 154 154 154 154 154 154 189 201 200 153 188 154 153 189 189 153 154 154 154 154 197 193 186 180 173 160 164 158 148 152 157 161 124 124 124 124 176 130 133 177 139 180 141 141 140 186 192 158 161 206 211 172 219 181 228 187 187 190 237 241 246 203 205 206 252 250 201 203 250 207 208 209 212 6 213 213 214 214 212 210 211 214 216 213 213 213 3 210 211 210 210 211 216 212 210 255 206 204 201 202 201 201 201 246 199 199 200 200 200 244 193 192 192 191 189 189 185 183 181 178 176 174 214 157 196 145 141 143 147 150 152 151 192 137 128 120 118 116 118 124 126 171 169 113 111 107 108 111 118 122 164 127 164 129 129 128 128 168 168 168 168 127 166 127 165 166 127 127 171 163 114 153 154 115 118 164 167 172 169 118 114 158 155 154 95 86 79 122 136 160 112 147 92 90 88 138 157 167
200 152 152 200 152 152 152 152 152 200 152 155 203 149 199 153 198 149 151 153 157 158 201 155 154 154 154 154 154 154 154 154 154 154 154 154 154 154 154 154 202 201 152 162 203 154 154 154 154 154 154 154 154 154 154 154 154 154 154 154 154 154 154 154 190 155 153 202 190 189 200 188 188 189 189 190 189 189 197 194 188 180 173 166 162 159 110 151 157 162 124 124 167 131 132 134 136 139 186 146 148 149 147 193 154 203 166 168 170 175 225 185 233 189 193 194 194 244 249 249 205 206 207 206 206 207 207 207 209 212 215 216 216 217 217 7 6 212 212 212 212 215 213 213 213 211 209 214 216 212 211 212 4 209 255 207 255 204 203 204 203 200 231 199 200 249 199 244 193 242 192 191 190 190 187 185 184 183 182 229 216 207 148 146 147 150 154 157 158 156 198 143 133 124 124 124 125 125 126 124 122 119 115 115 116 120 163 127 167 178 168 132 131 128 168 128 127 127 127 127 127 126 125 167 170 175 171 118 163 112 157 117 167 169 125 173 167 168 115 113 111 156 99 94 89 88 148 120 115 100 97 96 94 143 150 157
202 151 152 202 152 152 152 155 157 153 152 154 203 200 149 151 154 153 156 153 152 152 203 155 154 154 154 154 154 154 154 154 154 154 154 154 154 154 154 154 162 154 153 162 205 154 154 154 154 154 154 154 154 154 154 154 154 154 154 154 154 154 154 154 192 155 153 204 202 188 200 186 185 186 186 188 188 188 196 195 191 178 173 168 164 110 110 110 157 165 126 170 131 134 137 184 144 145 149 194 154 153 151 201 204 212 172 174 223 225 231 188 191 246 196 199 251 247 250 252 2 207 208 209 208 209 209 4 213 214 216 217 219 219 220 10 8 212 212 212 212 6 216 217 8 6 5 209 215 216 217 242 242 244 212 209 3 206 238 240 2 1 202 200 200 251 231 198 198 198 248 196 195 192 190 189 186 186 185 235 223 211 149 152 191 159 162 163 163 161 205 198 140 130 127 130 132 132 132 130 128 124 122 122 123 125 127 131 180 170 172 135 133 131 128 128 178 127 127 127 170 171 177 126 176 174 120 170 115 115 116 167 125 125 125 124 121 120 117 116 114 109 106 105 104 103 164 122 118 153 149 101 149 143 150 110
205 152 152 152 154 205 153 153 154 154 152 152 152 151 149 149 201 153 155 159 154 154 206 158 154 154 154 154 154 154 154 154 154 154 154 154 154 154 154 153 206 155 207 154 154 154 154 154 154 154 154 154 154 206 154 153 207 192 154 154 154 154 154 154 154 154 206 192 205 200 198 196 184 183 181 183 183 184 186 186 189 178 175 169 165 110 110 157 161 166 126 129 134 136 184 145 148 152 151 155 156 156 155 158 161 218 175 178 181 182 234 241 196 243 199 199 200 201 202 255 208 208 208 208 208 209 5 8 215 13 217 219 13 215 215 216 12 212 212 212 211 215 215 7 209 213 212 8 209 213 7 209 242 241 9 210 240 240 208 209 209 208 205 201 202 252 200 252 198 198 250 198 248 194 247 193 187 187 185 237 228 217 155 156 159 166 167 167 217 162 156 150 142 138 136 138 137 136 135 133 185 128 126 126 127 130 131 131 131 131 177 136 135 184 130 127 127 126 127 179 171 127 127 177 123 123 123 119 117 118 119 170 124 173 126 178 124 122 119 118 116 115 115 115 115 118 122 123 169 155 101 105 101 144 153 114
207 152 152 206 151 154 155 154 154 156 154 154 208 207 151 151 151 151 156 209 154 154 208 158 154 154 154 154 154 154 154 154 154 154 154 154 154 154 154 153 208 155 209 154 154 154 154 154 154 154 154 154 154 154 193 154 155 154 154 154 154 154 154 154 154 196 209 204 191 203 200 196 195 180 178 178 178 177 178 179 183 165 171 156 155 154 112 161 166 171 175 132 182 185 143 193 151 155 156 207 161 160 160 163 166 221 227 234 184 234 240 195 198 199 200 204 255 206 5 3 7 208 209 209 211 9 212 11 12 216 215 13 213 213 212 213 213 212 212 212 9 211 211 209 209 213 212 213 212 211 212 210 211 213 213 213 208 209 243 213 213 10 209 207 206 255 201 200 255 199 198 253 196 196 250 196 194 191 243 238 232 222 163 162 207 172 227 225 165 164 213 154 148 145 144 144 142 142 141 139 134 131 130 131 132 135 134 136 136 136 136 137 136 133 133 131 175 129 129 128 126 127 127 125 125 125 180 123 123 122 124 126 126 126 127 127 181 125 123 125 124 123 121 122 122 122 125 125 170 102 103 161 104 98 160 171
208 151 152 153 154 154 154 154 211 151 151 155 154 210 153 208 152 152 157 154 154 154 210 158 155 154 154 154 154 154 154 154 154 154 154 154 154 154 154 154 154 154 154 162 163 165 154 154 154 154 154 154 154 194 195 158 215 155 154 154 154 154 154 210 154 154 154 207 194 204 199 184 181 191 174 173 173 173 173 173 179 173 171 167 165 156 114 117 123 175 177 135 136 141 145 198 202 158 159 213 165 164 164 166 168 225 231 185 186 187 244 250 201 200 201 1 208 8 5 208 9 7 10 12 12 10 212 12 14 14 213 213 11 209 209 209 213 215 13 212 212 212 213 213 211 213 215 215 215 215 215 215 215 215 215 15 213 212 247 16 17 213 212 210 7 203 202 202 201 1 236 255 198 255 197 197 254 194 191 185 236 170 169 168 171 230 173 228 169 166 161 158 153 152 154 154 151 150 146 142 138 135 135 136 136 138 140 140 139 194 183 138 193 134 189 177 175 174 177 187 128 128 128 183 126 127 126 126 125 126 127 129 128 128 127 180 130 130 129 128 126 127 125 125 125 127 128 182 117 109 109 110 109 105 114 121
210 151 152 153 154 154 154 154 213 151 151 154 154 212 153 210 152 152 157 158 159 159 159 158 160 154 154 160 154 154 154 154 154 154 154 154 154 154 154 154 154 154 212 210 161 164 154 154 154 154 154 154 154 195 197 218 159 214 154 154 154 154 154 197 156 155 199 211 148 204 200 196 191 187 171 182 168 167 167 165 162 162 171 111 169 161 165 172 127 129 184 137 191 146 147 152 207 211 165 166 169 171 170 172 175 179 184 240 189 245 196 200 200 203 204 205 208 10 207 8 11 8 12 14 14 211 212 14 16 214 213 214 210 209 210 211 215 215 214 215 214 216 217 19 216 215 215 215 215 215 215 215 215 250 251 18 214 213 249 251 215 215 15 210 209 10 206 204 202 203 199 199 198 199 199 198 198 197 251 187 240 174 171 173 233 174 175 172 230 169 164 162 157 155 157 157 157 157 153 148 146 142 141 139 139 185 188 140 140 139 138 139 196 135 134 130 128 127 178 188 129 186 178 186 128 128 129 187 125 127 180 181 130 129 130 132 133 132 132 131 130 130 131 131 131 132 133 128 121 115 115 115 115 116 124 129
152 152 152 152 154 154 154 214 155 151 153 152 215 155 154 152 156 152 152 152 152 152 213 159 154 160 155 154 154 154 154 154 154 154 154 154 154 154 154 154 214 154 213 152 212 163 165 154 154 154 154 154 154 154 155 201 220 215 154 154 154 154 154 199 201 215 200 214 210 207 202 198 193 190 184 182 179 177 164 174 161 111 111 159 161 116 121 177 182 134 188 193 197 200 204 207 212 215 221 225 175 175 176 177 182 240 187 188 248 196 2 202 203 5 7 9 8 8 12 8 10 11 212 212 211 212 213 213 17 16 211 212 14 209 209 211 216 216 20 215 215 216 20 219 219 221 216 216 217 217 215 216 216 214 216 20 214 213 214 215 216 216 19 213 210 211 13 11 206 9 202 201 200 200 4 199 201 3 255 189 183 178 176 178 176 176 237 175 173 174 169 165 164 163 164 163 162 160 155 149 148 147 143 200 139 139 140 189 141 201 140 140 199 136 195 132 130 130 129 130 130 129 129 129 129 129 131 130 127 128 130 130 186 192 188 135 137 135 134 134 134 136 136 133 133 132 193 129 125 122 121 120 120 125 132 135
152 152 152 214 152 154 155 215 152 156 154 158 217 213 149 150 155 156 152 152 151 151 157 157 154 154 161 154 154 154 154 154 154 154 154 154 154 154 154 154 164 217 152 152 152 152 163 155 166 166 166 166 198 198 201 200 200 154 154 154 154 154 154 216 153 153 201 216 212 211 205 198 192 192 186 182 165 164 163 173 159 160 108 158 164 171 177 182 135 137 139 196 146 203 153 211 214 220 224 175 175 177 177 182 239 244 246 248 196 255 6 204 7 207 205 207 205 206 207 207 208 15 17 213 212 213 22 212 209 210 210 211 209 16 212 213 216 216 22 214 221 25 22 219 23 220 221 221 254 254 255 255 25 255 217 217 217 218 216 254 1 24 215 255 214 212 17 14 207 205 205 204 203 203 201 245 10 242 3 191 186 183 181 182 179 178 177 178 178 239 172 168 168 168 170 230 167 227 156 151 148 197 207 203 139 139 190 141 141 141 203 203 139 200 136 135 135 134 196 187 133 131 131 130 130 131 132 133 132 130 134 135 133 133 138 140 141 141 141 141 140 144 205 139 137 136 134 132 129 129 129 128 132 134 138 140
218 152 152 152 152 152 152 152 152 155 218 157 157 218 216 214 214 154 156 152 216 156 157 158 154 154 154 154 154 154 154 154 154 154 154 154 154 154 154 154 154 154 164 164 218 152 164 165 152 164 165 215 163 219 154 218 154 154 154 154 154 154 154 154 154 154 203 218 150 212 203 195 178 191 188 180 180 177 175 160 160 159 159 160 165 172 127 186 138 141 144 201 205 208 213 217 218 225 172 175 177 179 183 184 242 188 193 252 197 2 7 13 205 12 207 208 13 15 18 209 210 17 20 216 24 215 215 214 214 21 211 210 210 210 211 215 214 216 216 219 221 219 217 25 220 216 215 215 24 215 218 218 27 217 218 26 218 27 218 218 215 255 24 215 215 23 19 208 16 207 14 206 208 208 207 13 201 9 198 195 193 188 188 186 248 247 181 181 180 178 177 174 175 175 173 171 233 229 223 216 213 209 207 140 140 190 140 142 144 141 140 194 205 139 139 202 137 136 135 132 135 136 134 135 136 137 136 137 194 201 136 137 196 199 207 142 141 142 143 144 205 148 210 143 142 203 207 203 137 135 138 139 142 143 147 148
220 152 152 152 152 152 152 152 152 155 220 219 153 219 218 216 154 149 150 156 155 215 157 158 154 154 154 154 154 154 154 154 154 154 154 154 154 154 154 154 154 220 151 163 164 152 217 150 219 165 152 217 165 199 200 220 201 154 154 154 154 154 154 154 154 154 204 220 150 214 204 195 177 177 172 168 178 163 174 170 103 105 159 165 173 180 132 189 196 144 213 148 208 212 158 163 222 230 243 237 180 243 252 186 185 249 5 194 4 7 204 204 13 207 208 209 209 211 211 210 211 212 213 24 23 23 216 26 216 215 23 213 214 24 216 219 218 218 216 219 221 223 222 217 215 216 216 29 217 1 218 218 30 218 2 218 218 3 220 29 215 216 26 215 215 214 22 20 208 207 206 252 0 213 20 17 13 246 201 198 197 195 192 189 187 184 183 181 180 179 246 178 177 176 242 240 168 230 225 218 215 211 193 141 143 210 195 144 145 208 207 140 141 142 142 140 139 139 138 137 193 136 138 194 137 136 195 206 136 136 137 138 139 201 203 143 143 144 149 151 150 150 215 146 145 143 142 142 140 140 142 144 145 214 154 154
222 152 152 152 152 152 152 152 152 156 154 222 156 221 152 219 151 150 218 149 149 150 158 159 154 154 154 154 154 154 154 154 154 154 154 154 154 154 154 154 154 154 220 151 163 164 153 164 152 165 166 221 150 199 201 153 202 154 154 154 154 154 154 154 154 154 206 222 150 214 204 193 186 168 166 164 162 161 172 157 158 160 163 172 124 187 202 195 199 203 148 152 154 157 162 167 230 175 237 241 243 246 186 188 190 254 197 197 5 9 12 17 14 208 18 19 211 212 212 215 214 24 215 214 26 214 216 216 216 28 213 214 26 214 215 215 215 216 220 217 218 216 221 224 225 225 31 218 218 218 219 219 219 219 218 217 219 218 219 218 29 216 216 2 3 217 26 211 212 212 211 21 255 212 21 17 14 247 13 11 11 10 196 6 190 187 184 251 183 180 180 179 178 179 227 241 237 233 227 154 149 213 143 214 145 145 145 147 215 144 142 142 144 144 144 143 143 143 142 141 140 139 208 138 199 140 139 140 200 201 141 202 202 143 206 145 147 150 153 153 151 220 217 147 146 147 215 215 144 144 146 146 216 151 220 222
153 223 152 152 152 152 152 152 152 152 152 155 224 224 152 151 152 221 155 156 156 152 159 154 154 154 154 154 154 154 154 154 154 154 154 154 154 154 154 154 154 154 223 152 222 163 152 151 221 220 165 165 149 164 150 201 203 154 225 154 154 154 154 154 154 154 154 204 218 212 203 193 181 126 126 125 123 159 159 157 158 161 170 178 129 132 193 138 200 206 211 156 218 223 227 233 235 248 240 179 242 246 249 252 190 255 13 199 8 9 11 204 17 211 19 210 210 22 216 31 29 214 215 215 215 29 29 30 30 30 215 215 214 212 217 215 215 219 217 218 32 216 217 221 219 219 33 223 3 33 4 4 6 222 36 220 220 34 34 33 217 216 30 212 5 218 30 215 3 212 26 209 0 212 22 19 16 200 15 199 248 199 247 195 7 5 186 184 184 253 251 181 181 181 246 240 237 233 158 154 151 147 145 146 219 146 202 204 218 146 145 144 145 146 146 144 143 144 144 142 143 212 212 210 200 140 139 212 203 141 141 211 142 142 209 214 153 153 224 154 152 152 149 150 219 146 146 147 147 216 148 148 148 220 221 153
153 152 152 152 152 152 152 152 152 152 152 155 227 153 152 153 225 151 223 151 156 152 158 155 154 154 154 154 154 154 154 154 154 154 154 154 154 154 154 154 154 154 226 154 226 151 152 151 223 221 161 161 163 149 150 222 202 204 207 207 207 205 206 208 208 208 223 199 215 207 201 192 175 168 115 114 115 117 119 118 155 161 171 181 132 135 137 140 204 209 215 158 222 163 169 235 237 176 177 244 182 248 251 254 191 2 16 200 201 201 202 206 21 22 22 23 29 25 216 218 30 218 35 31 215 215 215 215 215 215 215 216 217 215 215 215 215 219 218 218 218 218 218 218 223 219 218 216 3 218 218 4 7 222 38 220 220 220 36 219 35 216 32 2 218 7 217 8 31 30 2 2 3 28 209 205 203 201 17 15 199 199 248 13 9 6 188 185 185 184 182 183 254 255 177 242 238 163 160 156 154 151 148 148 205 148 148 205 148 149 148 147 147 148 148 148 147 209 147 218 216 144 141 140 140 140 203 211 138 141 141 206 142 209 211 217 157 158 155 154 154 153 222 149 221 146 146 147 147 217 218 219 150 221 224 155
153 152 152 152 152 152 152 152 152 152 152 152 152 156 154 154 154 227 152 157 225 150 156 154 154 154 154 154 154 154 154 154 154 154 154 154 154 154 154 154 154 166 167 229 227 152 152 151 226 223 147 146 163 150 164 201 201 200 201 202 203 204 205 205 204 206 221 218 216 208 202 192 177 170 161 104 105 110 113 115 117 161 171 187 137 138 141 140 208 213 219 224 163 164 169 237 240 242 244 248 2 184 252 1 10 4 200 201 201 201 15 19 21 209 23 27 214 29 30 218 217 218 218 216 216 216 215 215 215 215 215 215 215 215 217 215 216 218 218 218 219 38 38 218 220 38 216 221 214 5 37 5 8 222 40 220 220 220 38 218 218 218 36 215 217 218 217 214 214 33 210 210 210 212 210 205 254 205 202 201 20 198 197 195 10 243 10 188 186 185 182 183 183 241 253 245 164 239 237 160 156 153 151 148 148 150 150 224 150 150 149 149 149 148 148 145 144 208 208 210 146 146 143 216 141 205 214 210 205 205 140 141 218 143 148 152 225 233 230 229 154 227 150 223 222 146 217 218 147 147 148 148 150 151 227 229
153 152 152 152 152 152 152 152 152 152 152 152 152 156 154 154 154 230 229 152 152 227 149 160 154 154 154 154 154 154 154 154 154 154 154 154 154 154 154 154 154 166 155 154 229 152 152 151 228 149 149 149 149 224 162 162 201 200 199 200 201 201 203 203 203 203 202 201 216 209 202 195 186 172 160 100 78 104 109 113 115 160 175 194 143 146 146 223 210 217 223 228 232 236 171 173 176 178 180 184 186 187 0 3 12 6 200 22 201 201 17 20 22 210 24 211 27 31 32 218 218 218 39 216 216 216 215 215 215 215 215 215 215 35 217 220 220 222 222 226 41 220 220 220 222 220 219 217 218 220 39 6 9 222 42 220 220 220 40 40 8 218 218 218 218 38 217 36 9 216 35 34 213 214 212 207 206 206 27 23 21 19 197 16 193 190 245 12 246 189 4 183 240 239 253 246 242 242 163 161 160 234 156 154 154 152 152 152 152 153 151 151 151 151 151 148 147 147 147 148 224 147 221 219 217 207 215 136 206 206 141 143 212 149 152 223 227 227 155 154 154 229 150 225 223 146 219 219 147 148 148 148 225 227 228 230
153 152 152 152 152 152 152 152 152 152 152 152 152 156 154 159 157 159 232 152 231 152 159 161 154 232 152 160 235 155 156 156 155 232 154 154 154 154 154 154 154 154 154 155 166 152 230 164 229 227 148 164 164 226 223 161 142 220 141 220 198 201 201 220 199 218 198 139 216 210 205 202 196 184 167 76 79 158 104 110 114 161 178 199 212 148 226 146 214 219 226 231 235 249 171 173 244 250 253 0 186 1 189 190 7 9 14 18 24 201 202 206 208 32 209 209 28 32 33 36 40 215 215 215 215 215 215 215 215 215 215 37 216 216 215 218 218 217 220 221 43 220 224 222 221 224 225 10 8 220 218 218 10 12 13 11 11 12 219 11 217 217 218 219 219 218 40 217 216 216 216 214 214 214 36 209 208 207 4 205 200 200 22 197 198 18 192 192 14 13 7 182 3 181 255 250 166 165 243 240 222 240 220 240 160 157 155 155 155 219 221 233 153 152 217 152 151 150 150 228 148 226 223 143 141 208 217 207 140 210 212 145 218 223 156 154 154 154 154 154 154 231 151 227 146 146 146 147 223 148 148 148 226 151 228 230
153 152 152 152 152 152 152 152 152 152 152 152 152 156 154 159 157 157 159 159 159 159 158 160 161 161 160 160 164 166 169 160 239 237 155 154 154 154 154 154 154 154 154 234 150 153 233 229 230 147 164 147 147 147 161 222 158 160 220 220 198 198 198 199 198 196 196 198 196 210 207 205 118 194 176 164 80 104 104 108 115 162 174 202 213 229 147 147 149 223 230 233 236 240 174 175 247 251 253 1 2 4 8 192 193 12 199 18 20 203 22 26 28 30 209 209 209 31 37 216 215 215 215 215 215 215 215 215 215 215 215 215 218 218 218 218 218 221 224 221 221 220 224 222 45 218 218 218 219 220 220 220 11 220 219 217 218 218 218 218 12 218 13 13 13 218 218 218 217 39 40 11 39 37 37 212 210 208 206 31 202 201 201 200 23 196 194 192 16 15 9 182 179 239 255 250 230 247 245 242 225 243 242 161 241 160 159 236 155 235 154 234 153 220 234 154 153 151 151 231 149 228 225 213 222 139 219 209 211 212 215 218 150 232 227 228 227 228 228 229 229 233 226 229 146 146 146 147 225 148 148 148 226 229 227 229
153 152 152 152 152 152 152 152 152 152 152 152 152 156 154 159 152 152 233 149 149 156 155 149 232 149 159 161 163 166 168 159 157 157 239 238 154 154 154 154 154 154 154 237 151 167 168 233 150 232 147 148 231 228 159 224 138 221 157 220 156 154 194 193 192 192 192 193 195 193 189 187 184 200 188 172 165 162 103 109 114 163 177 201 214 149 150 152 154 227 232 235 240 243 246 249 179 182 9 185 186 7 11 196 197 197 200 199 22 30 203 204 207 208 35 209 31 34 42 215 215 215 215 215 215 215 215 215 215 215 215 215 217 220 217 220 218 221 223 225 47 223 225 49 221 45 218 218 10 220 220 220 220 13 46 218 218 218 218 218 218 44 215 215 215 15 219 219 44 13 42 213 13 40 212 12 11 35 206 206 33 205 5 29 26 197 196 193 18 15 9 8 5 3 255 169 231 249 247 163 162 162 162 162 162 244 160 157 157 156 154 236 153 155 153 236 223 235 153 152 152 148 145 225 222 139 139 139 140 214 144 221 151 151 227 152 227 152 152 228 151 150 149 148 146 147 146 147 147 148 148 228 148 229 148 148
153 152 152 152 152 152 152 152 152 155 152 152 152 152 154 159 152 152 235 157 237 234 148 159 236 151 150 151 163 167 243 168 157 158 169 242 154 154 154 154 154 154 154 153 238 237 165 152 237 234 149 233 233 230 159 142 224 222 221 220 217 216 149 146 144 141 142 144 186 185 184 182 185 201 195 180 175 170 83 112 91 166 180 198 215 151 154 155 229 231 235 236 251 243 248 250 255 11 11 185 6 10 15 198 199 29 22 200 24 27 28 28 31 32 38 209 33 37 44 215 215 215 215 215 215 215 215 215 215 215 215 215 215 215 215 217 220 218 219 221 224 219 225 51 49 218 218 218 12 220 220 220 220 14 48 218 218 218 218 218 16 48 44 13 217 17 18 219 17 215 44 213 14 42 41 12 11 209 37 209 208 207 33 202 200 198 25 192 18 12 183 10 179 5 173 170 169 250 165 249 163 162 162 162 247 228 246 245 226 242 155 154 224 155 223 152 224 237 153 237 237 220 218 227 214 215 140 140 140 218 221 224 227 235 227 151 228 229 230 150 229 229 234 149 149 148 148 231 148 148 148 148 149 147 148 148
153 152 152 152 152 152 152 152 152 154 238 156 159 154 154 154 239 158 152 238 151 151 151 151 151 161 163 163 163 168 159 244 168 157 158 244 243 155 241 154 154 154 168 154 154 239 150 239 240 236 236 147 147 147 230 160 228 138 225 222 218 213 211 206 116 199 135 135 135 133 131 131 133 178 180 191 184 91 88 91 165 174 182 199 217 224 227 157 158 231 235 239 165 244 249 251 254 182 1 184 6 192 17 199 23 202 200 200 24 203 26 26 31 34 39 208 208 39 215 215 215 215 215 215 215 215 215 215 215 215 216 46 215 217 216 215 219 221 51 225 49 223 225 53 51 218 217 218 12 16 220 220 220 220 50 49 218 218 218 218 219 50 13 14 18 218 218 49 15 46 216 214 214 45 212 210 209 209 208 208 40 38 205 204 34 31 195 23 18 247 13 246 10 6 6 2 1 166 167 165 165 251 164 163 163 162 162 161 159 158 155 155 153 240 152 152 225 153 153 153 239 148 230 227 216 140 216 216 142 220 221 225 148 226 229 236 227 227 228 228 229 229 229 230 235 147 150 147 148 150 149 151 151 151 150 150
153 152 152 152 152 152 152 152 152 152 241 152 239 151 154 154 153 154 153 153 152 152 151 151 241 151 152 152 163 168 169 245 167 169 171 160 247 245 154 171 246 243 153 154 154 154 153 242 170 242 240 238 166 239 235 141 229 140 228 225 219 213 211 207 205 200 196 195 129 128 128 127 129 133 178 195 193 100 100 100 101 177 186 202 217 224 229 231 157 236 238 164 167 171 173 253 255 3 6 9 12 16 18 199 25 26 34 26 201 34 28 30 33 208 37 39 44 39 43 215 215 215 215 215 215 215 215 47 215 216 218 49 215 218 218 215 219 217 218 223 218 223 226 55 226 53 220 15 12 51 15 220 220 220 52 219 19 19 19 53 20 219 216 15 19 218 19 51 215 17 49 215 215 48 45 44 211 14 212 212 44 210 207 205 33 31 28 25 19 247 247 179 10 241 8 4 171 167 168 167 166 166 165 165 166 255 251 162 249 247 244 226 230 155 229 245 153 227 228 153 228 240 142 140 138 139 227 139 218 219 224 228 149 237 228 230 229 228 147 146 146 229 146 147 231 150 151 151 151 151 153 155 156 243 242 154
153 152 152 152 152 152 152 152 152 158 153 244 152 152 158 154 160 161 245 153 152 152 152 152 152 152 243 243 154 164 166 245 166 169 172 250 172 249 154 156 170 245 153 154 154 154 242 168 169 167 239 239 147 239 235 161 160 159 228 225 221 217 214 209 208 204 198 195 192 190 98 190 124 126 180 202 110 199 107 107 107 108 188 202 217 225 155 232 159 238 163 242 247 251 252 253 1 182 7 11 188 16 21 24 25 201 36 200 202 36 202 204 35 38 39 212 213 212 43 44 44 45 45 44 44 45 45 45 49 215 216 216 216 215 215 216 218 218 218 222 53 222 223 57 225 225 55 54 217 217 16 220 55 220 220 220 220 220 220 220 20 54 217 218 218 218 219 219 51 215 21 52 52 50 213 212 46 16 212 212 212 44 42 37 200 33 30 25 185 182 180 14 178 175 242 6 5 169 171 4 169 168 167 167 168 167 165 236 250 250 156 227 230 155 228 229 228 228 246 153 229 239 144 142 143 143 143 142 140 221 224 229 229 229 229 238 235 227 146 230 233 228 231 147 148 152 153 152 152 153 154 156 247 245 243 156
153 152 152 152 152 152 152 152 152 158 153 246 156 153 157 152 152 158 159 159 152 160 152 152 152 152 245 152 163 247 154 153 153 166 170 251 169 249 155 248 246 152 246 169 170 169 169 166 165 167 169 167 165 237 233 158 158 157 228 226 222 126 218 121 212 208 204 199 102 192 124 191 96 125 179 186 208 206 113 113 115 116 194 207 221 228 156 158 160 241 165 246 249 253 253 254 3 182 8 14 18 20 25 198 26 201 29 200 30 201 34 207 206 40 41 42 44 49 47 43 209 209 209 209 209 209 208 47 214 214 214 50 214 216 214 218 218 218 218 222 55 223 218 57 218 218 220 56 217 217 17 19 57 220 220 220 220 220 220 220 22 220 220 220 220 220 220 220 54 21 23 54 23 21 213 212 48 210 212 212 48 18 44 200 37 34 32 30 24 183 18 181 15 13 241 7 170 170 171 171 7 170 170 242 171 170 2 162 253 251 248 229 232 156 152 150 151 230 155 246 243 149 238 237 144 145 144 236 142 139 225 226 226 228 228 238 229 145 230 143 228 229 233 237 239 154 243 155 154 154 156 157 156 247 244 246
153 152 152 152 152 152 152 152 152 158 153 248 157 248 155 156 245 244 149 156 246 158 159 152 152 152 248 153 164 249 154 154 154 166 157 251 156 156 252 249 248 247 244 161 161 159 159 158 160 160 159 158 159 159 156 154 152 152 152 151 150 148 146 145 215 117 209 202 103 197 196 194 193 126 182 188 116 117 118 118 119 121 201 211 221 231 157 238 242 164 167 170 172 174 174 177 7 182 11 16 192 21 25 27 28 31 29 200 31 203 37 41 41 209 209 48 44 51 49 209 209 209 209 209 209 209 46 48 214 214 214 52 212 215 214 217 218 57 56 221 218 218 219 59 219 219 220 58 56 217 17 220 220 220 220 220 220 220 220 220 220 220 222 222 221 59 58 25 57 23 24 55 215 215 213 212 212 212 212 212 50 209 47 200 38 35 6 30 24 22 19 249 15 13 8 240 243 244 171 171 171 171 8 244 245 9 4 2 161 254 251 230 232 233 247 245 231 154 155 249 151 245 147 241 145 229 146 144 238 140 223 226 227 227 228 230 238 231 230 238 142 144 237 151 156 157 157 159 158 156 248 157 156 249 247 245
153 152 152 152 152 152 152 152 152 158 249 249 156 249 246 148 149 151 246 156 158 149 158 160 161 154 154 154 154 251 154 154 155 169 158 254 157 157 252 154 167 246 241 232 149 150 150 150 153 150 146 146 146 142 140 137 135 135 134 137 141 141 141 141 142 140 139 135 204 130 129 129 130 129 184 116 118 121 123 124 124 126 208 138 224 233 158 241 244 167 171 173 15 176 4 7 182 183 12 18 20 21 26 198 29 201 199 200 34 203 39 48 208 208 209 210 210 52 51 209 209 209 210 210 210 210 210 50 53 213 214 54 213 215 214 217 216 218 59 217 218 224 225 228 221 221 220 60 218 218 20 220 220 220 220 221 220 220 220 220 220 25 27 27 62 26 59 25 60 215 217 215 56 215 214 53 21 21 212 212 52 21 49 40 12 38 193 30 24 23 180 18 174 173 9 240 241 244 245 11 11 245 11 170 246 10 5 163 3 255 157 251 152 151 151 248 233 235 235 249 233 151 246 231 244 244 147 242 241 140 139 226 140 140 143 142 231 142 231 143 145 149 151 154 251 162 162 161 1 157 250 157 252 248 247 246
153 152 152 152 152 152 152 152 152 158 251 152 151 156 158 157 151 151 249 149 149 248 150 151 153 156 157 157 157 255 156 156 157 171 2 173 174 255 253 252 247 161 239 231 145 143 141 139 141 137 136 133 135 132 126 125 121 118 119 118 122 125 123 124 125 124 126 127 125 122 123 126 128 131 187 195 121 202 127 130 129 132 135 141 229 156 241 243 248 252 173 2 178 179 179 182 182 182 15 30 20 24 27 30 31 201 200 43 35 45 39 42 44 208 46 48 48 50 50 212 212 212 212 212 212 212 212 212 54 212 213 55 210 214 214 217 217 223 63 222 219 224 225 228 64 64 220 220 219 219 220 220 220 220 221 222 222 222 27 64 220 220 220 220 220 61 22 26 25 220 216 59 25 26 57 53 209 20 212 212 54 21 51 199 198 199 36 30 183 181 22 20 16 245 168 240 168 169 169 248 14 247 171 13 247 11 165 164 5 160 158 254 152 151 151 150 151 152 152 153 152 151 248 232 148 148 148 245 144 239 139 227 141 142 232 241 140 233 144 144 149 153 155 160 164 165 6 161 3 255 250 253 252 247 246 247
153 152 152 152 152 152 152 152 152 158 253 151 151 157 151 151 151 152 251 149 158 254 153 155 156 167 157 158 159 159 158 3 157 158 3 158 158 2 255 252 245 243 237 229 224 135 128 124 126 125 123 119 119 119 114 111 105 104 104 102 102 104 105 105 106 107 108 109 109 109 108 110 115 129 189 199 203 128 213 236 135 138 224 146 234 241 246 164 254 2 176 7 179 180 181 28 182 18 187 187 21 24 28 31 33 201 200 200 45 201 201 39 43 44 208 49 54 49 52 213 57 212 212 212 212 212 212 212 212 212 212 58 210 214 218 221 220 222 224 218 218 218 225 228 67 67 65 220 220 220 220 220 220 220 25 222 222 66 222 65 25 26 27 219 218 215 215 28 219 27 217 215 214 57 55 23 55 22 25 26 26 208 52 45 199 199 34 184 28 25 179 176 18 243 167 166 246 171 248 251 172 172 250 16 171 169 11 163 162 160 5 1 253 252 151 151 235 238 153 153 153 252 250 248 148 148 148 148 247 141 140 140 142 244 143 142 235 145 146 243 154 159 162 3 168 13 9 161 0 255 251 253 250 248 249 246
153 152 152 152 152 152 152 152 152 158 255 151 151 155 151 152 254 152 255 152 153 154 155 157 157 157 158 161 172 7 161 160 6 171 5 172 172 173 1 252 246 245 237 230 221 211 204 117 118 113 111 106 103 105 102 179 94 95 95 169 90 91 92 94 94 96 99 99 98 99 100 100 104 120 133 196 206 213 217 138 139 142 145 151 156 158 162 166 255 5 6 10 13 15 183 183 185 188 188 189 24 23 27 32 35 38 201 200 201 201 201 201 43 46 49 51 56 209 54 213 59 212 212 212 212 212 212 212 212 212 212 215 215 218 62 214 215 221 223 218 223 224 220 222 228 69 67 220 220 220 220 220 220 220 26 222 222 222 69 66 218 26 27 27 220 220 220 220 66 30 66 217 216 28 57 211 210 55 23 23 24 55 53 48 18 46 36 32 30 255 181 27 19 169 246 247 171 250 172 173 174 174 172 19 254 17 168 165 163 7 7 157 153 151 151 151 237 155 154 153 153 254 252 250 148 148 148 148 249 142 234 245 143 235 143 143 144 144 149 248 255 163 165 5 9 12 10 2 2 1 254 251 251 247 246 246
153 152 152 152 152 152 152 152 152 158 2 152 255 154 151 152 255 152 1 152 153 164 167 6 159 161 162 11 162 161 10 8 7 170 173 156 4 1 166 254 248 246 239 231 223 211 204 199 197 191 186 97 96 96 94 92 90 91 170 88 87 167 87 91 170 92 95 68 68 68 98 70 101 111 122 188 205 214 220 247 228 147 237 157 246 163 166 18 3 5 8 12 15 183 17 21 187 187 188 188 188 25 29 33 37 39 40 40 200 40 49 42 43 45 49 208 208 52 58 55 62 61 212 212 212 212 212 212 212 213 213 213 215 215 215 215 215 221 222 217 222 220 226 222 229 70 69 220 220 220 220 220 220 220 27 222 222 222 70 220 27 218 218 29 31 220 220 219 32 220 220 66 63 62 60 59 56 23 208 208 56 207 55 50 17 44 36 34 30 255 1 27 22 16 246 171 171 253 174 177 177 176 175 174 255 21 169 16 164 11 8 6 255 151 151 151 239 240 153 153 153 1 255 149 147 147 146 147 240 250 144 143 236 143 237 248 144 243 248 157 4 7 164 164 164 11 7 255 253 255 250 250 251 249 246 245
153 152 152 152 152 152 152 152 152 158 4 152 2 150 3 152 2 152 161 154 154 164 158 160 173 164 165 166 15 162 13 11 9 7 156 156 6 4 1 255 251 248 242 235 226 217 208 200 195 103 97 90 86 86 86 87 86 87 87 87 87 167 86 86 89 91 94 68 96 68 69 70 101 107 113 125 201 214 222 249 232 238 241 245 250 255 170 171 8 175 177 14 16 18 183 22 26 189 39 38 188 27 30 31 35 38 40 40 41 199 44 44 44 45 48 53 58 208 209 56 58 58 212 212 60 212 212 212 212 213 213 213 215 215 215 215 215 222 223 220 220 220 226 220 220 227 71 220 220 220 28 222 221 70 27 29 30 72 30 69 27 218 218 217 67 28 29 30 31 34 33 67 66 62 61 60 58 24 208 208 58 207 57 52 17 42 35 183 31 28 177 254 23 17 246 250 252 255 177 178 6 28 175 174 173 173 20 19 166 13 160 7 151 151 239 151 151 240 153 153 153 3 151 151 150 146 238 240 145 251 250 249 238 143 239 241 145 247 252 2 6 164 9 16 165 12 6 254 251 255 248 248 249 248 244 245
153 152 152 152 152 152 152 152 152 157 6 152 4 157 5 151 161 152 161 154 154 165 161 165 166 167 167 167 19 15 162 174 11 156 156 8 154 153 4 1 145 251 244 236 228 222 214 203 196 184 90 170 79 77 76 76 76 76 77 80 82 60 86 168 86 86 88 95 69 71 71 71 73 106 109 120 196 214 225 142 234 239 245 248 254 3 173 174 10 14 15 180 34 182 185 24 27 188 187 187 28 41 29 31 32 33 37 37 39 42 44 45 200 46 48 52 208 55 209 209 209 209 60 61 62 67 213 64 64 65 212 212 214 215 215 215 215 223 220 224 72 72 219 226 72 219 220 220 220 220 28 74 220 218 219 28 30 30 72 69 28 28 218 70 68 215 215 215 30 69 31 216 67 212 63 62 208 207 26 208 60 207 58 52 44 42 36 34 31 30 27 26 22 246 247 252 254 1 4 7 179 31 4 27 26 25 23 22 18 250 13 8 151 151 152 152 152 151 153 153 5 153 152 152 150 149 253 240 145 253 239 238 238 239 242 144 149 251 156 3 8 9 9 11 14 9 4 255 249 248 247 247 247 244 242 242
153 152 152 152 152 152 152 152 152 153 8 152 6 157 7 7 5 158 154 154 163 169 174 165 167 168 168 22 167 18 162 14 12 11 156 10 154 8 4 3 146 254 249 239 233 226 218 204 193 183 175 166 159 155 65 65 64 63 65 70 78 86 60 168 82 82 86 93 100 105 108 78 78 78 114 124 192 214 227 145 237 240 246 249 2 7 173 11 14 178 17 20 21 23 41 186 188 42 28 187 29 42 42 187 189 32 34 35 36 39 42 44 46 198 200 50 53 57 65 209 209 209 60 62 65 68 66 66 210 213 213 214 217 215 215 215 215 221 220 74 224 225 225 219 219 220 75 220 220 220 221 222 75 218 219 218 219 218 73 217 217 217 218 72 70 30 215 217 217 215 215 33 69 67 65 64 208 207 206 207 62 61 59 53 44 42 35 2 1 29 27 253 21 247 247 253 253 2 175 6 8 177 175 6 30 173 25 24 166 16 14 157 154 153 154 155 155 8 153 247 153 155 154 7 247 5 146 144 145 144 253 141 141 142 243 246 152 154 157 5 9 16 9 9 13 9 4 254 251 247 246 245 245 243 239 240
153 152 152 152 152 152 152 152 152 158 10 152 8 157 153 9 150 150 154 155 155 170 164 176 179 181 169 169 168 24 163 177 17 156 156 156 11 10 6 4 1 143 253 247 238 232 225 210 198 190 179 169 160 154 62 63 149 147 34 62 71 80 83 81 163 78 78 81 87 94 103 110 112 82 119 123 196 217 228 147 240 153 248 254 5 9 173 13 16 180 21 182 183 186 187 44 29 44 188 187 187 187 187 32 45 33 33 187 36 37 40 44 48 49 58 201 52 57 66 209 209 209 209 65 212 212 212 68 210 213 215 72 215 72 215 215 215 220 77 75 219 224 222 219 228 222 220 220 220 220 222 222 78 76 76 30 29 29 29 31 75 74 33 74 216 215 216 218 219 216 34 71 70 68 67 66 64 29 208 208 64 62 61 54 45 42 35 0 30 27 26 23 22 163 248 167 255 174 177 177 10 35 177 176 176 30 27 26 22 162 160 16 158 156 156 249 156 156 154 250 158 158 14 156 8 150 150 148 145 1 142 245 243 142 245 252 1 4 158 7 15 8 6 7 7 7 2 249 252 246 244 244 242 240 128 128
153 152 152 153 152 152 152 152 152 158 12 152 10 150 152 160 153 153 155 156 158 169 175 166 181 29 169 169 28 27 23 162 20 157 172 173 14 12 7 4 160 1 254 250 244 236 227 216 208 197 185 174 163 155 36 149 34 34 35 149 64 72 77 50 164 46 161 46 78 83 96 106 112 117 119 123 196 218 235 7 149 246 250 2 10 13 16 176 180 181 23 184 186 188 188 189 187 32 37 47 187 187 33 45 43 182 182 34 187 38 41 44 49 50 53 53 201 57 60 63 209 209 209 211 212 212 212 71 69 212 215 74 217 218 215 215 215 221 225 224 224 224 216 226 228 79 219 220 220 220 219 31 32 32 77 75 215 215 215 31 219 218 218 218 220 217 36 37 217 76 73 72 71 210 210 68 208 207 208 32 66 64 61 54 46 42 176 173 30 169 167 25 24 163 250 255 170 8 177 177 179 40 38 178 37 32 171 27 24 1 20 160 160 159 17 155 252 156 15 253 17 158 0 15 153 251 9 5 145 2 254 242 140 246 144 254 3 6 8 15 4 154 155 14 150 5 255 137 251 248 243 246 128 241 126 126
154 155 13 152 152 152 152 152 152 157 154 154 14 153 161 160 161 156 16 165 158 170 176 28 181 184 173 32 171 170 27 23 22 159 173 18 156 13 148 7 141 1 253 250 242 238 231 222 214 202 191 181 167 160 153 151 34 34 34 35 64 70 75 77 166 163 47 163 77 80 88 99 110 116 120 125 199 218 235 243 12 248 254 5 10 14 16 20 22 181 182 185 31 33 190 51 48 33 38 39 36 35 36 46 33 32 35 35 37 39 40 44 47 50 60 53 56 204 60 63 66 68 70 69 70 212 212 71 211 72 213 214 213 215 217 76 219 218 78 216 76 223 218 225 80 227 227 30 31 31 219 79 218 218 77 29 215 30 216 33 220 220 220 220 220 80 37 37 37 36 74 73 33 36 212 211 210 210 70 207 67 204 62 55 46 42 36 32 169 30 28 26 251 164 253 0 4 8 11 13 16 42 179 179 39 34 170 6 165 2 162 161 22 20 19 156 156 157 157 154 254 15 154 156 14 252 11 6 247 244 142 2 142 249 251 0 4 157 157 17 7 156 156 14 9 254 0 251 245 248 242 242 243 241 243 126
16 153 154 15 152 152 152 152 152 157 154 154 154 161 161 159 162 164 164 156 158 170 176 168 168 183 184 33 171 32 29 180 27 23 21 158 19 15 11 7 3 255 253 249 242 139 234 229 222 210 197 188 173 165 157 37 39 37 37 37 39 40 70 74 78 48 47 164 44 44 84 93 104 113 122 127 199 219 235 245 247 250 255 6 11 172 18 21 24 26 28 30 188 36 54 53 51 187 191 50 184 183 33 45 180 42 180 33 37 39 41 42 44 48 53 60 55 60 66 63 207 66 72 70 68 71 74 72 71 209 212 212 213 216 219 216 215 222 80 221 78 223 224 225 82 80 217 225 30 32 218 218 218 218 80 215 215 31 32 35 220 220 220 39 39 37 216 215 215 36 74 74 72 33 33 33 35 35 71 207 70 66 63 55 46 42 36 33 255 255 30 27 163 253 254 2 171 8 9 14 17 44 179 179 41 174 8 7 166 165 25 161 24 22 21 158 3 159 158 19 154 156 2 19 16 13 250 248 4 244 141 141 250 143 253 2 8 157 10 19 9 156 18 14 9 139 255 250 129 246 126 244 240 242 126 126
152 152 153 152 152 152 152 152 152 157 154 154 154 153 153 154 161 154 164 157 159 170 173 179 171 171 171 35 184 32 29 179 165 29 176 22 174 19 14 10 5 2 255 250 241 118 235 134 223 210 199 190 181 171 166 163 42 161 40 40 40 69 71 74 78 84 174 52 53 52 53 88 97 109 121 129 201 219 232 244 249 251 1 6 12 174 19 20 22 182 29 30 35 189 38 190 53 188 39 51 183 182 33 44 33 31 33 33 35 38 40 43 45 194 54 63 57 59 62 65 72 68 69 207 72 70 72 75 208 210 212 78 76 215 218 222 221 220 216 215 221 222 217 217 218 218 82 216 217 218 218 218 218 34 82 215 215 215 215 36 220 220 84 82 216 37 37 37 38 78 76 76 74 33 207 34 34 73 35 72 72 204 65 58 46 43 4 35 167 167 31 165 164 164 163 2 8 8 10 15 19 46 18 43 16 39 170 169 32 167 163 162 162 24 158 159 159 159 159 22 156 155 155 21 153 150 144 142 141 140 141 143 144 254 255 3 7 20 11 21 12 23 19 16 10 255 2 253 249 248 246 241 123 122 243 248
152 18 151 153 152 152 152 152 152 153 154 154 154 21 154 160 161 154 164 167 170 160 171 177 181 183 183 184 35 30 177 163 179 27 176 27 157 23 17 12 8 5 255 252 244 239 234 127 218 209 200 195 189 174 170 164 41 41 41 41 41 165 42 74 78 83 86 91 60 179 54 55 95 106 121 129 201 217 229 241 245 252 1 6 13 19 40 22 24 28 30 33 188 188 38 40 56 188 187 52 49 46 32 31 30 42 30 32 33 36 39 53 47 54 196 66 198 61 64 66 69 207 69 205 208 208 74 209 209 210 211 210 211 217 215 218 215 215 215 215 215 221 224 218 218 218 218 217 218 218 218 218 218 218 218 215 215 34 215 37 87 41 87 84 82 80 37 80 79 77 34 36 75 72 32 208 207 74 34 35 72 33 66 57 47 43 37 37 169 167 166 165 30 164 3 5 9 174 176 179 181 48 178 44 42 40 171 171 170 35 167 165 163 161 158 159 158 5 6 158 158 158 24 158 21 18 147 144 143 142 253 255 11 144 145 6 10 155 154 14 15 25 21 16 9 253 1 129 251 249 247 242 243 123 123 126
152 20 151 153 152 21 152 152 152 152 152 159 160 160 21 158 160 163 165 166 169 160 172 175 179 179 180 179 32 177 176 177 29 159 175 175 173 24 21 14 12 9 4 0 247 240 233 223 216 208 77 199 194 177 169 42 42 42 42 42 42 42 73 46 77 82 86 90 61 59 58 59 95 108 120 131 202 216 228 240 245 253 3 8 14 20 174 174 26 28 31 33 188 188 188 188 188 57 186 52 35 47 176 44 175 43 31 32 33 37 40 46 49 55 58 61 62 202 202 204 69 207 206 207 208 208 75 209 209 210 210 80 211 217 215 219 86 217 84 215 215 214 223 216 216 216 216 216 226 34 218 218 217 36 87 215 215 35 215 39 88 41 89 39 83 213 36 35 34 35 77 209 209 207 204 36 76 75 74 35 72 70 68 59 179 175 39 170 38 36 166 167 165 165 167 9 13 176 17 180 22 181 180 177 45 174 171 171 171 37 168 168 167 165 161 159 158 8 159 26 25 7 8 159 156 21 20 145 13 143 255 255 145 147 150 10 154 23 14 15 17 18 25 16 9 133 132 253 249 250 243 242 246 126 125 251
152 24 152 152 152 152 152 152 152 152 152 152 158 24 158 22 151 153 26 156 167 159 160 173 175 175 175 176 32 172 171 157 157 157 174 172 171 170 21 17 14 12 7 2 249 241 234 224 215 206 76 202 196 179 171 44 44 70 43 42 168 168 72 76 77 79 84 87 93 94 187 59 97 109 121 131 204 216 228 240 245 253 7 10 15 19 24 45 26 29 182 34 36 41 188 188 58 57 55 52 50 47 175 45 44 172 172 32 34 37 42 47 50 54 58 61 63 64 201 72 68 72 73 73 73 75 76 78 79 209 213 212 212 215 218 216 221 88 86 215 215 215 215 215 215 215 215 215 215 88 217 217 217 217 88 214 215 214 37 218 219 41 89 86 85 85 211 211 211 208 209 80 210 80 206 207 78 73 72 33 34 69 66 60 50 176 173 42 169 168 169 39 166 166 169 11 176 176 20 180 181 51 50 177 21 44 172 174 170 170 168 168 170 169 166 162 159 10 161 159 26 27 155 10 26 24 21 149 18 1 2 3 4 8 152 153 155 15 155 156 157 19 26 15 3 253 131 129 255 123 120 244 125 252 126 253
152 26 152 152 152 152 152 152 152 152 152 152 158 26 158 152 159 164 156 156 168 171 160 172 174 31 157 172 31 156 155 171 171 172 24 167 21 166 167 166 163 163 9 4 253 244 236 226 217 208 76 204 201 190 181 176 45 43 43 71 72 72 73 74 75 79 83 53 91 95 62 62 100 111 124 131 205 219 230 242 248 0 7 13 17 169 173 173 176 30 34 36 183 41 60 44 188 58 57 54 52 49 176 175 45 32 172 34 36 37 41 47 51 54 57 194 61 62 67 73 69 76 73 73 72 74 78 206 207 207 208 213 214 214 216 215 219 220 215 215 215 215 215 215 215 215 215 215 215 90 217 217 217 217 90 214 216 88 38 218 91 43 43 87 213 41 83 36 83 38 39 82 209 81 37 36 76 201 34 32 72 194 66 62 181 179 176 173 171 169 169 169 169 10 173 16 19 51 22 183 181 180 52 49 175 174 21 48 20 20 170 170 170 170 168 164 162 161 161 34 158 157 156 155 27 25 151 9 21 147 146 146 148 151 153 15 156 154 20 157 157 156 153 13 134 253 3 1 255 125 121 247 127 126 253 127
152 28 152 152 152 152 152 152 152 152 152 157 152 153 153 26 158 162 165 30 165 169 171 34 33 170 158 158 31 30 170 168 166 167 166 22 164 165 18 13 158 157 156 152 252 246 239 228 219 211 207 101 204 197 190 182 177 174 41 40 172 40 40 74 76 79 85 185 92 95 98 102 71 116 127 134 212 124 134 141 254 6 158 13 19 22 50 28 178 32 35 37 39 42 44 45 62 185 59 54 52 51 35 48 34 45 171 34 36 37 39 47 52 54 58 60 195 66 70 69 71 77 74 74 200 74 75 79 80 208 208 210 212 214 215 218 220 215 215 216 90 215 215 216 216 216 215 215 215 218 218 217 217 217 92 215 215 89 39 43 91 91 90 41 41 87 83 208 208 81 37 208 39 39 79 77 76 33 74 30 73 70 67 64 183 57 179 177 175 176 176 175 174 174 175 177 22 180 26 57 56 26 179 177 176 175 174 48 173 173 171 170 170 46 169 167 162 161 18 164 162 160 161 159 154 27 151 151 151 151 12 150 150 14 16 154 19 155 21 22 33 22 28 14 2 4 128 128 128 127 255 249 253 2 253 0
152 30 152 152 152 152 152 152 152 152 152 152 153 160 154 30 150 161 164 32 156 156 168 159 35 157 170 171 169 31 28 166 149 147 147 20 160 19 15 12 151 152 3 1 250 245 238 229 219 210 208 203 201 199 193 185 182 177 176 73 175 42 42 74 44 81 86 90 60 96 99 106 77 124 134 105 223 235 246 252 3 157 12 15 22 26 28 29 178 178 37 39 183 42 44 44 62 45 60 55 55 52 171 33 33 34 46 44 168 171 39 46 52 53 57 61 64 65 68 199 72 74 73 78 200 76 201 202 201 203 204 208 210 211 210 213 217 220 215 223 93 223 218 219 226 94 215 215 215 39 39 217 217 217 94 215 215 40 41 42 91 90 89 212 41 89 85 207 37 36 37 207 82 80 79 78 198 197 33 32 33 194 69 189 186 183 59 57 55 178 178 178 177 179 23 181 181 29 29 60 59 180 54 53 24 51 174 50 24 51 173 172 172 49 47 169 167 165 165 165 163 162 163 37 157 154 153 153 152 152 152 152 151 152 18 20 20 33 154 25 33 29 26 14 132 128 128 128 128 4 125 123 255 4 125 127
153 152 152 152 152 152 152 152 152 158 153 33 30 151 160 162 162 162 165 166 156 156 168 171 158 34 154 32 168 154 31 27 26 164 165 21 161 19 15 12 7 148 146 144 250 134 239 230 220 212 209 203 201 198 192 52 186 184 180 177 40 42 42 77 46 81 86 91 195 98 103 111 120 130 143 220 233 241 248 253 5 158 12 17 23 50 29 34 35 37 40 42 183 183 182 44 44 183 61 58 177 174 50 168 32 48 48 34 37 39 42 45 50 53 57 61 63 66 68 70 72 72 199 76 77 201 201 201 80 203 202 207 211 213 215 91 216 217 219 221 215 223 227 219 97 96 215 215 215 215 37 218 218 218 94 41 96 215 215 92 40 40 90 39 41 40 39 85 37 36 37 39 83 80 36 37 35 74 194 31 32 33 72 69 185 184 183 182 180 181 180 180 180 182 181 182 182 182 182 184 62 181 57 55 173 25 25 25 26 27 174 52 172 171 170 171 169 48 168 45 163 42 40 160 158 35 17 34 153 153 153 18 31 153 153 153 22 155 25 158 34 29 25 16 134 131 130 131 129 129 129 129 129 129 129 131
153 152 152 152 152 152 152 152 152 152 153 34 152 153 29 158 158 159 162 164 166 155 158 170 171 36 155 35 153 154 33 29 146 26 24 22 158 159 17 152 6 3 141 138 245 240 237 230 222 214 210 205 200 195 84 83 84 189 186 46 182 43 43 45 47 83 88 94 97 99 105 113 122 133 213 225 235 244 251 255 6 158 15 21 25 52 31 36 180 179 39 43 183 183 62 44 45 45 60 42 57 39 53 50 34 50 38 36 38 40 42 55 47 52 56 59 61 64 68 70 75 72 76 199 78 80 81 83 200 84 204 204 208 211 213 93 212 217 217 220 217 223 226 218 217 225 218 218 96 215 38 218 218 218 218 217 46 217 97 214 212 89 41 208 90 88 205 85 84 201 36 205 83 37 80 33 75 193 193 192 193 193 33 190 188 187 186 185 185 185 185 185 184 64 182 29 30 182 31 33 64 181 59 57 52 50 23 26 172 28 29 53 27 29 29 172 172 51 49 28 165 44 162 43 160 158 155 36 153 153 153 20 153 21 153 33 23 155 26 158 35 31 22 19 138 135 135 134 134 134 135 135 135 135 136 137
153 152 152 152 152 152 152 151 153 154 154 36 153 35 31 149 148 149 149 162 153 165 167 168 170 37 168 169 154 154 36 32 29 27 163 22 159 20 16 10 7 2 253 134 245 239 238 233 226 216 211 206 201 196 192 81 82 193 53 191 188 185 45 80 83 86 91 96 201 101 105 113 123 132 144 226 239 246 255 3 9 158 17 21 27 55 32 36 40 180 180 43 183 183 65 63 45 180 62 43 43 56 53 51 36 40 35 49 166 38 41 45 47 53 56 59 61 64 66 70 73 195 74 77 78 80 83 84 200 86 202 203 207 207 213 216 96 212 216 219 224 218 101 225 225 217 218 100 98 215 41 102 44 45 47 48 47 46 96 43 93 207 39 41 41 207 88 204 85 202 202 86 81 36 79 195 77 33 194 195 194 194 192 190 190 190 34 191 191 188 69 68 184 184 65 29 29 31 31 31 33 30 27 26 22 21 20 22 22 24 24 26 24 28 52 29 32 30 30 30 169 48 45 163 44 160 159 157 156 38 155 155 35 22 153 153 25 155 28 39 155 33 22 139 139 139 138 139 138 139 140 141 142 142 142 140
153 152 152 152 152 152 152 156 158 154 159 161 160 153 36 152 160 152 34 160 162 163 166 155 40 154 154 154 154 38 38 36 31 30 27 25 138 20 16 11 7 2 253 131 243 123 121 233 225 219 213 208 201 196 193 50 80 82 85 84 189 186 44 81 83 86 89 94 99 103 68 113 122 135 145 227 242 251 1 6 12 18 21 24 29 57 33 37 179 180 180 179 47 183 66 64 179 179 60 43 42 40 52 50 36 163 36 36 164 39 41 44 48 53 56 58 61 64 66 71 72 71 75 78 77 82 79 82 86 202 204 204 208 211 208 93 215 212 210 219 223 101 216 216 225 225 228 228 100 215 41 43 100 99 42 44 215 99 45 94 40 209 207 208 207 207 42 205 37 202 202 84 34 34 34 195 79 193 194 37 37 196 195 192 192 38 194 194 191 75 187 70 67 31 29 61 59 26 27 25 22 20 17 16 13 11 11 13 16 18 20 21 22 25 50 26 28 27 31 31 168 51 163 47 161 29 30 160 155 155 156 40 153 23 153 153 27 28 156 41 40 150 141 141 141 141 142 144 143 144 145 147 147 146 32 145
152 38 152 39 152 152 152 152 158 158 154 38 158 160 161 161 151 39 150 150 161 162 165 43 156 156 41 154 154 154 153 37 33 32 29 26 24 22 17 13 7 2 252 248 243 236 233 229 225 217 212 206 202 197 192 188 45 78 189 79 186 77 77 78 82 85 87 93 99 103 106 113 123 135 146 228 243 253 2 7 14 160 21 25 30 172 172 39 43 68 180 46 183 183 182 181 179 66 62 58 40 56 55 165 164 37 162 35 38 39 41 45 48 49 55 60 182 64 66 68 71 189 73 75 77 82 81 194 197 199 201 204 203 210 211 95 214 217 98 220 216 102 101 222 223 225 226 226 216 216 215 215 215 214 44 215 215 98 96 208 41 41 95 207 41 92 41 41 202 40 88 83 81 80 193 36 82 193 193 35 36 39 196 194 193 193 195 80 79 75 35 34 65 28 62 27 57 53 18 17 12 10 7 3 1 255 2 3 3 9 12 14 16 22 24 26 27 28 31 33 168 53 163 163 32 49 162 48 156 25 26 27 40 153 153 27 153 156 157 44 41 37 145 144 30 142 24 145 147 148 148 148 32 147 34 148
152 40 152 41 152 152 152 152 152 157 154 40 159 152 40 160 152 161 40 151 151 151 152 168 156 156 43 169 155 43 40 39 37 35 32 29 25 24 19 15 9 4 252 249 244 236 230 225 220 216 211 205 201 197 191 46 46 46 191 189 76 76 42 42 79 81 84 90 95 101 103 114 123 136 147 232 245 255 144 10 16 20 22 26 32 171 37 41 47 72 47 47 72 183 71 182 69 68 63 42 169 168 170 54 51 49 38 159 37 162 42 45 48 51 54 59 63 64 185 68 69 70 72 75 77 79 79 194 82 197 197 201 205 208 207 207 213 214 216 219 222 216 212 212 101 213 102 102 225 225 43 215 215 103 215 46 103 210 97 208 94 42 98 96 206 92 202 40 90 89 86 83 194 194 194 36 194 37 81 191 37 38 42 197 84 82 40 39 38 35 32 28 24 25 25 23 19 16 11 6 0 248 246 242 237 238 240 241 243 247 248 252 1 7 12 18 22 24 29 33 35 167 164 163 162 163 164 162 158 154 152 153 41 41 27 29 32 158 157 46 155 40 146 146 144 143 146 147 37 149 148 149 148 150 150 151
152 42 152 43 152 152 152 152 152 158 44 44 43 152 152 161 44 151 161 164 154 44 165 167 156 46 45 170 156 45 168 42 150 41 148 36 30 28 23 20 15 9 2 255 249 240 232 227 219 214 212 207 203 54 195 76 46 46 46 190 75 188 76 78 77 79 81 87 93 98 102 111 123 137 146 234 247 1 144 12 17 158 22 28 33 62 39 43 48 73 180 49 183 53 182 182 72 70 67 61 169 169 59 56 162 162 52 158 38 41 43 43 48 52 54 58 61 64 67 69 75 69 73 75 77 79 82 194 194 195 196 199 203 207 207 208 208 209 209 218 222 216 103 212 213 213 223 225 104 103 42 43 44 43 44 43 46 103 100 99 205 207 44 208 97 93 38 37 39 89 36 36 194 194 37 37 85 38 193 84 192 38 42 44 86 81 78 75 33 32 29 23 19 19 13 7 2 255 250 243 161 156 152 150 145 144 146 147 222 225 227 235 243 252 4 9 15 21 27 30 33 37 56 54 35 37 166 55 160 157 155 153 153 153 152 153 34 38 49 159 47 152 149 39 149 148 148 34 150 152 151 151 151 153 44 156
152 44 152 152 152 152 152 152 152 154 154 154 154 154 162 163 154 43 149 152 153 46 152 167 48 171 155 171 172 46 152 170 152 152 152 42 37 33 30 28 23 17 11 6 254 247 241 236 228 223 219 214 209 205 200 195 46 45 46 192 41 76 189 40 41 41 81 46 88 93 97 108 120 137 221 236 251 5 9 153 20 23 26 30 36 172 174 44 49 74 179 51 53 74 181 54 55 72 71 67 172 170 61 166 57 55 160 159 42 54 162 46 50 53 56 58 60 65 68 70 72 182 73 186 78 79 82 85 86 193 194 199 202 205 209 212 208 101 215 218 222 108 212 221 223 224 224 225 225 225 104 210 104 42 210 212 212 104 208 99 43 44 43 44 42 40 89 195 37 88 193 194 37 38 39 194 195 194 41 87 193 192 193 42 45 83 76 32 25 22 57 6 6 8 254 246 240 237 156 148 137 133 129 126 122 122 123 125 126 130 133 217 229 238 246 254 9 19 26 27 30 164 57 56 37 38 38 56 53 159 51 156 48 48 154 154 37 41 53 158 155 45 151 152 153 151 152 153 155 154 155 155 154 155 155 156
152 152 152 152 152 152 152 152 152 154 154 154 154 154 154 154 154 48 48 165 166 166 48 168 155 156 48 46 151 152 46 151 152 152 152 44 42 39 36 35 31 25 19 14 7 1 251 246 239 233 229 224 218 213 207 199 46 197 46 195 43 77 192 78 41 79 80 197 48 48 93 104 118 138 226 241 255 7 13 20 159 27 163 33 40 174 175 46 50 181 182 180 53 75 179 179 180 183 76 73 71 69 66 169 166 58 57 162 162 162 47 164 52 170 171 172 61 67 69 77 182 73 74 76 78 78 80 84 190 189 194 196 201 204 209 210 213 208 208 212 220 215 107 221 223 213 212 224 224 224 108 106 105 209 44 48 107 209 102 44 99 41 96 200 38 90 195 37 89 36 37 38 39 194 40 87 41 194 42 89 194 195 194 44 86 84 74 65 58 14 47 251 250 249 166 159 153 148 139 129 118 115 112 108 103 104 105 107 107 113 118 130 217 224 232 239 254 14 22 27 31 164 59 58 163 57 56 36 37 36 158 38 50 156 37 156 39 54 41 158 157 154 155 50 43 156 156 156 45 157 47 48 54 156 156 157
49 49 152 152 152 152 152 152 152 152 152 152 152 160 154 154 164 49 152 152 152 151 164 153 169 48 151 151 170 155 156 51 152 152 152 47 170 42 143 38 34 28 24 19 13 9 6 1 252 244 238 232 228 223 214 205 200 45 46 198 78 78 194 193 40 40 80 86 47 89 92 104 120 137 229 249 4 10 19 23 29 161 33 36 173 71 47 178 51 183 79 78 181 182 183 183 182 183 76 76 74 176 70 66 167 62 165 165 166 166 168 66 57 172 173 174 64 68 71 74 78 72 73 76 77 77 80 85 191 191 193 197 201 203 206 209 212 212 214 218 219 220 109 212 222 109 212 212 212 211 45 108 106 44 46 108 48 106 103 206 100 98 96 93 195 38 38 90 37 89 192 192 192 192 193 191 40 43 193 92 195 46 47 44 41 78 24 18 52 45 41 249 30 162 158 7 253 245 120 105 103 101 97 96 95 93 97 97 98 102 107 117 130 139 225 234 246 10 20 27 33 38 61 60 58 36 35 35 34 156 155 155 156 155 155 39 156 158 43 55 54 157 157 156 156 158 159 159 159 160 157 157 157 158 157 53
51 51 152 152 152 152 152 152 152 152 152 152 152 160 154 154 164 51 152 152 152 151 150 153 168 52 152 152 172 156 53 173 152 152 152 50 49 47 42 38 35 31 29 25 21 18 15 10 6 253 246 241 236 231 222 215 207 201 199 78 195 75 194 76 40 40 80 85 201 88 91 103 119 139 230 248 5 10 18 156 28 35 36 42 46 73 49 178 53 56 58 58 59 60 82 183 62 183 78 78 78 59 73 69 53 170 170 170 170 171 170 173 173 172 63 64 66 69 70 72 72 179 77 73 178 77 79 185 191 191 193 197 96 199 203 201 207 210 207 214 216 219 212 212 222 111 212 212 212 212 46 110 209 209 45 210 49 107 206 105 102 99 96 196 94 195 92 90 36 37 192 192 39 192 41 191 40 42 45 46 92 46 45 84 80 69 15 10 7 255 172 164 158 146 145 144 136 235 216 53 52 205 93 201 89 91 93 202 96 52 52 107 117 127 219 233 243 7 18 26 157 36 164 62 57 54 153 153 154 155 37 37 39 156 156 40 158 160 159 57 158 157 160 159 159 161 61 162 162 61 56 55 57 53 156 52
53 152 152 152 152 152 152 152 152 152 152 152 152 160 154 154 164 53 152 152 51 149 164 167 154 154 154 154 154 172 155 54 51 49 171 173 172 48 44 41 36 134 132 31 27 20 16 12 7 253 249 242 237 231 71 220 214 205 201 198 194 73 74 76 79 42 82 46 202 45 92 104 118 137 226 246 3 10 19 27 30 66 38 42 48 176 177 178 179 179 55 55 57 60 61 60 60 60 61 63 61 57 70 52 54 58 59 62 64 75 62 64 76 172 174 174 176 176 70 77 177 177 79 76 179 182 80 85 189 190 193 198 198 96 199 203 207 209 214 207 207 217 212 213 222 212 222 212 212 212 49 113 211 210 210 110 110 206 45 207 105 101 99 196 195 93 191 192 94 191 40 41 93 192 192 92 41 92 43 45 91 89 41 37 73 60 5 2 173 162 157 147 138 128 131 248 237 70 60 54 52 51 204 45 43 42 44 47 51 53 56 58 114 121 131 228 245 9 21 30 158 161 43 164 58 156 55 153 155 155 152 152 37 56 155 43 47 48 161 160 160 161 161 53 162 57 66 165 65 63 161 58 57 56 52 48
55 152 152 152 152 152 152 152 152 152 152 152 152 160 154 154 164 55 152 53 163 152 152 152 154 154 154 154 154 172 155 55 171 51 148 51 147 48 46 44 41 39 36 133 31 24 18 14 9 255 249 243 237 231 105 226 222 210 204 198 195 34 34 73 77 80 82 46 46 49 54 108 121 137 149 245 4 10 19 27 32 166 167 171 49 78 51 54 53 54 52 51 51 51 49 50 50 50 50 53 53 55 53 50 53 57 59 62 63 64 64 64 80 174 68 175 79 175 71 80 76 180 80 77 77 81 82 185 90 190 192 194 193 197 198 195 205 209 212 214 216 219 222 215 212 212 222 212 212 214 213 115 48 48 210 112 108 107 46 205 105 103 101 196 195 94 37 40 39 191 94 191 41 192 191 190 91 40 40 42 41 40 35 76 64 52 45 38 28 17 1 249 239 122 126 247 240 72 65 60 56 53 48 47 204 92 46 96 55 58 60 62 65 69 133 227 249 14 27 36 162 164 163 64 59 155 36 38 38 39 55 152 41 157 59 44 46 50 63 159 62 161 63 160 55 56 59 59 60 65 58 60 59 153 52 46
152 151 152 152 152 152 152 152 152 152 152 152 152 160 163 155 153 163 152 56 151 151 166 152 154 154 154 154 154 154 58 151 150 148 169 169 169 50 144 48 44 42 134 134 37 27 21 17 12 3 253 245 239 233 104 228 225 212 206 202 197 34 33 74 38 81 44 89 51 98 60 112 126 140 232 249 5 12 19 28 36 41 44 49 174 52 77 76 46 44 42 39 36 35 36 36 37 38 38 41 43 44 45 45 48 50 56 60 61 63 65 173 68 175 174 177 81 176 80 75 76 79 82 83 79 78 84 90 186 188 191 193 196 194 194 196 200 208 204 212 216 219 223 119 212 212 212 212 225 118 213 115 48 49 210 113 110 109 46 46 45 104 102 42 101 191 38 191 192 41 191 191 190 44 96 95 93 186 91 89 86 82 76 72 58 48 43 165 24 12 254 248 81 121 85 128 84 78 70 65 60 217 211 50 47 46 96 100 106 62 64 68 73 82 92 110 130 24 36 44 166 167 71 161 61 154 57 56 151 151 40 154 155 46 157 157 47 52 53 64 52 54 161 65 56 161 59 59 58 63 157 157 62 59 53 140
152 151 152 152 152 152 152 152 152 152 152 152 152 161 163 164 58 151 59 164 58 151 166 154 154 154 154 154 154 154 60 58 150 55 52 51 167 167 145 50 46 44 136 136 39 32 27 22 17 10 3 249 241 236 70 229 225 216 210 43 203 37 198 36 39 41 46 93 55 60 66 118 129 145 239 253 136 142 23 31 38 42 44 50 52 51 50 44 36 32 28 24 20 16 18 18 19 19 18 21 24 27 29 31 33 38 44 53 58 61 63 65 69 69 72 74 176 176 82 75 79 85 83 79 81 80 86 89 90 185 190 192 193 195 194 201 201 208 210 211 215 218 213 222 119 212 212 212 212 212 211 116 207 207 50 114 112 110 201 105 103 42 41 195 102 191 190 191 42 192 191 191 191 191 44 44 94 43 92 89 84 78 28 68 54 45 38 158 22 15 94 86 82 80 83 88 93 95 87 73 64 220 215 98 211 49 50 55 59 65 75 85 95 107 120 136 145 157 163 166 171 173 170 164 160 156 58 37 151 151 41 44 46 47 158 63 49 52 65 65 159 56 58 58 58 68 60 160 157 157 157 60 64 61 54 44
152 152 152 152 152 152 152 152 152 152 152 152 152 161 154 164 60 152 165 61 152 152 152 155 154 154 154 154 154 154 63 59 58 147 54 52 143 167 53 51 48 45 136 136 41 35 33 118 24 16 9 2 249 241 235 230 225 219 215 47 210 208 206 40 84 87 92 54 59 107 114 121 132 150 247 5 141 22 29 158 40 44 47 77 47 41 36 29 18 11 2 250 244 239 239 241 244 244 245 250 255 6 10 13 18 23 32 41 53 58 61 63 66 168 71 74 76 79 84 76 79 88 84 79 174 177 86 88 182 184 187 190 191 195 194 199 205 207 208 212 213 216 221 212 120 222 223 224 224 225 119 223 208 208 208 116 48 48 109 196 195 103 41 43 46 100 41 43 192 192 192 100 45 100 44 95 44 42 39 87 82 76 22 63 50 43 160 155 23 21 99 92 87 84 129 147 127 136 133 111 83 61 55 52 52 55 59 66 74 83 97 107 120 130 143 155 39 167 172 175 178 88 177 170 165 158 61 38 151 151 151 44 46 48 51 51 156 158 55 163 162 161 161 160 70 161 63 161 159 159 158 157 65 62 48 37
152 152 152 152 152 152 152 152 152 152 152 152 152 161 154 164 62 152 165 166 63 152 169 170 154 154 154 154 154 173 154 63 59 57 146 55 144 143 143 54 51 48 47 164 44 42 39 36 29 20 15 11 5 252 241 233 225 221 217 86 212 210 82 43 45 46 93 100 229 110 116 124 135 152 251 9 20 26 33 69 41 43 46 45 65 23 20 10 246 236 228 137 131 127 128 130 216 217 217 220 225 230 239 248 1 7 15 25 36 44 49 60 62 68 72 171 174 78 87 174 174 81 85 81 176 86 88 88 181 183 185 186 189 194 198 199 202 205 201 209 213 216 219 210 120 220 221 222 223 223 224 207 208 51 208 52 115 201 109 107 43 43 194 106 44 192 191 191 193 46 102 45 44 98 188 186 183 39 36 34 79 73 158 60 48 38 114 153 114 22 107 103 100 95 132 157 154 169 181 163 131 76 70 68 70 74 84 96 103 111 126 135 143 149 39 163 168 172 177 181 182 184 181 175 169 162 153 150 42 151 151 46 64 48 156 155 52 55 58 60 62 163 163 161 161 162 162 162 163 163 162 71 66 62 49 36
152 152 152 152 152 152 152 152 152 152 152 152 152 161 154 154 64 163 165 165 152 65 166 67 154 154 154 154 154 154 66 153 62 148 59 59 171 59 58 144 170 52 51 136 48 46 42 39 35 28 23 17 12 6 84 244 235 226 218 82 82 81 83 85 87 90 96 100 63 112 117 127 138 154 252 11 21 27 35 71 160 41 74 67 50 5 1 238 137 126 121 113 108 106 105 107 111 113 111 115 121 211 220 230 238 251 8 15 25 30 40 50 59 65 70 76 175 177 88 175 175 174 174 83 177 178 178 90 91 181 184 98 187 191 191 197 200 201 205 208 210 214 216 218 218 208 208 208 207 207 121 205 223 52 120 207 49 113 198 107 193 43 107 104 43 46 105 46 46 45 101 44 44 45 46 100 95 87 86 83 80 160 68 51 41 31 152 115 115 115 114 113 112 107 97 160 43 58 197 192 172 99 91 99 103 107 113 127 133 141 149 153 159 161 167 57 180 182 185 73 190 192 188 185 178 169 159 155 150 45 46 48 153 50 68 68 54 56 59 59 162 75 67 77 164 167 168 166 167 167 166 162 67 58 47 30
152 152 152 152 152 152 152 152 152 152 152 152 152 161 154 154 153 66 164 152 166 167 153 170 154 154 154 153 154 153 68 153 68 150 63 62 146 60 60 145 143 58 141 53 50 49 46 43 40 34 30 24 18 13 94 3 247 233 220 41 39 210 81 84 88 90 95 101 107 113 118 130 140 241 255 14 24 32 37 40 42 40 70 53 36 247 5 242 230 222 221 219 103 102 39 39 210 208 106 112 118 209 215 219 221 227 243 252 7 19 31 40 48 57 66 76 81 83 84 85 90 89 89 85 89 91 92 91 177 179 182 186 188 191 194 197 200 202 206 206 209 214 217 218 208 208 208 208 208 206 205 204 221 53 208 120 202 116 113 110 45 193 108 108 105 191 46 46 43 187 100 185 186 186 187 102 100 175 88 85 79 72 63 45 37 28 151 116 117 119 120 121 122 124 119 253 42 66 116 112 104 133 123 131 135 138 146 154 160 163 167 168 169 56 177 65 97 71 73 77 81 106 190 187 180 173 162 156 152 149 46 48 50 52 55 68 153 56 158 60 64 163 163 164 72 169 169 169 169 170 168 78 71 59 46 31
152 152 152 152 152 152 152 152 152 152 152 152 152 161 154 154 165 152 163 165 165 152 69 153 170 70 171 154 70 153 153 153 153 70 150 66 147 148 148 64 61 60 59 57 53 51 50 47 45 38 34 29 24 18 99 9 255 241 228 218 213 212 81 84 84 87 92 97 104 112 117 130 142 243 1 15 27 33 36 73 71 35 58 40 25 8 249 236 230 225 51 221 42 101 101 38 103 102 104 109 116 209 64 65 238 65 225 234 246 5 21 31 38 45 56 72 80 81 83 84 86 175 92 85 88 91 91 177 177 178 181 183 186 190 185 192 198 202 206 199 208 210 212 214 218 208 208 208 208 124 205 121 204 121 121 119 50 201 114 195 193 44 46 109 191 191 107 104 103 186 102 44 45 47 48 48 100 92 89 86 26 72 56 43 36 29 154 120 124 126 129 131 135 136 135 10 36 65 76 112 106 68 142 150 155 159 164 169 171 172 172 173 174 176 180 183 186 187 189 191 81 84 190 104 182 176 167 159 154 65 148 148 49 68 52 54 57 154 60 63 158 68 163 165 73 169 172 170 171 172 170 80 72 57 46 32
152 152 152 152 152 152 152 152 152 152 152 152 152 161 154 154 154 70 164 165 166 71 165 167 169 154 154 73 72 153 153 174 73 177 72 72 70 150 151 150 67 64 62 60 56 55 54 51 49 43 39 35 27 23 100 15 7 250 237 225 217 40 40 214 84 41 89 94 104 114 121 132 144 246 2 15 27 31 34 39 69 29 51 34 15 253 244 237 229 226 51 224 218 100 37 37 211 102 105 111 116 213 71 74 74 72 68 230 238 0 13 19 25 34 49 65 77 170 172 174 88 93 87 173 175 176 177 178 178 177 180 182 183 189 185 191 197 201 203 206 207 209 210 213 218 219 208 208 126 208 207 123 203 203 121 120 218 119 115 195 112 192 111 113 111 111 108 188 104 186 186 185 102 183 184 102 99 94 172 88 77 70 55 125 120 114 157 122 127 132 137 141 145 147 148 146 28 51 67 67 102 160 159 167 174 178 182 182 181 181 181 182 68 183 184 77 188 191 84 111 188 83 192 108 102 97 170 161 73 67 48 49 67 51 53 152 57 59 59 62 160 68 163 73 75 171 91 84 173 174 91 84 156 57 44 30
152 152 152 152 152 152 152 152 152 152 152 152 152 161 154 154 74 72 163 152 166 73 150 150 154 154 154 154 74 153 153 175 75 154 154 154 75 154 72 72 69 147 66 143 63 61 60 138 136 52 127 42 36 32 26 22 16 4 249 237 224 40 215 213 80 83 86 90 100 111 121 134 144 159 3 16 24 29 33 34 64 53 41 25 7 248 127 239 56 53 114 224 218 99 37 213 210 100 106 112 116 217 237 88 95 93 83 75 78 4 12 16 20 27 38 56 73 81 84 86 88 94 88 90 92 177 177 96 178 98 179 183 183 187 190 191 195 199 202 202 205 208 209 203 125 218 208 208 207 222 127 204 220 220 217 121 200 118 115 214 112 45 47 113 113 49 112 188 108 186 186 186 186 104 183 182 100 176 95 89 79 70 139 132 130 127 129 133 139 143 149 153 155 155 154 154 154 41 49 51 54 172 173 177 180 183 183 184 184 185 184 184 184 186 187 189 84 192 192 113 191 85 87 110 103 179 92 83 155 69 67 147 68 50 54 72 58 153 61 63 66 70 163 75 78 172 86 175 174 89 92 84 76 59 125 29
151 152 152 153 152 75 152 152 152 152 152 152 152 161 154 154 76 73 163 75 152 153 152 152 154 154 154 154 173 76 154 154 154 153 154 154 154 154 154 76 151 72 148 67 143 142 177 66 65 62 57 52 47 41 34 27 19 11 0 245 232 221 40 215 34 34 81 87 94 107 119 133 143 156 255 12 23 142 142 64 61 48 31 11 255 248 242 242 236 233 227 224 218 34 101 100 101 102 105 110 116 218 240 7 124 123 111 95 95 106 107 104 26 15 31 51 68 82 170 87 89 89 90 174 175 174 174 175 176 101 180 182 186 186 189 188 195 198 199 202 205 199 210 213 215 216 129 206 206 206 128 125 124 122 197 219 120 119 117 192 211 212 48 192 113 50 52 112 186 188 111 188 109 106 46 45 100 99 95 90 159 75 144 143 142 142 143 147 151 156 163 166 166 166 164 165 165 165 168 170 174 176 179 181 186 188 187 187 189 189 187 187 187 81 190 190 190 87 116 90 194 191 89 110 104 101 93 88 157 73 70 49 147 147 149 151 151 151 63 65 67 72 163 165 82 86 89 175 96 173 172 164 76 59 47 28
151 153 151 154 152 77 152 152 152 152 152 152 152 161 154 154 154 76 151 167 169 169 154 154 154 154 154 173 173 175 175 175 177 177 154 154 154 154 154 154 77 151 74 147 71 68 144 144 68 66 63 61 56 47 38 30 21 15 7 251 240 229 222 218 215 34 81 85 89 104 118 134 141 154 255 12 24 30 67 65 58 50 32 16 2 250 245 243 238 235 229 223 218 214 99 100 212 100 104 107 113 214 235 19 148 149 63 122 120 128 120 108 28 15 25 44 64 79 83 87 89 90 92 94 174 173 97 98 174 177 180 180 183 186 188 191 192 193 196 199 203 209 211 211 213 216 217 219 219 220 219 218 217 123 214 215 214 119 117 116 189 188 190 50 116 191 191 113 112 51 113 52 111 183 180 46 179 100 95 92 161 81 151 148 151 155 156 161 165 47 173 174 174 175 176 176 176 178 180 65 184 186 114 190 190 191 81 116 81 116 82 83 83 84 191 192 192 193 91 195 195 117 113 110 104 100 92 89 159 152 149 145 54 57 150 150 151 62 153 66 71 73 77 80 84 88 98 92 99 94 98 87 75 61 47 29
75 72 72 151 151 156 78 151 152 152 152 152 152 162 154 154 165 79 79 167 78 169 170 81 154 154 154 153 150 78 150 150 149 150 154 154 154 154 154 154 154 80 76 76 148 148 75 72 71 69 67 65 59 50 43 34 25 16 8 255 245 234 228 223 218 34 34 84 86 102 118 133 141 154 255 12 24 31 69 141 65 54 37 22 9 254 248 244 240 236 229 224 218 214 98 214 30 30 102 107 110 116 228 24 69 88 81 142 143 148 135 120 36 28 17 31 54 75 82 85 90 92 93 94 172 96 172 172 174 103 178 179 180 182 183 183 190 191 192 196 200 205 207 208 210 213 214 216 216 217 217 127 214 215 121 121 193 192 118 191 116 212 190 190 190 52 118 114 114 185 112 186 184 109 109 179 106 104 172 95 165 163 161 161 164 167 170 171 174 172 177 180 180 181 182 183 182 184 184 185 188 190 191 192 80 118 190 191 191 191 192 191 192 192 191 89 192 120 93 95 120 189 187 112 180 101 93 89 86 154 150 146 147 59 61 77 150 151 66 68 73 76 78 82 86 89 91 94 175 101 98 87 74 60 47 32
77 148 76 152 81 156 153 152 158 152 152 152 152 162 154 154 165 81 81 166 83 83 171 84 154 154 154 80 80 151 173 81 150 152 178 179 154 154 154 154 154 154 81 78 181 183 78 74 73 178 178 65 58 53 46 37 29 18 9 74 252 240 50 228 41 39 40 38 42 105 118 135 142 154 255 14 25 33 147 147 76 62 49 30 15 4 250 247 242 237 230 224 217 214 28 100 217 102 104 37 110 113 215 6 55 70 71 87 161 90 81 62 46 33 98 25 43 69 79 82 88 91 93 95 96 96 172 172 173 176 177 182 185 185 187 109 186 182 192 194 195 198 200 201 202 207 210 212 213 214 216 215 124 212 212 121 192 120 192 119 189 50 191 190 52 54 120 116 116 185 53 116 112 182 110 180 178 106 175 170 167 167 168 168 171 174 176 175 178 178 183 184 184 186 189 189 191 191 191 191 191 120 192 192 194 195 193 193 194 194 194 195 195 194 194 194 196 195 96 123 122 191 188 114 110 175 167 164 158 84 80 148 150 62 152 152 66 155 155 155 71 77 79 84 87 88 91 94 97 97 86 87 71 56 44 105
151 81 150 152 152 157 84 152 151 152 152 152 152 162 164 166 153 83 152 166 85 168 154 154 154 154 154 154 174 84 151 153 153 153 81 177 85 154 154 154 154 86 84 82 81 182 79 76 75 70 66 61 58 162 48 38 29 18 10 116 255 249 242 237 235 47 234 47 56 111 124 86 143 155 4 18 30 38 44 154 82 71 60 42 22 7 254 248 242 237 229 225 218 29 29 33 33 33 104 222 110 226 118 242 22 47 62 74 80 98 88 77 57 41 28 22 37 59 71 78 84 88 91 94 96 98 172 102 105 174 177 180 181 184 186 111 186 182 184 191 194 193 115 184 198 202 204 207 207 208 124 192 122 122 192 192 123 212 214 121 190 52 122 122 191 191 191 118 117 186 54 117 113 111 51 183 112 51 107 173 171 173 173 174 178 179 180 181 183 185 189 190 191 193 195 198 198 197 197 197 197 196 196 195 199 197 198 198 199 198 197 198 199 130 197 197 129 128 197 195 191 122 119 116 181 176 170 167 163 157 154 152 152 151 83 153 154 155 155 155 74 78 81 86 98 89 92 172 99 92 82 84 69 55 42 38
152 84 150 152 152 157 154 154 154 152 152 152 152 152 163 163 87 85 152 167 153 169 154 154 154 154 154 154 85 152 153 85 152 151 151 180 88 154 154 154 154 88 186 154 85 150 81 79 78 71 66 61 59 55 50 40 31 20 12 74 1 252 246 241 241 51 52 103 111 118 131 139 147 160 10 130 34 150 154 158 88 79 68 55 32 17 7 253 60 240 233 226 32 33 30 33 35 35 35 34 34 39 50 239 9 28 45 65 81 99 93 85 68 52 103 24 40 61 71 78 82 86 93 169 169 170 104 104 174 107 107 107 179 179 184 180 187 116 183 191 192 182 193 197 199 201 203 205 205 206 205 206 206 208 208 209 210 210 211 211 212 213 54 191 191 56 191 188 187 186 186 185 116 181 181 183 114 178 178 177 177 177 178 179 181 181 183 185 187 70 191 193 195 197 198 87 133 201 200 90 200 200 199 199 201 201 201 201 201 201 131 199 100 133 198 202 132 102 132 198 193 96 119 118 115 177 105 168 95 158 156 87 153 153 69 153 155 155 156 88 75 78 84 164 88 91 94 102 98 94 85 82 67 57 114 109
152 153 86 152 152 156 154 154 154 88 152 152 152 152 152 163 88 165 87 152 153 154 154 155 173 89 154 154 153 154 175 153 176 86 151 180 89 154 154 154 154 88 183 183 86 185 84 82 79 73 69 64 61 56 52 47 38 26 16 76 4 255 249 56 56 56 57 55 109 119 131 144 100 3 18 33 148 155 160 162 94 86 76 65 49 34 21 79 77 68 62 59 56 55 54 55 55 55 55 54 55 58 68 82 94 20 120 58 77 81 92 86 79 63 112 36 51 67 75 81 156 88 96 104 102 172 104 105 175 175 175 175 177 180 184 187 189 190 192 185 118 191 193 197 197 198 199 201 199 199 199 199 199 200 201 202 202 204 206 207 208 209 212 52 53 55 59 123 188 122 121 186 185 183 183 183 182 181 181 181 181 182 184 185 184 184 186 188 193 193 196 197 199 200 201 204 204 204 202 201 201 204 204 203 201 202 203 203 203 137 202 201 202 203 203 203 135 200 201 134 195 124 186 186 118 110 106 101 163 159 92 91 155 155 88 155 156 75 92 155 78 159 85 100 89 93 95 102 98 93 82 80 66 56 49 112
153 154 89 87 152 153 154 154 154 90 160 152 152 152 163 164 166 165 167 153 154 154 170 172 173 91 154 175 89 152 174 89 88 151 151 178 181 154 154 154 154 88 149 182 88 185 185 149 83 76 74 71 68 61 57 53 47 41 32 23 13 4 252 57 105 108 57 109 110 119 133 152 161 13 27 42 52 160 162 102 100 93 84 74 68 123 117 110 104 100 100 96 92 92 92 94 96 94 94 94 92 96 97 100 108 119 56 64 77 79 92 89 85 73 122 49 137 148 155 85 158 92 96 101 104 106 171 172 175 176 175 110 172 174 182 179 186 180 179 188 189 116 180 191 194 195 196 196 196 180 180 181 180 199 199 180 202 180 205 119 206 209 212 212 53 55 57 58 188 124 123 186 121 57 183 183 59 185 185 186 187 188 188 189 190 190 191 194 196 198 201 202 202 203 93 205 205 206 205 204 205 206 206 206 203 102 205 205 141 204 205 206 206 141 204 108 138 137 107 135 194 99 188 120 181 178 109 83 165 161 94 74 157 93 91 76 79 158 158 92 79 82 85 162 89 91 92 93 161 91 148 82 133 57 116 50
153 154 91 152 155 154 154 154 154 91 159 152 152 152 152 152 164 152 166 168 154 154 92 152 172 154 154 154 92 152 151 152 152 152 152 180 94 183 184 154 185 93 91 152 89 149 149 89 86 143 81 78 75 71 69 64 60 55 48 41 33 21 6 255 252 106 106 109 114 123 135 151 6 23 36 47 56 162 167 168 105 97 90 148 144 144 141 137 132 131 131 129 127 127 128 130 130 131 131 131 130 129 130 132 135 139 146 153 79 156 94 92 86 81 137 137 76 154 155 156 91 94 99 103 171 109 108 173 175 174 175 176 172 179 177 183 184 184 186 187 117 188 189 189 189 190 191 192 193 195 197 199 198 180 199 117 199 202 203 205 206 183 210 211 186 56 189 190 188 126 186 186 184 183 183 184 186 188 189 191 192 193 194 195 196 195 196 200 203 204 206 206 207 207 207 208 207 208 102 209 208 208 208 145 204 204 204 105 205 145 207 207 207 144 143 202 202 200 137 136 133 190 127 186 120 116 112 170 166 160 96 74 76 157 157 80 81 80 80 155 155 85 87 162 91 100 160 93 99 91 150 83 136 127 120 117
152 154 93 152 153 158 153 159 160 93 151 152 152 152 152 152 165 152 166 168 169 94 94 151 171 172 154 94 92 173 175 152 152 93 152 153 182 182 182 184 95 154 154 95 154 92 150 150 88 87 146 86 84 143 82 78 72 66 57 48 37 25 13 5 0 252 106 60 117 128 142 157 13 28 41 52 60 67 169 170 110 105 158 97 156 155 155 154 153 151 151 151 149 151 154 154 154 154 156 156 156 155 156 158 158 159 161 160 160 161 161 160 156 151 150 151 152 157 160 160 162 97 166 169 170 170 110 173 174 174 176 175 172 179 176 175 116 174 176 185 186 116 115 174 175 175 175 175 191 177 178 179 198 180 120 198 178 180 180 180 182 183 208 54 58 191 132 191 131 187 128 128 186 184 63 187 188 191 192 75 194 78 199 199 199 200 201 203 208 207 100 210 211 211 211 211 210 210 210 211 211 211 211 208 207 207 206 206 206 207 208 112 113 147 146 205 203 201 200 198 136 192 189 127 122 177 115 112 108 162 159 154 77 157 82 99 96 79 81 155 155 158 89 91 92 160 101 94 100 154 152 145 140 72 123 60
153 154 156 157 96 155 157 157 152 152 152 152 152 152 152 152 152 152 152 167 168 153 96 152 94 173 174 95 92 150 174 175 153 153 181 97 153 153 153 184 97 154 154 154 188 96 92 92 148 149 92 148 149 89 86 143 80 71 60 53 43 30 24 10 1 55 107 61 121 81 147 108 20 35 47 58 64 69 171 75 113 111 165 106 164 164 164 162 75 165 164 163 163 166 167 168 168 169 167 167 167 168 168 169 172 175 175 174 174 117 116 115 169 110 165 96 98 167 166 164 106 101 169 171 115 111 172 173 173 174 175 177 175 179 177 119 118 182 120 183 174 184 185 186 187 188 188 189 190 119 194 194 196 199 198 198 201 202 203 205 127 182 209 213 58 61 63 192 192 132 188 131 187 185 187 190 71 194 195 196 196 199 202 202 202 204 205 207 210 211 211 153 211 212 212 107 213 212 212 213 213 212 154 208 209 209 209 209 208 209 208 205 148 114 207 207 145 201 143 141 138 135 132 130 125 180 176 173 170 165 161 156 80 159 101 100 155 153 81 155 84 90 91 93 161 160 160 159 101 156 153 90 84 135 127 124
153 153 97 152 152 152 151 96 151 152 152 152 152 152 152 152 152 152 152 151 152 153 154 154 154 96 152 94 93 149 148 175 177 179 182 154 98 153 154 99 99 155 99 155 99 97 94 150 149 190 151 95 192 94 92 88 84 74 64 55 46 32 23 7 0 55 111 66 131 92 159 19 33 45 58 163 69 75 173 117 116 171 114 168 112 167 168 168 168 171 170 170 171 172 173 175 177 121 176 176 176 177 179 179 179 124 178 179 180 179 177 120 174 171 170 167 170 174 172 171 170 171 174 175 174 171 171 173 174 119 177 179 121 179 180 120 117 180 184 118 117 182 182 184 184 185 186 188 189 191 191 174 193 194 175 196 177 202 180 205 209 209 182 210 57 60 64 192 136 189 188 65 132 189 189 192 76 197 198 198 202 203 204 205 206 207 97 100 211 103 104 213 214 212 212 109 158 213 214 160 159 157 157 212 211 209 209 209 117 156 152 206 206 205 207 152 204 202 145 198 112 136 107 134 128 125 122 176 171 167 165 160 158 161 159 159 101 153 153 99 86 89 92 161 161 97 105 105 104 160 155 148 140 138 132 72
153 99 155 158 159 100 153 100 153 152 152 152 152 152 152 152 152 152 152 152 152 153 154 154 154 99 98 96 149 172 149 151 177 150 152 154 155 154 154 154 157 102 190 192 102 190 99 97 98 151 98 98 151 98 95 93 89 80 68 56 47 31 19 6 54 55 114 126 140 151 163 24 39 51 62 71 168 76 174 120 119 172 173 119 170 171 170 170 172 174 172 173 175 176 179 180 181 128 182 183 129 183 183 184 130 182 111 112 129 126 123 110 126 178 178 178 179 178 177 175 174 176 119 120 121 173 119 175 176 175 177 121 178 177 179 180 119 179 174 118 180 115 114 181 118 184 185 171 171 189 190 119 172 172 174 195 198 124 203 204 127 207 183 184 211 60 65 68 69 137 136 65 68 70 192 75 196 199 200 202 150 91 207 208 208 207 99 102 211 209 106 109 110 111 215 214 214 214 215 162 212 212 212 212 117 118 119 120 158 212 209 208 209 207 207 207 206 204 145 144 141 137 190 136 129 182 125 124 119 169 167 165 163 163 107 88 158 100 153 154 154 89 94 161 98 107 160 98 98 107 103 96 144 140 79 74
152 151 153 158 156 102 159 154 154 152 152 152 152 152 152 152 152 152 152 152 152 152 154 100 151 174 102 99 149 173 152 152 152 152 180 104 154 154 154 154 187 103 190 191 103 154 154 154 101 191 99 149 151 99 97 95 91 83 70 58 47 32 20 9 5 57 118 131 145 155 167 30 44 57 64 73 76 78 81 174 174 174 124 175 121 171 172 173 175 124 123 174 94 179 180 105 183 183 109 110 184 184 186 134 186 134 184 185 133 183 182 183 183 182 182 184 186 133 131 129 127 177 178 178 124 120 174 175 178 176 124 172 173 121 172 178 122 179 120 169 179 115 169 169 169 169 169 185 120 119 190 122 193 174 173 194 197 198 203 204 207 207 211 131 209 59 186 66 68 138 187 185 68 69 75 78 84 199 199 89 92 95 97 156 99 157 208 101 158 104 212 212 111 215 114 216 215 117 118 164 213 213 159 115 209 209 209 209 121 161 157 121 121 119 122 123 121 150 117 147 144 190 111 138 133 132 128 103 175 119 168 167 165 165 161 158 106 102 153 153 154 90 93 160 97 98 109 108 107 104 103 98 91 88 80 72
154 155 155 155 158 103 151 158 153 153 153 153 153 104 152 152 152 152 152 152 152 152 171 153 154 174 175 104 101 173 102 152 152 152 181 183 105 154 154 154 187 155 189 154 153 154 154 154 101 191 151 152 152 102 100 97 94 84 72 61 49 34 22 13 10 112 122 135 149 160 169 33 48 59 66 75 76 78 81 125 174 86 89 126 175 90 91 174 175 177 176 175 97 180 104 184 110 111 186 185 186 186 186 185 186 117 118 186 136 185 185 122 123 185 126 192 193 140 136 133 180 129 178 178 175 176 177 177 178 126 126 175 174 173 173 176 121 177 177 177 168 169 170 170 183 171 169 169 186 189 123 192 176 127 125 171 196 198 201 128 203 207 210 183 211 60 64 187 187 187 138 185 187 73 193 79 82 199 201 90 204 96 100 160 208 208 208 208 105 105 212 212 113 215 115 117 117 117 118 164 213 118 161 209 209 209 209 209 120 120 208 207 156 120 123 123 154 119 118 148 145 191 139 139 137 134 182 178 126 171 121 119 168 168 113 110 108 104 153 153 154 93 96 110 109 157 110 109 108 105 104 99 93 88 81 72
155 155 155 155 155 155 105 159 154 154 154 154 164 106 152 152 152 152 152 152 152 152 152 154 154 154 154 176 103 173 151 152 152 152 153 183 108 154 154 154 154 154 154 154 154 154 154 154 103 192 193 194 104 41 102 100 96 87 76 64 51 37 24 15 15 63 127 141 154 161 168 34 50 60 67 74 76 78 82 85 174 172 174 127 91 92 94 95 98 132 177 177 101 104 184 109 185 185 186 186 116 118 188 139 185 185 120 188 188 190 190 187 187 188 191 194 195 145 140 137 134 132 179 177 177 179 130 178 128 176 128 175 176 125 173 169 175 175 120 166 178 170 123 182 183 171 169 169 186 189 174 176 177 177 129 173 196 174 176 176 202 205 210 183 212 185 64 66 187 69 139 69 189 193 196 196 84 87 202 93 96 208 102 161 208 208 103 209 209 106 211 212 114 115 115 115 165 212 117 213 164 118 210 161 208 208 119 120 120 119 119 118 119 119 120 120 153 149 117 147 192 144 186 187 187 136 134 130 127 171 171 172 169 119 114 113 107 153 154 154 155 155 97 160 112 159 110 109 108 106 102 99 93 87 80 70
154 155 156 156 157 158 159 160 161 154 154 154 154 108 152 152 152 152 152 152 152 152 152 154 154 174 154 177 105 173 151 152 152 152 182 183 110 154 154 154 154 154 154 154 154 154 154 154 104 191 193 152 106 150 104 101 100 91 77 69 60 45 33 68 68 69 134 148 102 162 170 36 51 60 66 76 77 165 81 83 87 89 92 176 176 176 177 98 99 135 178 178 179 107 185 184 113 187 186 186 188 189 189 189 189 189 188 189 192 193 193 147 193 194 194 139 151 149 192 143 185 185 138 182 133 132 134 178 132 176 130 175 177 129 127 169 168 166 166 176 169 171 124 169 182 125 169 169 186 172 193 196 197 179 131 199 177 177 177 132 203 179 135 211 212 185 185 185 68 69 187 71 76 194 196 196 86 90 203 204 98 101 209 163 208 208 105 209 209 108 113 167 212 212 211 211 212 212 119 213 166 209 209 208 120 120 119 118 118 157 201 202 201 119 120 201 153 149 194 193 146 142 111 187 141 137 136 179 131 127 172 103 169 167 163 113 108 153 95 155 110 96 98 159 159 159 112 157 155 152 103 98 93 87 81 116
152 108 152 153 151 156 151 157 158 161 110 164 165 110 109 152 152 152 152 152 152 152 152 154 154 153 154 154 108 150 151 152 152 152 180 182 184 154 154 154 154 154 154 154 154 154 154 154 150 106 193 195 46 151 45 104 101 92 81 77 71 57 44 33 75 76 138 149 157 162 169 34 51 60 66 74 77 79 82 169 87 90 93 178 178 178 178 100 135 179 179 179 180 183 185 186 187 187 119 145 122 146 125 192 192 192 193 193 134 195 152 151 138 195 195 140 144 153 151 148 188 144 187 185 136 135 137 180 135 133 130 171 175 177 128 125 124 167 167 176 180 170 126 169 182 126 169 185 128 191 193 132 197 200 179 201 179 204 179 133 204 207 206 209 213 65 65 67 185 69 72 74 79 82 84 86 200 203 97 205 99 101 103 165 209 166 209 209 209 210 112 213 169 212 212 212 118 119 119 119 120 165 118 164 117 116 117 201 201 118 120 120 121 157 156 121 118 117 116 192 147 112 113 144 140 112 182 138 133 174 129 167 105 123 120 114 154 109 95 111 155 155 156 104 116 159 105 157 111 100 104 99 90 87 82 73
112 152 154 111 151 110 109 148 158 152 160 152 163 112 111 152 152 152 152 152 152 152 152 173 174 174 154 154 109 150 151 152 179 180 150 179 183 154 154 154 154 154 154 154 154 154 154 154 150 108 150 152 153 109 45 103 142 95 86 80 75 63 52 43 81 81 84 146 152 159 167 34 49 58 64 73 75 163 166 127 87 92 94 98 99 100 101 177 104 104 106 180 109 184 116 188 146 187 121 122 126 192 193 195 196 133 134 196 196 197 198 156 195 140 195 195 146 157 196 152 148 146 141 144 139 137 139 180 136 134 132 171 171 128 169 167 167 174 175 176 170 182 169 169 169 169 168 185 130 191 194 194 176 177 136 177 203 201 136 204 177 176 204 205 209 213 183 184 69 185 186 75 79 194 85 89 93 205 206 206 100 102 103 105 107 107 108 109 209 211 211 213 171 212 212 211 210 210 166 117 208 120 120 164 161 202 203 118 119 119 201 200 200 157 118 117 151 149 117 191 147 185 184 184 141 181 182 139 176 111 172 168 169 167 162 115 113 112 112 98 101 114 103 160 159 118 157 157 111 107 104 100 134 130 125 74
112 153 152 112 150 151 153 112 151 112 161 152 152 163 154 154 154 154 113 152 152 152 152 152 152 173 154 177 111 174 151 112 149 179 110 178 181 186 155 117 115 154 154 154 154 154 154 154 114 191 194 198 50 114 108 105 142 97 90 83 78 65 58 51 45 83 83 145 92 155 163 33 47 58 66 158 77 81 167 129 169 94 174 174 174 174 101 139 179 179 180 181 182 185 189 190 190 190 191 191 193 156 196 138 160 157 196 198 199 199 160 159 142 156 195 196 146 149 149 155 151 187 187 145 142 136 137 139 137 175 176 172 130 169 128 174 175 166 166 177 171 170 182 169 183 171 169 169 187 172 193 194 197 198 177 177 177 177 177 177 137 175 175 205 208 211 66 67 69 71 71 74 190 193 196 92 94 100 208 168 101 167 102 107 208 208 208 208 111 115 116 117 118 212 212 212 212 171 208 118 207 166 120 166 121 121 164 118 119 120 160 120 122 119 193 118 152 189 117 119 116 186 185 183 182 182 141 177 136 174 135 170 169 128 122 115 97 96 113 98 156 156 157 106 107 108 110 118 113 109 106 101 98 133 87 117
152 151 154 114 150 152 115 151 151 113 150 152 152 153 154 154 154 154 115 152 152 152 152 152 152 174 154 177 113 174 151 114 151 151 112 180 184 186 157 118 153 154 154 154 154 192 193 154 116 150 151 114 50 52 111 106 142 100 92 86 80 68 62 57 51 87 88 149 92 150 157 27 45 59 67 158 160 83 86 90 94 174 174 174 174 174 103 178 180 182 183 184 184 187 190 193 193 195 197 197 160 197 196 139 199 198 198 145 200 146 164 147 158 159 195 147 158 147 148 155 150 143 144 146 142 177 139 140 138 137 173 136 169 174 130 167 166 166 166 180 181 132 169 169 183 185 169 169 169 190 172 174 196 197 177 177 177 177 177 177 139 175 204 138 207 209 211 65 69 180 71 75 81 86 91 92 95 102 208 170 102 169 104 108 208 208 208 208 170 208 208 115 117 120 121 122 121 122 170 120 206 168 120 121 165 199 200 199 199 121 160 118 159 192 192 119 190 151 186 148 116 118 119 148 145 182 143 179 139 176 174 171 134 130 124 154 153 97 115 100 104 156 157 109 120 109 111 157 153 149 108 103 100 134 90 80
151 152 152 155 153 159 118 152 152 115 151 152 152 154 154 154 168 170 117 152 152 152 152 152 152 174 154 178 115 174 176 178 151 152 115 114 182 186 190 122 119 154 154 154 118 154 154 154 117 150 152 152 51 116 113 110 108 103 98 92 81 69 65 62 59 56 90 55 150 94 163 32 49 63 69 123 80 164 87 91 173 97 100 100 139 176 178 181 182 114 186 188 188 191 195 197 199 199 138 199 199 199 199 164 145 165 163 199 147 164 147 145 159 145 147 147 147 155 146 155 152 150 148 145 142 139 140 137 136 172 172 134 133 168 168 169 168 168 169 179 180 181 134 169 183 184 184 169 169 190 174 174 175 198 177 177 177 141 177 204 205 175 204 140 206 177 177 66 68 145 70 76 81 87 89 91 204 103 208 172 104 171 206 172 209 211 210 208 208 208 208 116 209 119 119 208 207 120 120 120 120 169 169 122 169 203 169 123 200 123 162 120 161 157 156 119 153 151 117 117 119 119 119 120 119 119 143 177 115 116 139 136 133 128 125 120 152 98 116 152 155 157 157 157 121 156 157 122 120 115 110 106 101 96 87 80
150 118 116 154 157 118 157 152 153 119 152 152 152 154 121 154 119 152 152 152 152 152 152 152 152 174 176 178 118 174 150 117 151 181 181 117 181 186 188 122 154 154 154 154 154 195 157 155 196 118 195 152 152 118 150 114 110 107 101 94 83 71 67 155 64 60 58 92 95 162 172 40 53 64 73 126 81 86 91 95 98 100 175 101 104 178 181 183 183 118 122 190 125 194 135 137 140 167 200 199 166 141 164 142 145 165 165 198 163 145 145 145 145 143 146 145 145 190 157 155 153 151 148 147 144 140 141 171 136 169 136 134 168 168 168 168 168 177 178 169 168 169 169 169 135 168 169 169 186 190 193 175 175 197 199 177 177 176 177 177 177 176 174 175 206 208 210 143 67 70 147 73 78 86 90 94 100 105 208 174 106 207 109 112 211 212 177 175 115 208 208 208 174 118 118 118 117 117 201 201 120 122 168 200 123 124 124 199 122 123 162 121 161 157 155 119 187 186 185 184 151 150 120 150 147 179 145 142 116 142 140 137 135 164 126 157 155 153 152 156 109 158 157 157 157 113 124 124 120 114 111 105 100 95 86 79
151 151 149 153 154 120 151 158 152 152 152 153 164 123 166 122 154 154 121 152 152 152 152 152 152 174 154 177 151 150 150 149 150 179 180 118 181 186 188 156 156 122 154 154 154 195 156 122 195 195 195 151 197 151 119 117 50 111 101 93 81 70 100 99 99 65 94 95 160 166 32 44 58 69 75 159 83 87 91 96 99 142 173 103 107 180 182 116 119 155 122 126 192 134 198 138 141 169 168 166 139 195 194 195 194 145 148 148 164 163 159 159 188 188 144 188 145 148 148 157 154 151 150 149 145 140 141 138 137 169 169 135 168 136 172 174 169 169 178 169 169 169 169 169 169 169 169 185 168 191 174 175 175 175 199 177 177 177 177 177 178 177 176 145 176 177 176 209 67 70 72 74 79 87 92 94 101 106 108 108 109 177 208 114 212 179 208 115 175 115 116 117 117 171 116 116 116 118 117 118 120 202 203 202 201 199 199 124 166 165 163 121 163 160 189 122 157 154 186 120 152 150 120 150 148 147 145 174 118 175 142 172 137 133 160 158 124 154 154 157 111 160 128 158 157 158 116 125 121 115 110 103 100 95 86 77
121 149 149 149 150 156 122 149 151 160 161 162 165 124 123 167 170 171 123 152 152 152 152 152 152 175 125 123 151 152 122 149 149 149 149 149 181 184 188 189 192 125 154 154 154 154 125 122 149 149 195 121 150 56 121 117 113 111 99 89 79 70 100 156 70 98 69 101 166 112 119 51 64 70 78 82 84 88 92 96 100 104 175 106 109 181 181 116 185 186 122 125 130 134 137 140 200 170 199 165 194 141 142 143 144 146 146 145 145 145 160 190 190 161 158 146 187 187 187 157 154 152 145 144 141 139 140 167 136 164 168 168 169 171 171 172 175 140 168 169 169 169 169 169 183 139 185 186 186 190 191 193 196 197 199 200 202 148 203 205 207 179 148 177 177 147 144 207 209 69 178 178 79 88 91 95 102 205 105 106 110 180 112 114 116 116 177 204 112 111 111 111 112 113 114 114 114 115 116 117 119 123 126 127 204 200 125 124 167 195 163 122 193 161 160 159 121 185 154 182 182 151 120 120 120 120 146 174 174 174 174 143 170 167 135 159 157 154 108 157 113 115 114 128 117 117 116 124 119 114 110 103 98 94 86 76
147 149 150 151 153 154 157 151 151 159 151 152 164 166 126 153 154 169 125 152 152 152 152 152 152 175 153 153 152 125 152 124 122 149 149 149 149 149 152 188 192 127 154 154 194 195 127 124 125 195 152 124 152 56 122 119 114 109 97 86 76 68 153 155 99 99 159 106 171 38 46 56 67 72 77 82 86 163 165 168 100 104 106 177 111 115 183 119 122 124 186 188 190 132 137 142 142 143 171 139 193 193 143 166 143 144 144 189 190 145 190 191 192 164 160 187 149 150 150 150 156 182 151 147 144 142 140 138 134 161 163 163 164 166 162 170 168 169 170 169 169 169 169 169 141 183 169 169 169 142 169 191 193 174 197 200 201 202 202 204 205 206 207 207 207 147 143 205 207 69 72 177 79 87 92 97 202 177 203 107 113 182 208 207 116 178 175 172 109 110 108 108 109 109 108 109 111 165 112 113 117 120 124 125 130 201 199 195 195 195 165 123 164 160 188 122 122 158 120 120 120 151 119 151 150 177 175 120 174 122 148 144 171 169 138 162 131 156 154 113 158 158 157 157 157 156 153 124 146 143 140 132 99 94 87 77
147 147 147 148 149 155 150 158 152 151 152 152 152 164 169 169 127 152 127 152 151 126 152 152 152 152 152 177 153 153 154 126 125 125 180 124 182 149 187 154 155 154 129 154 154 154 154 155 126 150 151 151 152 125 123 120 115 109 97 85 76 67 149 152 156 159 164 170 113 40 50 58 68 72 77 84 88 94 166 98 99 104 106 109 112 116 119 122 125 126 127 164 131 134 136 193 138 142 142 193 192 141 167 192 192 165 190 190 190 164 149 192 192 192 163 187 187 162 151 150 150 157 153 150 172 145 141 138 137 134 160 158 157 162 166 170 174 176 169 169 169 169 169 169 184 169 169 187 144 168 189 190 191 193 197 198 174 173 200 201 147 201 202 203 204 204 169 204 208 211 72 176 79 86 93 97 105 105 202 108 112 115 115 115 114 113 110 108 106 105 105 104 107 164 190 108 110 165 111 190 115 170 199 125 202 176 174 199 197 195 168 166 189 123 160 160 123 158 179 118 153 152 120 122 178 176 174 174 174 174 149 147 172 170 143 166 136 133 155 113 118 119 158 120 132 120 127 125 120 116 112 105 100 92 84 75
149 150 151 152 149 154 154 158 159 151 161 152 152 153 168 168 167 154 129 152 152 174 174 129 152 152 152 177 179 180 154 129 128 151 150 127 183 186 187 190 193 130 154 154 154 154 154 155 129 151 198 129 60 151 126 122 142 114 100 90 80 94 69 151 156 161 167 173 115 44 52 60 68 69 75 82 87 93 97 98 98 102 105 108 111 114 119 123 162 185 127 131 132 134 167 136 189 137 139 140 191 190 143 192 167 144 146 147 190 166 151 192 192 192 165 187 187 164 185 159 151 158 154 152 172 145 141 162 136 157 159 159 159 160 163 167 170 174 178 179 180 169 169 169 184 169 145 185 168 169 169 169 168 191 194 197 198 197 198 200 149 200 200 201 202 169 169 168 169 209 71 74 79 87 93 99 105 106 106 108 108 110 112 112 112 175 169 104 102 101 103 105 163 104 107 107 109 188 112 191 191 122 199 199 202 178 200 201 198 129 169 126 165 121 161 121 122 157 153 118 119 119 119 122 154 151 174 174 174 174 174 150 128 148 146 167 139 135 132 115 120 120 134 121 156 129 151 124 120 114 110 99 96 89 83 100
148 125 148 149 149 149 149 149 128 151 151 161 164 132 152 152 130 152 131 152 152 152 172 132 152 152 152 152 152 179 180 132 151 182 183 132 129 184 187 190 154 154 193 155 155 133 196 196 152 152 152 130 151 61 129 126 124 119 109 99 86 75 92 150 155 161 169 174 178 47 57 61 69 72 74 80 87 92 97 99 166 103 105 110 113 115 120 124 125 127 128 130 131 131 133 135 137 137 138 140 142 143 143 145 145 145 146 147 149 151 192 192 192 192 170 190 167 156 166 161 152 181 151 153 147 145 141 137 134 153 153 153 156 158 162 165 168 171 174 177 168 180 180 169 183 145 166 184 186 147 169 169 169 192 193 148 195 149 170 170 170 169 169 169 202 149 168 147 168 148 72 153 80 88 94 197 103 199 106 106 201 201 110 111 178 174 168 101 100 98 100 102 105 105 185 107 109 187 113 170 119 125 201 201 132 132 133 179 176 192 191 167 164 121 123 161 122 156 118 119 153 174 120 176 126 175 152 174 174 174 174 152 151 171 127 146 163 163 135 155 136 136 121 121 121 120 128 122 119 112 100 96 93 82 80 76
146 146 146 152 149 149 149 157 151 152 132 151 164 152 152 152 132 152 133 152 152 152 132 175 152 152 152 152 152 179 180 154 133 151 184 184 131 184 187 190 192 135 192 192 194 194 152 152 152 152 152 132 151 62 131 149 129 125 117 107 93 82 74 91 152 161 168 175 179 49 59 62 70 122 72 79 84 90 94 97 100 103 105 110 112 114 117 122 123 124 125 125 125 129 129 132 164 134 136 138 186 186 185 142 185 187 149 187 188 152 192 192 157 192 172 168 168 187 186 165 162 160 176 155 149 146 162 139 134 130 150 151 153 157 160 164 167 170 174 176 147 165 165 168 148 165 166 165 185 189 189 169 169 192 149 149 168 170 197 170 170 150 200 168 168 169 169 148 204 206 171 77 82 89 96 102 105 179 197 106 111 181 178 109 110 173 168 164 96 96 100 182 104 106 165 107 111 112 115 172 120 125 130 131 132 199 133 180 177 173 192 168 166 182 182 162 159 156 174 120 155 154 122 125 126 154 127 156 174 174 174 154 173 171 169 148 164 144 158 155 122 136 134 120 120 121 127 123 106 108 101 95 81 78 75 72
146 147 148 150 149 149 151 152 152 152 152 162 163 165 135 152 152 169 135 152 152 134 172 174 152 152 152 152 152 179 180 154 154 134 151 151 133 149 187 154 192 134 132 149 190 150 152 152 152 152 152 152 152 152 152 134 149 128 121 112 101 89 82 77 156 162 169 174 181 51 61 136 70 73 74 77 83 88 92 95 97 101 104 108 109 110 115 119 120 120 121 123 125 125 127 130 133 134 138 138 141 142 185 144 169 146 149 190 189 191 192 174 158 192 174 170 187 187 160 168 182 162 160 157 151 147 143 138 132 129 145 128 150 153 156 161 165 167 171 174 176 176 178 182 149 148 165 166 184 186 187 189 190 191 192 170 170 170 170 153 170 152 199 201 169 170 170 151 167 206 153 76 82 90 96 101 105 199 109 183 200 182 178 109 109 171 167 164 161 97 100 102 104 182 182 164 109 187 116 118 120 126 129 130 131 131 132 133 133 195 174 188 187 183 164 124 122 157 119 119 121 121 122 124 125 127 129 158 174 174 175 174 157 153 171 150 164 145 159 138 154 153 134 118 118 116 125 121 111 105 99 90 82 78 91 88
146 145 148 149 149 149 151 157 157 150 160 161 163 164 165 166 136 151 169 170 171 136 152 153 152 152 152 152 152 180 181 154 184 153 154 154 136 152 187 154 154 136 189 149 149 150 152 152 152 152 152 152 152 66 68 136 149 130 123 115 109 94 89 100 100 166 171 174 180 53 62 66 71 140 74 80 84 86 89 91 94 97 100 104 166 110 115 116 117 118 119 122 125 174 126 129 130 132 134 137 139 141 144 147 146 184 150 153 156 158 176 176 160 192 176 172 187 187 162 171 167 164 161 158 152 148 144 137 132 129 142 145 147 151 154 159 163 165 167 170 172 174 177 180 181 181 181 148 163 164 185 166 149 164 191 193 196 198 197 198 170 154 166 199 202 204 205 168 167 206 208 75 80 90 97 101 104 107 109 109 110 181 109 107 107 171 168 165 161 97 100 101 104 180 106 183 110 115 118 190 121 125 195 129 129 128 130 131 131 132 173 129 170 123 163 160 120 155 118 116 118 118 119 122 125 128 131 160 174 174 175 134 135 155 134 152 149 146 126 139 122 152 135 131 130 142 123 119 111 103 97 90 101 98 94 75
144 130 147 151 153 154 155 155 156 156 134 159 136 149 151 151 167 138 168 137 170 173 173 175 152 152 152 152 152 138 181 183 184 154 154 154 139 152 153 141 139 153 152 152 152 153 152 152 152 152 152 152 152 152 152 137 134 146 126 118 112 99 95 91 166 167 171 174 178 54 63 122 70 76 76 81 86 149 88 91 95 98 159 107 112 166 113 116 118 170 170 124 126 125 126 128 173 173 131 135 139 181 183 170 182 147 184 152 156 158 160 160 163 165 178 189 174 187 187 172 168 165 162 158 152 147 144 138 133 130 126 142 146 149 153 157 159 163 166 159 171 173 175 176 179 149 180 163 163 184 186 188 168 168 191 192 193 154 195 170 171 155 167 166 201 168 168 204 204 205 207 211 81 90 97 101 103 105 181 107 109 181 178 176 107 187 103 167 162 97 100 102 104 182 182 183 111 115 118 121 123 126 128 129 193 193 193 179 132 132 175 186 171 178 177 160 158 156 168 167 119 167 121 124 171 129 132 161 174 135 176 160 173 158 169 133 150 148 144 154 153 153 152 149 132 129 125 117 112 118 113 106 105 100 97 91
144 145 145 146 147 146 146 146 146 147 145 134 158 164 140 151 166 136 146 165 167 149 139 151 152 152 152 152 152 152 152 182 153 154 154 154 189 154 142 152 141 154 154 154 196 142 152 152 152 152 152 152 152 152 152 139 136 67 130 119 114 104 99 94 166 106 171 110 179 56 65 68 68 72 77 79 82 86 147 92 97 100 159 108 112 154 166 166 116 121 122 123 124 123 125 127 128 130 133 175 137 140 143 143 145 146 150 152 152 154 157 158 163 164 166 180 178 188 187 175 170 166 156 160 155 148 143 138 134 128 125 138 141 145 148 154 158 161 165 167 169 157 171 173 175 178 179 163 163 162 164 189 191 192 166 167 166 195 196 199 157 198 154 197 198 199 198 200 202 203 206 210 80 86 94 98 102 103 177 103 191 191 190 108 189 174 181 170 165 176 176 177 105 108 171 170 111 116 118 121 124 126 128 129 191 191 132 132 176 175 174 172 168 122 123 120 158 168 157 155 165 166 166 125 171 173 174 174 174 136 139 163 163 161 169 165 163 161 145 154 154 142 153 151 147 131 125 130 126 120 103 96 93 103 86 82
143 144 144 149 151 151 146 146 146 147 146 158 147 163 151 142 138 146 146 146 166 169 173 175 152 152 152 152 152 152 152 182 154 154 154 154 154 154 143 152 143 192 195 196 143 194 152 152 152 152 152 152 152 152 152 141 138 147 133 125 120 110 104 106 106 169 172 110 179 56 64 67 67 69 73 77 81 85 88 94 99 156 104 107 112 115 158 156 166 166 166 123 158 124 125 127 169 130 133 137 165 138 165 140 143 176 146 151 152 152 154 157 159 163 165 169 180 168 179 177 173 168 173 162 155 149 143 137 133 127 135 124 138 143 146 150 155 159 143 166 169 145 167 172 174 175 177 180 163 163 186 187 188 166 192 158 167 167 167 197 157 166 196 195 195 195 195 197 158 199 205 206 210 82 89 94 99 100 101 103 106 107 108 107 107 174 173 169 167 177 177 104 105 106 109 109 110 115 117 120 124 128 130 192 130 130 130 130 175 129 174 171 168 164 162 118 119 120 121 167 121 167 168 128 173 164 135 165 174 174 140 165 164 162 159 166 164 151 147 154 154 130 154 153 150 132 136 121 117 111 106 99 105 93 89 85
143 142 144 149 151 146 146 146 146 148 139 157 148 162 165 166 141 140 146 146 146 168 173 175 152 152 152 152 152 152 152 182 154 154 154 154 154 154 146 152 152 149 193 195 143 194 152 197 152 152 152 152 152 72 153 143 149 141 135 128 123 113 107 100 98 105 171 174 178 54 61 64 65 68 73 76 80 85 89 94 98 102 105 109 114 116 117 120 160 120 121 122 158 123 125 127 129 131 133 137 166 174 141 141 143 146 145 146 148 148 149 154 155 158 163 167 180 169 170 177 182 171 167 164 156 150 143 135 132 126 133 133 136 139 143 146 151 157 160 162 165 165 166 169 172 174 178 161 182 155 184 185 186 190 167 160 168 167 167 159 157 196 153 194 194 151 193 193 195 198 201 202 206 79 87 94 98 100 101 103 105 186 176 177 176 182 172 176 103 177 177 176 168 107 176 109 112 114 116 119 124 128 129 129 182 179 185 177 176 182 128 169 167 164 160 159 117 118 119 122 123 125 168 130 173 174 174 167 174 174 166 174 166 163 161 168 165 152 157 154 154 154 154 154 142 134 138 123 117 112 107 100 96 92 88 86
142 136 142 139 149 146 146 146 146 158 141 157 142 160 162 163 143 141 146 146 146 169 173 175 152 152 152 152 152 152 152 183 154 154 154 154 154 154 148 151 145 191 152 152 145 151 197 198 152 152 152 152 152 152 152 145 73 142 137 131 127 116 111 103 106 170 100 173 178 185 60 61 62 66 69 74 80 85 89 148 97 101 105 108 112 113 115 116 117 117 117 120 121 120 122 125 128 131 131 134 136 137 138 139 166 164 141 168 144 145 146 146 150 156 160 165 166 167 169 177 167 173 175 165 158 149 142 135 130 125 129 132 133 136 138 143 148 152 157 162 146 164 166 167 154 174 154 160 181 163 163 162 187 189 191 167 168 167 161 160 158 157 154 152 192 151 148 192 155 196 198 200 204 80 87 93 182 100 102 101 103 179 183 183 177 174 172 169 169 177 177 170 175 175 175 175 113 115 179 119 124 128 186 181 185 186 180 179 177 175 128 169 123 163 163 159 160 116 117 122 165 126 129 131 136 177 174 174 174 174 174 174 168 165 169 161 159 154 151 154 154 154 154 147 138 134 131 124 117 112 106 100 96 91 87 84
142 142 142 142 148 141 151 146 153 155 143 159 144 146 146 161 164 165 143 146 166 170 174 175 154 154 154 149 152 152 152 183 154 154 154 154 154 154 154 154 154 148 152 152 152 147 149 197 152 152 152 152 152 147 150 147 149 146 140 134 131 120 113 105 170 171 103 173 180 184 58 117 61 124 70 76 81 86 89 94 98 104 107 109 111 112 113 113 114 116 118 155 158 119 159 124 129 166 133 164 164 137 167 141 169 168 168 168 169 162 166 146 150 155 159 164 165 166 182 178 169 174 171 167 160 150 142 133 126 127 128 127 129 131 134 138 145 149 155 159 163 164 148 167 169 172 175 177 180 183 184 185 186 160 189 192 193 194 160 192 194 157 154 152 190 191 149 191 154 155 198 159 204 210 88 94 98 100 182 182 103 181 183 106 178 175 176 171 175 106 109 109 176 173 177 113 115 179 118 119 122 125 128 128 131 130 132 132 177 128 174 171 168 165 163 158 160 160 161 122 126 128 164 133 141 174 141 176 176 172 174 174 170 143 166 163 160 154 156 133 151 135 134 146 138 135 130 124 118 111 105 101 96 91 88 85
142 142 142 142 148 142 149 153 153 155 145 159 148 146 146 146 146 146 146 146 167 170 151 176 154 154 154 151 152 152 152 183 154 154 154 154 154 154 152 191 192 153 196 198 198 150 150 198 152 152 152 152 152 152 152 149 149 147 143 139 133 124 118 110 107 105 106 177 182 186 121 64 124 124 127 131 82 88 91 96 99 102 106 109 112 113 112 112 113 114 115 117 119 121 157 124 130 166 134 165 166 138 140 169 169 169 169 169 169 166 166 166 149 155 158 160 161 164 168 181 178 175 171 166 160 151 141 130 123 120 124 126 126 128 130 134 140 143 149 154 159 162 164 165 167 170 171 174 178 159 182 158 184 187 188 191 164 159 159 189 156 190 188 150 186 187 150 190 193 154 198 160 205 209 89 95 177 98 100 181 181 105 181 180 178 177 176 175 176 105 108 109 110 177 177 175 114 117 176 177 121 180 182 182 129 129 131 180 176 127 174 125 168 119 162 161 160 160 161 123 126 129 165 133 141 176 143 176 177 176 173 174 172 168 167 164 162 156 155 135 153 150 149 145 139 136 131 125 117 110 103 98 95 86 88 83
145 143 142 145 149 145 145 145 145 146 147 150 149 159 147 146 146 146 146 146 146 169 151 176 154 154 154 153 152 152 152 183 154 154 188 154 154 153 152 152 192 193 154 154 199 154 153 198 152 152 152 152 152 152 152 152 152 148 144 142 138 127 121 115 113 109 110 181 118 61 123 124 125 126 74 79 83 87 89 95 99 102 103 106 108 109 151 150 151 151 113 114 117 157 123 126 130 132 135 137 138 167 141 144 169 169 145 166 148 169 168 168 151 171 158 161 161 166 169 173 179 174 165 167 164 149 140 130 125 120 121 123 123 125 130 133 138 140 145 150 155 157 160 162 166 151 169 172 173 178 179 181 183 185 164 192 165 162 158 189 157 154 150 149 185 187 149 188 191 196 158 159 207 210 91 95 178 178 100 180 180 181 182 109 181 177 176 175 106 104 105 109 174 110 114 175 175 117 120 178 123 182 183 182 182 179 130 182 177 174 174 170 166 163 163 161 160 120 162 125 165 166 166 136 141 146 146 176 147 177 149 148 174 169 170 166 164 159 157 155 154 153 149 146 139 134 131 125 118 110 105 99 95 92 90 83
147 143 142 146 145 147 153 147 147 147 159 150 151 147 149 146 146 146 146 146 145 169 175 178 154 154 154 155 152 152 152 184 154 154 155 153 153 155 152 152 193 194 154 155 197 199 155 199 152 152 152 152 152 152 152 152 155 152 149 147 144 134 127 121 119 113 114 184 120 64 123 69 73 129 129 80 133 85 88 94 97 99 101 104 106 107 109 109 149 148 112 114 118 157 157 126 130 133 135 137 138 165 142 144 168 169 168 166 149 170 171 156 156 171 159 163 176 169 170 173 181 177 172 171 165 152 143 134 127 119 118 117 119 121 123 127 132 136 140 146 151 154 157 159 163 165 168 170 171 174 176 178 182 184 187 189 191 163 162 160 158 153 149 150 149 186 147 189 191 196 160 203 209 211 91 96 178 178 102 184 182 108 109 109 107 107 107 106 173 170 106 108 109 110 113 174 176 117 176 177 123 180 127 130 131 182 182 178 177 175 175 172 168 167 164 161 160 160 124 127 167 167 168 138 143 145 177 146 149 179 176 151 175 169 171 166 165 158 157 154 155 136 134 145 137 122 130 125 117 111 106 100 96 99 97 97
147 142 142 146 145 150 145 146 147 149 160 150 154 149 164 149 151 146 146 146 167 169 173 152 177 157 153 158 153 157 152 152 185 187 157 152 153 157 157 152 152 153 195 155 152 152 200 201 152 152 152 152 152 80 81 153 153 156 154 152 148 139 135 128 125 120 120 185 121 66 124 72 128 77 77 79 83 85 87 92 95 97 98 100 102 104 106 106 110 111 113 115 119 157 157 127 130 132 135 137 139 142 168 143 146 170 167 168 169 171 171 171 159 175 172 175 169 171 179 179 183 178 174 171 164 153 147 138 132 121 120 118 112 114 116 119 124 131 136 140 144 149 154 157 160 163 166 169 149 171 151 175 180 182 184 186 165 164 189 188 158 149 153 147 184 153 188 154 191 196 200 204 208 166 89 96 101 103 181 183 182 107 107 108 180 178 175 104 104 107 170 170 170 171 171 115 115 117 121 181 124 182 129 185 179 179 180 181 175 178 171 169 171 168 167 160 160 124 126 130 134 167 169 140 145 175 175 175 151 151 177 172 172 169 150 170 166 158 161 154 155 151 147 144 137 133 129 123 118 109 104 101 102 105 106 108
141 142 142 147 151 146 146 146 147 159 151 151 156 150 151 151 157 155 146 146 146 146 171 175 177 178 180 183 184 160 154 154 158 186 153 160 153 190 160 152 193 155 196 159 153 158 152 152 152 152 152 152 152 82 82 161 154 158 156 154 150 143 139 134 130 125 117 187 127 66 69 73 75 75 75 78 80 82 85 90 92 94 94 97 99 102 103 105 141 107 111 116 119 127 157 157 131 165 136 167 138 139 140 144 147 148 152 155 171 171 158 159 159 161 165 169 176 171 174 180 184 180 176 171 166 158 144 139 138 130 124 111 113 111 112 114 115 118 124 133 140 145 150 154 157 159 163 166 169 154 172 151 176 180 182 184 164 185 185 185 156 181 182 181 182 185 155 190 193 197 201 204 208 211 90 95 100 103 105 107 106 105 180 105 105 176 103 103 102 105 106 108 110 112 113 115 173 175 176 177 182 127 129 130 131 179 132 130 180 129 177 174 166 163 168 160 160 161 129 132 135 138 171 142 144 175 150 151 179 172 151 180 174 176 165 171 162 158 162 141 155 153 146 143 136 119 127 121 118 110 108 109 109 110 110 115
143 144 144 146 150 154 146 146 156 160 162 159 150 165 166 152 160 158 155 146 146 146 147 174 151 151 179 181 183 184 186 186 160 151 188 190 190 153 162 153 153 197 196 161 199 161 152 152 152 152 152 152 152 83 84 163 154 160 158 156 152 149 144 139 135 130 120 120 129 68 68 69 69 72 73 75 77 124 83 88 90 133 133 141 97 100 102 106 107 108 110 116 121 127 157 157 156 157 135 136 166 159 141 143 146 147 152 155 157 157 156 155 157 162 165 169 176 173 177 180 187 183 178 174 169 162 158 144 146 137 127 121 108 112 102 109 111 114 119 127 136 140 146 151 145 140 161 154 167 170 172 174 151 176 178 180 162 182 183 182 155 180 179 179 179 185 188 151 193 156 158 204 207 164 89 94 99 101 103 104 175 182 179 101 101 103 176 174 163 165 165 167 168 113 114 172 175 123 177 177 177 177 177 177 177 185 131 174 180 130 177 128 173 163 162 169 127 161 132 134 167 140 143 144 147 175 174 174 181 173 181 154 182 171 167 165 171 159 162 152 157 153 146 142 133 129 115 124 112 112 112 111 119 114 112 110
146 146 146 156 147 149 147 147 146 159 162 161 150 165 152 152 152 160 157 146 146 146 170 172 176 160 178 180 181 152 152 151 151 152 152 162 191 165 193 195 197 163 153 163 199 163 152 152 152 152 152 152 206 84 85 89 154 162 160 157 154 143 149 144 140 124 122 132 120 129 126 125 123 124 70 120 77 81 126 127 91 133 133 96 97 134 102 103 108 109 112 116 121 122 128 131 131 134 156 156 139 167 141 142 145 146 149 152 153 154 173 172 157 161 165 170 174 175 178 182 192 186 180 176 172 165 163 159 153 144 134 126 122 116 103 110 100 112 115 122 128 137 141 147 151 155 158 161 163 167 168 171 171 171 175 177 161 161 149 157 179 154 141 142 178 148 149 151 194 199 158 160 164 165 177 93 99 101 102 103 104 102 179 99 101 102 102 164 104 174 107 109 111 114 171 120 122 123 126 127 129 187 130 177 176 176 132 184 181 129 178 128 174 129 173 170 128 130 134 137 177 168 143 144 148 175 174 174 184 155 174 175 175 183 179 175 172 169 164 145 159 155 147 140 132 119 127 115 121 110 108 108 107 104 97 94
146 146 147 151 155 158 163 159 146 148 161 163 163 165 166 167 168 160 165 146 146 146 146 171 175 149 177 163 180 183 184 152 152 152 152 152 152 166 193 196 155 165 197 165 153 200 152 152 152 152 152 152 152 164 86 166 154 164 162 161 147 144 154 149 146 131 140 136 134 130 114 126 123 67 72 120 78 123 86 141 89 96 97 144 98 101 103 104 107 108 111 114 118 122 124 148 127 131 135 167 156 156 140 141 143 167 158 148 150 150 171 154 155 157 161 170 174 176 177 179 180 186 181 179 173 165 167 164 160 152 141 120 114 122 117 100 107 110 108 114 123 131 136 141 146 150 153 136 158 160 153 164 141 168 173 175 179 161 158 156 152 173 176 178 180 188 151 152 195 157 203 206 210 213 178 166 95 97 99 101 181 180 177 174 98 100 102 101 102 104 163 108 112 115 115 171 122 124 126 128 176 176 176 132 131 132 185 132 182 129 178 163 163 129 174 159 129 161 136 178 179 143 169 146 150 153 174 174 174 173 159 177 188 184 181 176 173 168 165 143 140 138 146 140 133 130 128 124 119 114 100 97 94 94 88 75
146 148 150 149 153 155 163 154 156 159 162 164 147 146 162 163 165 165 146 146 146 146 146 147 149 175 150 164 150 164 149 184 152 152 152 152 152 167 192 194 166 195 198 167 165 198 152 152 152 152 152 206 152 87 166 89 93 152 165 163 149 161 158 155 152 149 132 141 137 131 127 126 187 69 75 120 123 124 140 126 90 96 132 98 99 131 132 104 106 108 110 114 116 121 122 124 128 131 134 138 139 140 140 142 144 156 156 149 151 152 153 155 157 158 164 170 175 187 177 179 180 186 183 181 176 168 172 168 165 156 146 137 117 112 120 114 104 107 102 106 115 122 128 132 140 145 146 151 154 157 159 160 164 168 171 172 174 175 174 172 172 172 175 176 180 188 191 152 196 202 203 207 210 165 166 166 167 168 169 169 182 181 179 162 161 176 162 103 162 106 165 110 111 114 115 118 122 124 126 128 130 130 130 129 170 171 133 171 169 166 164 164 164 162 174 174 133 162 165 180 180 145 169 147 152 153 174 174 175 174 161 164 189 173 181 155 173 169 144 159 136 134 144 127 135 132 129 123 119 100 91 101 99 82 77 77
147 161 145 149 151 152 161 153 155 162 159 162 162 146 146 146 163 162 146 146 147 147 172 150 166 177 152 167 150 150 150 183 186 187 152 152 152 168 192 152 195 151 199 169 166 198 152 152 152 152 152 152 167 86 89 168 151 93 154 168 165 165 162 161 158 140 156 149 141 134 130 112 127 70 78 82 127 142 88 91 92 95 97 96 97 147 103 103 105 106 107 110 113 115 119 123 127 130 132 135 167 137 137 139 142 148 149 151 158 173 155 153 155 160 164 167 170 172 172 176 176 167 166 181 175 168 170 171 168 162 152 128 122 131 125 119 95 91 88 99 100 108 118 124 131 136 138 145 153 149 155 158 160 164 169 170 171 157 154 138 152 170 173 175 179 187 190 194 196 201 204 207 209 212 166 166 167 169 170 169 183 182 179 100 178 162 162 161 104 107 110 110 111 179 113 116 117 120 122 126 187 127 186 128 130 132 171 171 184 133 167 183 166 165 162 161 136 167 167 166 166 147 184 147 152 173 159 190 159 161 175 164 189 189 182 176 172 167 162 155 149 144 128 142 124 120 117 112 106 102 95 92 89 100 81 93
147 163 147 162 162 160 149 153 147 147 147 165 147 166 146 146 164 165 149 149 148 148 173 153 170 152 152 151 150 151 170 152 152 152 152 152 152 170 192 152 195 151 199 171 168 198 152 152 152 152 152 151 168 206 152 151 169 93 152 153 171 169 166 144 144 144 144 156 146 138 132 113 132 115 80 84 88 143 89 90 93 94 96 94 97 100 103 103 103 104 105 107 109 111 115 118 122 127 133 135 149 167 139 168 152 154 150 152 156 154 174 154 156 158 162 163 166 168 170 172 173 175 182 180 176 156 171 174 172 167 141 152 145 117 131 126 102 116 106 98 91 96 105 111 120 127 132 138 147 149 149 151 154 157 163 164 165 167 168 169 153 132 169 174 180 185 188 192 196 201 203 206 209 164 166 166 100 171 171 188 185 102 180 100 161 103 105 180 178 159 108 108 110 179 112 115 117 120 124 126 128 128 186 168 130 133 134 188 185 166 133 135 136 136 181 162 139 186 167 166 166 147 184 148 152 156 157 171 159 161 163 164 165 187 183 178 172 165 161 153 146 146 126 127 128 126 125 118 113 108 103 100 100 89 83 80
164 162 145 147 145 162 143 145 154 157 166 158 160 168 146 146 146 147 149 150 152 172 174 175 152 173 152 152 152 184 185 153 153 152 152 152 152 152 151 152 196 151 199 173 150 199 152 152 152 152 152 171 170 152 153 173 173 152 154 155 102 172 169 166 146 147 166 159 151 142 116 134 74 78 80 83 85 87 140 88 91 91 93 92 91 91 94 121 97 100 101 102 104 109 111 115 119 126 131 136 137 139 149 142 145 148 149 150 151 153 154 152 154 155 157 160 162 163 164 168 171 173 174 179 176 174 171 173 173 170 165 158 150 143 117 113 107 103 111 99 89 92 96 104 112 119 121 126 131 138 143 147 149 151 157 161 132 164 152 165 166 166 169 173 180 183 186 192 195 200 201 204 208 213 96 100 170 106 192 105 186 103 182 161 181 161 161 161 160 108 179 106 107 109 110 112 114 117 119 121 123 126 128 130 130 130 131 132 133 185 133 134 135 163 163 183 141 144 145 166 166 186 165 149 152 157 171 171 171 171 162 189 162 185 181 177 172 167 160 154 130 129 131 132 133 133 132 125 120 116 111 108 106 102 98 97
142 142 163 143 145 146 146 145 145 146 146 146 160 170 161 146 164 167 151 172 153 175 174 178 152 152 180 181 182 183 184 186 175 152 152 152 152 152 151 152 196 151 200 175 173 151 152 152 152 152 153 173 208 154 154 154 154 154 154 154 154 175 174 172 149 171 170 161 152 143 137 191 113 76 78 79 80 83 84 84 88 91 91 139 116 118 122 126 126 126 127 126 126 125 122 125 117 123 127 133 135 138 141 141 144 148 173 172 168 145 147 144 145 150 144 145 168 155 155 160 161 163 170 171 171 171 152 151 173 170 145 162 156 150 145 141 134 129 114 99 95 87 92 96 103 109 111 114 117 125 133 137 140 142 147 153 156 161 163 163 163 128 168 173 179 184 187 192 151 198 176 202 209 164 165 101 106 173 193 167 187 186 185 161 182 105 161 106 105 105 107 155 108 178 110 158 158 116 178 158 121 124 126 163 162 185 163 186 186 133 163 184 163 162 138 185 143 166 166 147 148 188 150 151 154 159 194 160 162 162 190 187 159 185 157 175 171 167 140 135 135 135 136 144 159 136 135 129 144 119 117 114 111 131 109 108
146 166 145 170 146 148 148 149 171 146 146 146 146 145 146 146 146 165 170 171 175 177 175 178 152 174 178 173 149 181 173 150 186 188 152 152 152 152 151 152 196 151 200 179 177 152 204 154 154 154 153 176 152 95 154 154 154 154 154 154 154 178 176 174 149 102 98 88 195 138 188 188 189 135 74 74 75 79 81 84 88 90 118 124 131 136 140 143 147 149 149 150 145 141 159 131 129 122 125 129 132 135 138 140 141 143 147 148 168 164 140 145 148 148 150 151 150 146 142 160 134 151 161 167 169 172 172 173 173 171 169 141 161 156 127 146 116 136 116 100 95 85 88 89 95 101 106 108 110 115 124 128 133 138 142 145 151 155 158 157 161 162 166 172 177 182 186 190 151 198 154 202 208 210 214 101 105 107 193 107 189 188 187 105 184 160 184 157 105 156 156 155 155 155 157 114 115 156 116 120 123 162 162 163 162 164 163 133 185 162 163 163 164 163 161 187 144 166 166 167 167 190 165 153 156 159 193 187 154 155 156 157 157 156 154 149 149 146 163 140 139 138 138 139 137 147 159 153 124 121 120 116 139 112 110 134
145 168 142 146 152 175 149 149 149 149 159 173 172 146 146 163 164 146 147 170 171 174 173 176 151 175 177 179 181 182 176 150 151 151 151 190 192 179 152 152 197 151 200 180 177 201 203 205 207 180 209 208 152 96 97 98 100 100 101 104 107 179 150 175 102 94 198 138 176 181 182 183 186 186 187 185 187 76 79 84 115 120 127 139 149 156 162 165 169 170 172 168 166 159 151 145 141 135 160 133 133 131 137 166 140 141 145 169 144 147 155 160 164 167 168 168 168 164 185 149 146 146 143 164 165 167 169 173 173 172 171 143 167 162 156 125 121 141 124 79 98 71 85 85 89 94 96 99 104 103 111 119 122 127 133 139 143 146 149 152 154 161 165 169 135 137 183 147 194 198 180 202 206 158 211 100 104 105 106 106 191 189 189 185 105 106 185 183 156 156 108 179 108 110 112 115 182 181 117 120 124 128 189 130 189 132 189 161 160 136 140 190 164 164 164 189 146 148 165 164 166 153 193 155 168 168 165 156 160 160 183 153 153 152 175 170 145 166 145 139 146 138 165 163 147 145 147 154 126 124 121 144 142 114 112 139
145 170 142 173 153 149 149 149 149 175 173 174 146 160 146 147 146 146 148 147 168 170 149 174 176 175 146 146 180 183 178 150 151 151 151 190 192 180 194 152 197 151 200 182 179 149 201 202 206 182 178 207 151 96 96 98 99 178 150 104 107 181 105 102 161 192 137 130 97 175 128 179 183 184 182 127 183 75 81 113 127 137 149 163 170 155 180 165 186 184 184 182 178 174 167 163 160 153 149 144 139 141 144 147 146 146 147 154 161 167 174 181 185 186 187 188 188 183 177 167 164 157 151 147 142 141 168 170 144 145 147 171 171 167 132 155 124 147 137 95 79 101 70 68 86 89 93 96 98 76 103 109 114 119 125 131 135 140 145 147 150 158 165 166 173 178 183 188 193 197 200 203 205 208 212 213 214 101 104 105 163 108 106 187 184 104 106 107 107 182 152 178 177 107 111 113 115 115 118 122 124 128 129 131 131 131 131 133 160 137 139 141 141 143 144 144 163 148 165 150 153 153 193 156 159 162 193 158 188 153 183 178 150 151 149 170 144 166 146 167 146 146 148 162 161 157 156 127 145 153 151 120 144 116 115 142
145 172 144 148 152 178 148 149 149 178 176 146 175 145 163 150 150 149 148 177 145 170 178 174 176 175 145 176 148 148 148 149 150 188 151 151 152 152 152 153 153 151 200 184 182 149 179 202 206 209 182 151 180 149 149 151 151 151 151 153 181 103 94 198 185 178 177 132 100 100 100 100 130 180 128 180 182 186 85 99 143 152 168 178 181 184 189 192 195 195 194 191 188 187 185 208 174 171 168 164 161 164 165 164 164 165 169 178 186 191 197 202 206 205 205 206 205 203 227 189 184 173 165 188 177 171 166 167 169 142 145 146 172 169 166 130 156 153 119 138 94 83 75 71 86 88 89 93 95 99 99 103 108 111 117 123 129 135 139 142 148 155 162 126 173 178 183 186 190 194 198 198 200 205 209 210 211 101 102 104 104 104 103 105 184 153 153 103 106 108 181 108 180 109 111 113 115 117 119 122 125 126 127 128 129 129 156 133 136 160 138 140 141 143 191 145 147 150 195 163 164 155 156 156 156 155 153 152 152 149 148 147 175 146 145 168 143 137 146 166 145 145 144 146 161 146 157 146 156 154 152 150 117 147 116 116
142 143 141 146 147 148 148 158 151 150 180 148 148 163 180 166 168 181 148 179 145 171 180 172 178 177 145 176 181 151 151 183 182 151 151 151 152 153 153 153 154 183 200 184 182 149 150 150 204 207 183 208 182 209 150 183 151 152 152 184 98 198 187 179 175 174 102 102 133 100 100 100 130 96 128 97 98 107 124 118 157 171 166 193 197 201 203 205 207 206 235 201 230 226 223 187 216 182 180 179 178 179 179 178 182 182 187 194 200 204 209 225 215 215 215 214 245 241 237 231 226 218 209 166 187 144 139 136 168 139 143 145 171 138 168 164 128 157 156 149 107 128 83 77 70 68 88 92 95 73 72 99 103 106 111 118 124 129 134 139 111 157 162 165 173 178 182 184 188 192 195 196 197 201 206 208 209 210 210 212 211 99 101 103 103 103 103 103 106 107 107 109 182 110 112 115 184 151 119 122 125 156 156 129 188 156 132 133 136 136 158 158 158 143 192 160 148 151 152 163 154 154 153 153 151 185 147 144 144 174 143 144 146 171 143 168 144 145 166 146 163 159 143 144 145 124 145 145 155 154 147 154 120 119 116 147
141 141 141 146 151 148 148 157 160 183 148 160 162 148 148 166 182 181 168 181 179 145 180 145 145 145 146 145 183 185 187 188 185 151 151 151 193 153 153 153 153 186 201 186 184 201 187 185 150 151 151 151 151 151 153 153 154 190 109 177 195 145 137 133 100 100 102 180 102 180 102 136 132 98 99 101 82 125 142 158 174 165 174 199 203 205 207 210 210 209 240 237 234 197 194 191 190 189 188 221 189 190 187 189 189 192 196 200 217 209 226 229 216 216 251 249 247 243 241 235 231 224 215 174 201 152 177 171 135 137 139 140 139 141 142 165 128 161 137 155 115 138 95 87 76 71 70 71 72 73 72 72 101 102 108 114 120 127 133 138 147 155 161 164 173 176 178 182 186 188 189 189 192 195 200 202 204 204 204 207 182 205 207 208 99 100 100 103 106 148 148 108 182 148 114 185 117 151 120 123 156 190 129 189 130 132 133 189 134 137 158 158 158 143 146 147 148 195 151 153 152 190 187 148 184 182 177 142 142 142 145 145 145 145 143 168 143 143 165 145 161 142 158 156 122 123 156 121 145 148 122 122 150 153 116 149
141 141 141 146 151 148 148 182 156 156 145 159 160 161 164 166 184 146 168 183 145 146 183 181 145 145 181 177 182 183 185 151 151 152 152 151 193 151 151 151 197 187 201 188 186 201 189 187 151 150 151 151 102 187 153 108 155 108 101 161 179 106 106 106 107 108 107 104 103 104 104 104 101 100 103 109 126 147 159 172 165 176 200 204 208 211 212 249 248 247 244 241 202 199 197 194 228 191 190 226 187 189 190 192 202 198 212 217 223 212 213 233 253 216 217 250 249 245 243 237 235 230 223 217 210 198 187 178 137 134 168 133 136 138 139 166 164 139 127 160 153 110 106 137 83 76 72 72 72 73 72 72 98 102 107 112 119 126 134 140 109 153 161 163 168 173 176 179 183 184 185 186 188 190 194 196 197 198 200 203 204 180 205 179 207 99 145 102 104 107 148 148 149 150 116 186 151 152 153 154 190 127 156 190 155 190 154 154 155 156 156 142 159 144 145 147 159 194 151 193 191 189 152 150 183 180 142 142 174 141 141 142 141 142 132 132 165 142 142 140 142 142 158 144 123 158 142 144 121 149 151 152 120 154 149 151
141 141 141 146 151 186 148 184 145 156 183 145 145 145 164 166 187 184 168 184 168 171 149 175 185 145 175 178 149 150 183 186 152 189 189 191 192 151 151 151 151 151 202 190 188 202 191 189 151 151 152 151 151 103 106 106 106 183 167 157 113 124 126 127 129 129 127 124 122 119 119 118 118 120 121 132 148 167 177 187 193 185 205 195 200 212 215 214 251 212 248 243 203 238 236 233 232 191 192 192 198 230 192 194 208 213 204 221 227 229 233 217 217 217 255 252 250 209 245 240 238 233 227 183 216 205 196 186 173 169 131 130 132 133 134 135 136 136 163 160 156 114 148 142 95 84 77 73 73 73 73 110 97 100 104 112 119 125 131 137 144 151 159 162 164 168 171 174 177 179 180 182 184 187 189 191 193 195 199 201 202 179 201 203 205 99 180 102 146 108 109 186 115 187 116 119 122 156 194 155 192 128 194 193 131 154 155 193 153 136 139 140 144 156 157 148 149 158 195 193 192 189 189 187 183 181 179 138 172 140 171 169 139 139 140 141 140 162 123 141 161 123 142 144 159 158 118 144 147 149 120 152 158 156 115 115
141 141 141 146 151 188 148 155 185 156 185 145 145 145 163 147 148 185 167 185 169 170 172 150 190 187 146 147 148 182 148 186 151 189 190 150 192 151 151 151 151 197 201 191 200 201 206 205 206 208 209 151 151 151 105 149 209 177 170 129 135 152 154 157 156 157 154 150 185 135 135 135 135 138 144 158 171 182 187 179 184 203 208 200 213 255 214 206 215 254 252 247 243 241 238 197 235 192 196 191 191 201 234 196 211 216 206 224 228 231 215 236 238 217 1 254 252 249 246 203 240 236 230 184 220 209 202 194 178 170 167 163 127 125 159 128 131 132 132 158 129 154 110 147 145 135 127 117 73 74 73 112 70 98 103 111 127 124 127 135 142 149 156 159 159 162 165 169 171 174 175 177 178 182 185 188 176 194 197 198 197 178 136 199 201 206 101 102 104 108 110 148 116 188 117 122 124 126 156 156 155 154 195 131 131 135 155 155 194 153 152 139 142 146 156 197 156 151 156 194 153 152 192 150 144 146 180 177 172 138 141 170 128 125 126 164 124 141 163 123 162 162 121 120 121 119 146 158 118 118 152 155 121 157 115 116
141 141 141 146 151 148 189 146 145 145 145 145 145 145 162 148 167 188 145 145 145 145 173 175 179 190 179 180 148 148 148 185 192 150 191 148 192 151 151 151 151 149 199 199 199 201 150 203 204 208 209 194 151 211 212 209 182 142 147 152 162 170 174 175 175 176 214 209 163 160 161 162 161 162 165 172 183 187 175 182 202 193 198 203 205 216 216 216 215 255 253 249 245 242 239 198 235 197 190 233 190 201 207 210 214 217 223 227 230 232 235 214 215 215 215 255 254 237 247 243 243 237 233 229 224 214 206 199 185 173 169 165 125 122 123 123 124 124 126 126 124 125 126 149 143 139 132 120 75 76 116 114 99 70 104 110 118 122 126 132 137 144 152 154 154 157 161 166 168 170 173 175 126 180 182 185 188 190 191 190 193 194 174 173 196 198 202 206 103 107 145 113 115 148 150 123 125 127 156 131 131 132 196 151 151 134 138 197 154 141 155 153 154 155 156 199 152 157 157 154 195 155 152 191 146 142 181 178 173 139 141 142 172 126 126 124 166 123 123 165 164 122 121 121 163 161 119 121 121 121 120 121 122 117 115 116
141 141 143 146 151 148 191 190 145 145 145 145 145 145 145 164 166 189 145 145 145 145 170 174 176 176 189 178 148 148 148 148 150 150 194 192 193 151 151 151 151 193 148 193 148 150 194 148 193 150 209 151 194 190 186 205 142 114 167 177 182 187 190 192 191 190 231 226 179 178 178 178 178 178 180 184 190 192 179 185 192 207 200 214 216 217 5 216 215 2 254 207 247 243 196 237 236 198 190 236 190 204 209 212 216 216 223 228 232 234 213 214 214 214 213 0 254 250 247 201 244 239 234 231 226 217 211 203 191 180 172 166 160 156 154 119 119 118 120 120 120 120 120 146 98 140 135 126 77 101 99 115 96 98 102 106 114 116 124 129 133 138 144 147 148 151 155 159 163 165 170 172 174 175 178 180 184 187 189 190 191 193 194 131 130 199 133 136 102 107 111 113 147 148 150 124 153 128 198 197 151 151 132 133 194 135 137 139 141 143 145 146 155 156 157 157 158 157 156 156 154 155 197 149 191 142 183 135 132 173 129 144 174 170 143 169 123 144 166 122 122 165 121 148 120 119 151 121 165 164 120 122 166 162 156 158
143 188 186 145 152 148 193 147 146 145 145 145 145 145 145 144 164 165 145 145 145 145 144 172 173 189 190 178 148 148 148 185 189 151 196 150 150 151 151 151 197 150 194 150 150 150 149 149 195 151 151 195 193 189 187 146 155 170 181 194 197 198 198 244 197 197 239 189 188 234 233 231 186 187 187 190 193 196 197 188 193 199 212 207 217 215 220 8 6 4 2 254 249 245 202 241 238 200 202 205 191 192 208 212 216 219 225 230 234 236 213 213 213 240 241 0 253 249 236 246 244 241 236 233 227 220 213 207 196 185 176 168 161 115 115 116 153 150 114 116 116 114 115 115 114 112 135 127 122 72 71 114 93 93 96 100 106 112 117 122 126 133 138 141 145 149 153 111 159 163 167 169 170 172 174 176 179 184 173 185 187 189 192 194 197 133 134 204 103 105 110 113 116 118 123 124 199 130 154 200 154 154 150 133 134 135 151 152 152 151 145 154 149 151 158 203 155 154 157 157 158 200 197 195 193 189 184 136 180 130 131 131 176 172 143 124 169 122 121 147 149 120 168 148 165 151 121 121 167 119 158 122 166 162 116 114
188 142 189 145 153 157 199 148 148 145 145 192 144 144 144 144 164 145 144 144 144 144 144 144 144 144 145 179 181 181 148 148 189 152 197 150 150 198 150 198 150 200 198 150 203 150 151 151 198 211 198 194 205 142 206 157 172 189 199 204 205 206 253 203 250 250 247 242 240 190 190 190 191 191 194 196 196 184 198 192 196 202 206 210 213 220 12 11 216 8 4 208 251 246 244 243 192 239 238 204 206 192 209 213 216 219 225 231 235 238 238 240 4 2 1 239 239 250 201 247 245 242 238 232 227 222 216 208 198 189 179 170 161 155 111 112 151 150 102 149 145 96 112 110 107 106 104 100 97 94 91 86 83 81 85 92 97 103 109 115 119 126 132 137 139 142 146 149 155 161 164 167 167 168 170 173 176 181 184 184 186 124 188 193 195 197 201 203 182 103 107 111 115 117 121 126 153 133 204 155 155 203 151 147 149 198 151 153 151 151 146 154 150 154 157 154 154 153 155 155 156 156 155 154 193 190 141 186 136 134 149 180 178 125 144 172 122 122 169 167 170 151 152 166 119 154 121 121 121 120 121 121 120 164 161 160
145 145 144 145 151 155 158 201 198 145 145 194 144 144 144 144 164 145 144 144 144 144 144 144 144 144 145 145 144 144 145 185 148 191 191 150 150 195 195 150 150 150 150 199 201 204 205 152 200 200 197 193 141 146 150 134 187 164 206 208 208 210 3 208 1 254 251 247 194 194 244 175 193 193 194 196 196 196 188 192 197 204 214 212 215 220 220 12 11 9 5 209 254 249 246 243 242 241 238 203 205 208 209 212 215 220 226 230 235 238 240 240 241 2 1 254 240 252 251 238 237 235 238 234 229 224 218 209 202 144 185 124 165 156 103 153 102 112 111 107 103 101 100 96 93 89 85 84 83 81 78 73 69 69 72 78 84 91 98 104 107 114 120 124 124 127 133 139 145 151 154 156 155 157 160 163 168 172 176 179 182 185 186 190 193 196 197 202 206 104 187 110 114 117 121 128 153 133 204 154 155 203 152 135 150 140 143 144 154 202 148 150 152 208 157 204 155 201 154 153 154 156 194 193 192 155 192 139 153 186 132 151 130 128 124 125 172 148 170 169 172 169 151 152 156 121 121 121 161 162 121 121 170 163 112 161
144 145 145 145 145 148 150 200 197 144 144 145 196 144 144 144 144 144 144 144 144 144 144 144 144 144 144 144 144 179 145 185 202 148 147 190 193 202 148 196 197 199 150 201 200 204 205 208 208 199 195 142 207 156 171 151 164 205 209 211 211 9 7 210 7 3 203 251 249 195 247 194 195 195 196 196 196 196 189 194 199 206 210 214 217 221 17 218 14 11 8 5 1 253 248 245 244 204 240 204 206 240 208 210 214 220 226 231 234 236 237 238 238 238 238 252 237 251 250 247 245 234 231 233 229 226 220 212 205 202 192 183 169 158 155 109 106 145 95 91 89 87 86 81 76 71 71 70 69 67 64 61 59 59 64 71 76 81 86 91 97 102 107 111 112 114 120 128 132 135 139 140 140 142 145 149 159 163 169 171 171 173 178 184 188 192 194 198 203 205 109 112 114 142 123 131 133 154 154 154 156 206 152 203 140 153 153 146 148 205 154 155 156 157 158 154 205 200 198 151 152 153 195 153 155 141 191 157 189 186 150 151 152 152 154 181 125 123 121 153 172 116 116 152 155 156 158 161 121 121 121 172 169 167 112 162
145 147 148 150 147 147 156 154 198 144 144 145 198 144 144 144 144 144 144 144 144 144 144 144 144 144 144 144 144 180 145 185 202 148 201 147 149 203 193 195 194 196 198 199 200 203 204 205 207 198 141 144 117 168 147 162 173 177 212 213 213 12 213 10 211 7 206 1 253 196 250 180 196 196 196 196 196 196 191 196 201 207 212 215 219 221 221 18 16 15 11 9 4 255 251 194 246 244 242 204 204 238 205 208 214 220 225 230 203 234 235 202 236 238 237 251 196 249 237 247 245 242 238 235 230 227 221 213 152 205 195 182 168 108 107 101 97 95 85 82 77 73 72 64 57 56 56 54 54 52 54 52 24 54 58 64 69 73 75 78 82 86 92 97 98 100 105 114 116 120 122 123 124 126 129 134 150 157 160 162 164 166 170 177 184 188 192 196 200 203 110 112 141 146 126 132 134 154 154 154 141 154 153 152 153 155 154 154 154 154 154 157 211 157 158 154 206 201 199 143 143 141 140 154 156 156 139 190 188 185 181 128 128 154 129 182 177 176 121 120 119 117 117 118 117 157 160 163 121 121 121 172 169 169 112 163
144 144 144 144 151 203 154 200 144 144 144 144 144 144 144 144 144 144 144 144 144 144 144 144 144 144 144 144 144 199 144 185 147 203 187 189 191 192 191 191 191 193 194 197 198 199 197 196 198 203 149 158 134 186 194 170 176 210 213 213 213 214 214 13 11 210 7 3 200 255 253 198 198 198 195 196 188 190 193 198 202 208 213 217 218 222 225 21 219 18 15 11 6 2 254 252 249 246 242 239 182 237 203 207 213 219 224 230 233 234 235 235 235 237 237 235 236 235 236 246 234 233 230 235 230 228 221 213 154 152 198 184 165 100 92 78 70 72 71 69 63 59 57 91 84 46 48 81 78 46 48 51 52 55 59 62 67 35 38 38 77 81 84 86 88 89 91 96 101 106 108 109 109 111 114 120 141 148 155 159 160 161 165 173 180 185 190 196 199 203 113 140 123 148 149 134 210 153 153 153 143 154 154 210 154 211 154 150 155 156 156 157 157 158 162 212 208 204 201 198 142 142 140 196 138 156 193 189 188 151 181 151 152 154 156 154 154 122 121 120 120 119 157 174 158 172 160 162 166 176 167 172 165 170 168 109
144 144 144 144 144 145 145 144 154 155 156 144 144 144 144 162 164 165 166 167 168 170 171 172 173 175 176 177 144 201 182 185 146 185 185 184 187 187 188 199 140 141 198 140 194 196 200 142 144 150 160 172 150 164 169 173 179 212 214 214 214 215 215 213 212 12 11 7 201 200 1 199 198 198 255 196 197 198 199 199 204 207 212 219 222 224 227 229 230 20 16 14 9 5 1 254 250 247 245 241 240 237 232 203 210 217 223 228 231 232 254 234 235 254 252 250 235 248 236 246 242 239 236 234 230 228 221 217 156 212 200 188 163 140 124 112 59 59 60 102 98 54 92 89 83 82 46 81 79 44 46 49 53 56 30 31 68 72 73 94 77 79 82 98 83 84 86 89 92 94 97 97 98 100 108 118 139 146 151 157 96 97 164 174 181 114 191 195 201 207 116 142 127 151 153 154 155 140 140 142 144 144 145 147 212 154 150 154 155 158 160 160 160 217 164 213 152 148 203 200 142 157 198 139 137 137 192 153 188 125 150 151 181 152 153 122 155 180 122 121 121 177 117 175 158 115 161 162 164 118 173 115 166 170 169 111
143 203 146 150 152 206 204 143 143 143 143 143 144 144 203 143 143 143 143 143 143 143 143 143 143 143 143 177 144 144 182 184 146 203 199 139 139 139 140 142 202 142 202 139 139 142 145 150 159 132 179 187 160 168 172 207 182 186 216 216 215 215 19 214 18 15 13 10 7 5 200 200 200 3 198 198 198 199 201 202 207 211 215 219 222 219 220 220 220 22 19 16 11 8 3 0 253 249 248 185 181 237 198 200 210 217 222 226 229 231 231 232 234 234 234 233 234 234 235 243 231 237 228 234 224 222 219 218 216 214 203 189 161 133 114 58 56 55 55 100 96 95 92 30 88 26 25 83 78 77 46 21 24 58 31 33 35 36 36 36 37 37 82 40 39 39 39 39 89 99 93 93 93 97 106 117 139 147 152 158 160 165 169 176 114 186 193 198 203 208 118 125 132 155 155 140 158 154 155 153 153 153 213 148 154 215 154 214 157 160 163 162 161 157 157 215 213 209 205 143 142 141 199 155 155 155 191 189 152 151 150 181 150 151 153 156 156 122 181 157 158 178 117 175 114 114 114 114 114 175 167 174 111 111 169 168
141 144 145 147 149 151 205 143 143 143 143 157 159 160 205 143 143 164 165 143 143 143 143 143 143 143 143 177 179 180 182 183 206 204 201 143 148 150 156 158 158 158 158 156 156 159 163 168 174 184 155 194 165 201 175 179 212 189 217 218 194 218 217 215 214 18 15 14 12 10 7 200 200 200 198 198 199 200 202 204 210 210 211 214 216 227 220 231 220 24 215 18 15 11 7 3 0 190 188 185 243 237 225 198 210 216 220 224 227 228 229 230 232 250 249 230 231 230 231 241 238 236 232 230 225 218 215 217 215 213 204 190 153 124 110 52 102 51 51 100 97 96 32 31 92 28 27 84 81 17 45 52 55 60 64 68 36 36 37 38 39 102 82 40 85 41 41 40 101 39 91 90 90 96 108 123 141 147 154 97 97 166 172 113 117 121 124 129 205 113 120 128 135 157 142 157 219 156 145 144 153 153 214 149 154 155 217 155 161 223 165 163 224 165 166 165 214 149 146 145 204 141 201 138 132 192 130 128 186 150 184 151 180 180 118 153 153 156 180 117 116 160 178 115 176 113 161 163 164 165 167 167 110 110 171 167
136 136 142 147 149 150 144 143 143 207 206 142 158 159 160 162 206 142 165 167 143 143 143 143 143 143 143 206 142 179 181 143 144 146 153 160 167 169 236 172 172 174 175 174 173 176 178 183 186 189 192 196 199 203 178 182 187 191 195 218 25 26 25 22 213 20 18 17 14 13 12 202 201 200 196 198 200 200 204 204 210 215 219 215 226 218 230 232 28 26 23 20 17 14 9 6 4 0 216 249 244 236 223 197 210 217 220 221 223 224 226 227 185 185 247 245 230 245 243 229 238 227 226 229 223 218 214 218 215 214 204 189 150 120 110 41 40 39 37 37 34 35 97 32 95 29 28 24 22 21 22 52 26 62 34 35 37 75 40 40 40 40 40 41 41 41 41 40 40 40 38 37 37 98 113 131 145 93 98 102 104 172 111 117 120 124 200 132 133 114 123 151 137 142 157 157 146 220 155 152 154 218 149 153 154 155 156 157 163 161 161 226 225 166 220 154 153 151 149 147 206 142 140 139 199 132 130 192 187 151 184 153 120 154 182 155 116 116 157 158 158 162 179 115 163 177 176 112 164 111 111 168 168 167 170 168
135 137 138 143 145 148 150 151 153 155 208 142 142 142 160 161 162 142 207 165 165 166 170 172 143 143 208 176 142 178 142 183 188 156 170 180 181 182 184 184 184 186 186 183 183 185 189 190 193 194 196 198 201 175 208 183 189 193 196 218 219 28 27 27 26 24 21 20 208 17 206 15 202 201 201 200 201 201 203 209 213 217 220 225 228 27 217 234 30 28 232 22 20 206 12 9 196 3 254 251 247 236 226 198 208 211 214 218 219 221 224 227 229 229 228 244 229 243 229 227 226 225 224 228 224 215 151 216 215 213 204 187 147 119 113 43 43 43 42 40 104 36 100 33 98 51 29 26 25 25 25 27 30 34 37 39 43 45 46 47 47 47 47 47 45 45 45 44 44 42 39 38 40 103 119 138 150 161 103 108 111 113 117 122 126 129 131 131 132 118 130 155 157 157 157 157 157 221 155 146 155 220 153 153 154 157 157 162 167 227 170 162 226 157 156 156 155 218 150 149 145 142 207 206 136 200 196 193 189 151 152 185 185 154 183 182 155 157 158 179 158 160 160 160 160 161 162 163 164 165 166 166 171 164 166 165
135 138 138 142 139 139 146 148 150 153 156 155 156 158 158 159 160 161 162 163 164 166 168 142 143 143 176 144 210 207 180 147 159 176 186 194 196 9 196 196 196 196 195 6 193 194 195 196 164 167 199 172 202 177 183 185 190 194 30 218 32 30 30 217 216 27 24 23 21 208 20 19 16 202 14 200 203 203 204 206 215 20 221 225 228 231 219 235 31 29 26 25 22 19 16 200 10 6 1 252 248 239 227 198 204 208 210 212 215 218 222 224 225 226 226 226 226 226 225 225 235 232 223 226 223 151 218 217 213 212 203 185 145 120 48 47 48 48 48 44 40 39 39 36 103 31 30 29 28 28 28 60 34 39 42 77 48 52 55 55 56 55 53 48 48 94 48 46 45 44 110 93 99 53 125 85 157 105 109 114 116 120 123 126 129 130 205 206 134 141 134 158 158 226 159 159 225 223 155 153 153 152 152 223 156 156 161 166 162 162 172 164 229 159 157 156 224 222 220 150 215 145 141 208 138 203 130 195 190 187 152 155 186 116 184 182 114 182 180 179 157 159 158 157 158 157 157 157 159 161 162 164 164 164 165 167
135 138 141 208 138 138 138 138 138 150 208 138 138 138 138 137 138 138 138 138 138 138 167 172 174 212 141 177 211 139 185 198 216 189 199 200 204 204 203 15 199 198 12 196 8 195 196 9 197 168 200 173 177 206 184 187 191 194 217 200 34 33 33 218 217 29 214 26 24 23 208 207 20 18 203 200 202 205 213 207 216 208 222 226 229 232 235 219 33 31 28 27 25 21 204 17 13 9 4 253 248 238 227 196 200 202 203 206 208 212 216 219 220 220 220 221 221 220 220 221 223 233 221 227 222 150 149 217 212 211 203 184 145 54 54 55 57 59 58 58 54 53 51 45 40 37 36 35 32 31 31 35 40 44 48 50 55 61 64 66 67 65 59 57 55 53 53 53 51 48 114 41 105 118 136 155 166 176 117 120 123 128 130 131 132 132 133 132 120 130 156 162 160 160 231 230 158 155 152 224 153 154 155 224 156 156 157 167 171 174 165 235 162 230 159 157 156 153 222 221 148 146 144 142 138 137 201 196 191 186 153 188 187 117 185 156 114 157 156 155 155 155 155 155 155 154 155 156 158 159 161 162 167 164 164 167
135 137 139 142 138 138 138 138 138 138 138 138 138 138 138 138 138 138 138 138 138 138 138 142 141 141 212 176 213 182 191 208 227 152 205 207 209 25 208 23 19 18 15 14 13 195 196 196 197 170 201 202 179 22 185 188 193 196 217 202 36 219 219 219 34 33 30 212 27 210 25 207 206 21 203 203 204 211 214 24 218 220 224 227 231 233 236 219 219 34 215 29 211 24 207 19 16 13 5 253 248 238 228 226 195 226 200 201 203 207 209 212 214 215 214 214 216 217 230 219 219 221 228 225 216 216 217 219 213 210 202 180 146 59 60 63 66 67 69 71 69 66 135 56 53 50 46 42 109 33 64 69 74 80 53 58 64 69 70 72 71 69 65 62 61 59 59 57 127 123 47 45 109 125 145 159 172 117 120 124 195 132 133 134 205 206 133 206 123 139 163 151 235 161 162 233 159 157 229 155 155 155 155 155 156 158 160 171 164 165 168 167 166 163 163 159 159 156 154 151 149 148 218 213 139 210 202 125 190 151 154 155 186 155 156 157 154 154 153 153 152 152 152 150 150 150 151 152 155 157 159 160 161 161 162 163
135 136 135 141 143 211 146 147 148 150 151 151 152 154 156 157 159 159 161 138 138 138 138 171 171 171 139 174 178 185 201 220 147 158 209 210 211 28 210 26 24 22 19 18 199 15 199 199 198 199 201 202 180 183 208 189 194 196 217 218 218 218 218 210 210 36 33 32 30 211 29 27 25 207 24 210 23 205 217 218 207 221 226 229 216 217 217 239 219 37 35 33 30 28 26 23 19 15 7 255 251 243 233 227 194 195 197 198 200 203 207 210 211 211 211 211 213 216 215 215 216 217 217 221 148 147 218 218 213 137 200 176 147 64 65 69 72 73 77 77 76 75 71 67 64 60 54 48 41 38 39 72 48 52 58 99 72 76 77 79 79 77 72 69 68 65 63 61 59 56 53 107 115 130 148 164 117 181 187 127 197 135 135 209 206 206 208 211 128 141 162 152 163 156 237 235 234 159 158 231 156 156 156 156 165 168 162 174 179 169 171 170 243 166 239 237 160 157 229 227 223 147 217 215 213 209 204 199 118 115 153 154 154 153 152 182 152 176 148 149 149 147 147 146 146 146 147 148 147 147 150 154 158 156 158 159
134 134 135 140 141 211 144 145 146 135 134 133 133 133 134 134 134 157 138 138 138 138 214 138 138 139 138 174 178 196 174 227 153 160 210 210 211 211 210 28 26 25 23 22 200 198 199 199 171 201 178 180 181 185 208 190 194 198 217 218 218 219 219 40 219 38 216 35 33 212 32 30 208 208 27 23 213 214 215 217 219 223 228 231 216 217 217 241 39 244 37 35 212 31 28 25 20 17 7 2 254 247 238 230 221 193 147 196 198 200 152 230 207 208 208 150 211 212 149 214 225 147 147 216 147 222 219 217 213 207 197 177 153 68 71 74 77 79 82 84 85 86 87 84 77 67 63 56 52 49 49 51 54 90 64 106 77 81 84 84 83 158 154 75 148 69 68 66 62 59 133 108 120 136 152 167 120 121 188 128 198 203 136 136 209 132 209 213 135 147 152 154 163 158 239 237 236 159 159 159 158 158 156 156 166 170 164 178 169 184 188 172 169 168 167 241 164 160 156 230 150 224 144 217 216 210 204 123 194 191 187 152 184 106 152 179 147 172 144 144 90 143 161 142 142 142 144 156 146 147 81 151 153 153 156 157
134 134 134 134 134 134 134 134 134 134 134 211 134 134 134 134 155 158 162 216 138 138 138 216 170 216 138 138 180 203 223 149 158 209 32 211 33 209 210 32 207 29 26 25 201 21 197 171 174 201 179 203 185 28 188 210 195 198 203 218 209 220 220 42 41 218 40 38 214 34 34 32 208 207 27 201 210 214 217 204 222 223 229 232 216 216 241 218 218 218 40 38 35 212 32 27 21 19 12 7 254 249 241 232 223 193 195 196 198 202 204 206 226 207 209 210 211 212 214 214 224 214 215 217 145 145 222 219 213 207 195 179 158 72 73 86 80 83 85 86 89 91 92 91 90 80 76 71 63 58 57 59 138 94 73 112 83 88 89 88 86 85 159 77 154 151 147 145 142 62 136 60 131 90 102 172 124 190 129 196 201 205 208 214 211 206 211 129 143 161 161 155 164 164 162 239 159 160 238 160 237 164 164 164 169 173 178 180 170 170 189 172 172 172 171 168 165 161 156 153 230 150 146 143 218 211 204 199 119 193 189 150 148 147 147 175 145 144 142 143 143 144 161 142 143 80 81 81 81 80 150 150 149 148 148 151
134 134 134 134 134 134 134 134 134 134 134 148 135 134 134 134 156 158 162 164 167 168 140 220 139 217 171 172 185 210 230 156 162 167 213 214 36 212 36 211 33 32 29 29 25 201 23 22 201 201 181 205 207 30 190 210 196 199 204 218 211 220 220 43 43 218 216 41 40 38 36 34 208 207 30 26 213 214 217 219 223 206 229 233 216 216 242 218 218 218 218 41 39 36 33 31 202 21 15 9 1 252 244 235 226 189 192 195 198 201 225 204 226 146 146 210 211 147 214 214 223 213 213 142 219 221 221 218 212 203 192 182 164 80 79 80 84 88 91 92 95 98 102 102 102 98 91 83 75 68 64 60 60 100 77 116 124 92 93 91 89 87 163 80 157 155 151 147 117 144 62 125 143 158 109 177 126 130 132 199 134 204 205 205 212 207 138 135 145 151 156 164 243 164 162 241 160 160 240 165 238 166 239 157 161 174 180 182 186 170 190 174 174 174 197 171 168 164 160 155 152 150 147 144 139 213 126 199 198 193 188 181 144 141 141 141 168 165 138 139 140 141 140 142 143 144 81 81 161 159 157 76 75 73 149 74
134 134 134 134 134 134 134 134 134 134 134 135 153 217 135 134 134 134 134 161 164 167 170 140 221 217 171 176 192 219 149 157 163 168 173 216 40 212 212 38 210 35 32 32 204 28 200 200 202 202 183 206 206 206 191 209 197 202 217 218 219 46 45 215 44 217 218 43 216 42 39 210 208 207 30 26 22 208 209 216 220 225 231 235 216 241 244 217 247 248 44 217 41 212 35 33 29 24 18 12 4 254 247 237 227 216 187 191 196 199 203 146 227 207 144 209 211 145 225 224 141 214 215 144 226 219 219 213 208 119 114 186 91 85 85 86 89 92 96 97 115 102 105 105 187 186 102 94 85 77 151 63 63 103 113 120 126 176 176 94 91 170 85 83 161 158 153 150 66 66 69 135 155 106 116 120 190 131 133 133 134 134 134 216 215 211 143 141 148 151 157 159 159 160 242 241 161 242 159 239 164 167 168 161 175 178 181 184 169 189 193 176 177 177 174 255 171 166 162 156 154 235 149 228 221 212 208 203 200 193 189 181 176 90 170 86 140 82 163 162 139 141 161 78 78 78 161 149 161 159 76 76 157 75 72 153
134 134 134 134 134 134 134 134 134 134 134 134 155 219 154 134 134 134 134 160 163 166 168 170 222 218 137 182 202 224 234 158 166 171 215 215 43 214 214 42 39 210 36 208 206 32 203 179 203 203 184 188 206 206 192 196 211 204 208 218 219 219 218 218 217 217 45 217 44 44 41 39 208 207 31 27 22 15 197 209 220 226 232 236 241 216 246 217 217 217 217 217 43 212 38 37 32 27 21 15 7 255 250 240 229 212 180 182 189 195 199 203 206 208 227 143 143 227 225 225 140 214 216 218 218 216 216 208 205 116 200 194 178 90 90 91 95 98 100 101 105 107 105 105 189 105 105 186 178 165 156 67 66 104 114 121 128 131 133 94 177 89 172 168 165 160 155 68 68 68 130 141 161 115 183 126 130 134 134 133 203 204 134 134 135 132 149 155 151 155 247 244 160 161 162 244 164 162 243 240 156 156 168 172 175 180 183 187 170 172 196 200 203 180 6 3 173 169 165 160 156 239 152 230 223 129 210 121 201 194 188 181 175 140 170 169 166 81 164 78 78 78 77 143 145 145 146 150 151 160 151 153 75 76 74 154
134 134 133 138 134 134 134 134 134 134 134 135 154 221 134 134 134 134 134 134 163 137 138 169 223 171 176 189 211 190 152 159 167 215 216 47 215 215 215 44 211 40 39 209 38 181 34 203 182 183 185 187 190 192 194 196 201 204 209 213 49 216 217 218 218 47 220 47 216 46 44 41 39 37 34 30 24 7 185 202 221 227 232 236 240 244 246 217 217 217 217 47 44 212 41 39 34 30 23 17 11 3 253 244 232 211 174 177 184 190 196 200 204 208 209 211 211 211 213 214 214 215 217 217 215 213 211 208 204 116 117 199 97 93 93 96 102 104 104 103 122 191 192 106 194 108 192 104 184 170 159 155 66 104 114 120 92 131 96 96 94 93 90 86 168 162 158 68 67 126 82 97 113 181 187 192 135 137 136 133 133 204 220 220 212 140 153 151 155 156 161 161 161 161 161 160 160 168 245 158 158 170 158 159 178 165 184 187 192 3 197 176 204 205 6 177 175 172 167 164 158 156 153 147 139 131 213 122 204 110 103 181 90 174 86 171 139 141 141 78 78 164 161 141 143 74 148 151 163 162 75 75 76 76 75 72
134 221 136 138 139 141 142 143 145 134 136 152 153 224 134 154 155 157 158 134 163 137 137 225 222 170 179 198 215 230 155 162 168 176 217 180 48 215 215 215 44 43 182 184 40 182 36 201 180 182 184 186 188 191 194 196 201 206 209 213 215 217 218 218 221 50 217 48 216 48 46 211 41 39 37 33 25 7 164 203 223 204 207 238 240 245 216 250 251 252 48 254 46 212 43 41 36 32 25 21 13 7 3 249 236 212 174 177 181 184 190 195 197 199 201 202 206 209 211 210 210 211 212 211 211 208 211 120 119 121 124 206 100 96 96 103 106 119 105 192 104 122 106 127 129 196 106 105 187 173 161 70 67 104 114 121 128 131 138 187 96 183 93 176 171 76 159 68 68 134 154 166 179 184 192 198 139 139 139 134 133 133 221 210 216 144 149 155 163 161 160 162 163 162 162 162 249 161 248 161 160 159 247 159 179 165 165 187 193 3 200 178 178 178 178 178 9 175 171 167 250 159 156 150 143 135 129 211 206 112 109 100 92 87 86 171 140 141 166 79 79 165 142 161 73 147 73 149 163 76 154 75 158 159 164 74
133 222 132 132 138 223 141 142 144 147 149 149 152 224 152 153 155 156 157 160 163 165 166 226 224 166 179 197 215 231 155 164 170 177 50 216 216 217 50 48 46 45 209 209 41 183 37 34 31 179 182 184 186 188 192 197 201 205 209 213 216 217 219 52 222 52 51 216 225 50 48 46 45 42 40 37 28 10 185 202 224 230 236 239 242 246 216 216 216 216 50 48 47 45 44 42 38 33 28 191 17 8 5 250 239 215 175 176 178 181 184 189 191 194 197 200 204 207 207 209 207 205 206 206 207 209 123 123 123 128 219 212 103 189 107 113 116 106 194 119 195 122 106 106 107 108 198 195 188 175 163 161 158 104 114 121 181 132 138 99 98 96 185 179 174 166 162 122 75 146 105 173 122 189 134 203 142 139 230 138 133 134 134 212 217 146 160 163 252 162 162 163 164 164 164 164 163 252 161 161 161 160 249 179 182 165 165 189 194 173 176 179 180 180 180 180 178 10 174 4 165 163 158 155 149 141 133 125 210 116 116 107 100 90 145 84 79 78 78 78 78 167 74 73 73 73 73 151 153 163 154 75 75 75 76 165
132 133 134 135 136 139 140 141 143 145 147 148 150 225 224 132 132 132 156 158 133 225 164 225 222 131 178 198 215 231 157 165 171 178 180 181 183 51 51 215 49 46 211 45 43 185 41 38 31 177 179 181 182 186 189 195 201 206 209 212 216 218 221 218 224 54 52 216 216 216 216 49 227 45 42 38 31 14 249 201 224 231 236 209 210 247 250 252 253 255 51 50 213 47 46 43 40 36 32 28 19 12 7 253 242 220 206 203 177 181 184 187 190 192 195 197 199 201 201 201 200 120 121 121 122 122 124 126 128 129 130 219 203 190 106 111 114 116 103 118 105 122 124 105 128 130 199 105 190 177 165 163 101 103 113 122 131 95 138 141 191 97 188 181 176 169 166 75 143 104 167 178 185 193 200 142 236 141 206 229 133 206 208 214 138 150 159 255 162 164 164 165 167 173 2 1 164 163 163 255 162 161 160 162 184 187 188 191 195 202 207 180 182 182 181 182 181 178 175 174 171 165 164 161 155 150 141 132 123 121 211 117 113 106 94 85 80 79 78 77 78 76 77 74 73 73 75 76 155 165 156 75 75 75 166 166
222 128 128 128 128 128 128 128 128 222 143 147 132 132 132 132 132 132 132 133 134 134 133 134 226 131 178 197 217 232 157 165 172 179 181 215 215 215 215 215 51 51 48 209 45 205 42 40 31 29 177 177 179 28 187 195 206 206 209 213 215 218 220 218 219 218 54 226 216 229 54 52 210 47 45 41 36 16 249 202 226 202 238 209 244 249 252 215 215 215 215 214 213 51 49 46 43 39 34 31 23 15 10 1 246 225 208 111 111 112 115 117 118 119 196 121 121 121 121 213 118 120 121 121 124 126 128 131 132 134 133 223 206 192 105 99 112 103 103 103 120 104 104 104 126 129 131 132 192 179 167 163 100 103 112 121 132 190 139 100 99 193 190 183 179 173 79 137 153 106 172 180 187 195 202 146 238 143 233 228 227 206 210 142 145 159 163 164 165 166 167 167 174 6 168 167 166 3 165 165 3 164 164 165 165 164 190 167 199 204 208 211 214 218 183 184 184 183 180 177 174 168 4 163 161 156 147 135 127 125 122 122 120 115 106 94 89 82 79 149 173 172 78 77 76 75 76 169 75 167 72 160 163 164 165 166
129 130 131 132 128 128 128 223 139 128 143 145 148 151 228 153 131 131 157 161 231 135 164 167 229 166 180 198 218 233 159 166 174 180 216 215 215 215 215 215 54 189 50 49 46 205 43 40 32 29 23 164 172 181 188 196 203 207 211 215 216 219 217 218 218 218 56 215 215 215 55 54 230 50 46 42 37 19 254 203 226 233 238 242 246 214 254 215 215 215 3 215 214 214 51 49 45 42 36 33 26 20 11 6 251 230 214 111 111 184 116 191 121 121 121 218 121 121 121 120 120 121 123 125 127 128 130 133 136 137 136 227 208 194 97 108 112 102 103 104 104 104 104 104 104 104 104 200 192 179 170 69 101 70 111 119 130 96 140 101 195 99 192 186 182 80 134 143 158 111 175 183 190 195 203 211 239 235 234 229 206 135 212 219 148 159 164 4 165 167 168 169 169 169 170 169 168 168 167 167 167 166 165 5 165 4 192 196 201 204 209 211 215 220 185 186 186 25 23 180 178 172 168 166 165 162 154 142 133 130 130 128 125 121 116 113 104 100 95 91 90 88 86 81 80 174 172 76 172 74 72 72 72 72 164 72
125 125 128 131 133 135 128 127 137 140 128 144 148 131 148 150 228 131 158 159 162 165 232 231 165 131 181 198 218 233 160 169 174 181 57 215 215 215 215 215 215 190 52 50 48 189 45 41 34 30 15 158 164 182 188 196 202 209 213 216 219 215 217 217 227 218 57 215 215 215 57 55 231 52 49 45 39 21 0 204 224 233 239 243 248 214 215 215 215 215 215 215 57 215 54 51 47 44 40 36 30 23 15 7 253 237 220 211 184 116 118 121 122 122 122 122 122 122 207 124 123 124 126 127 130 131 227 137 138 139 237 232 212 196 104 108 100 102 103 104 104 122 203 104 104 104 129 202 193 182 75 70 167 103 109 116 129 138 101 102 100 143 194 189 90 88 92 152 164 116 122 186 194 198 204 209 240 206 235 232 206 136 214 220 151 161 5 166 167 167 170 177 171 171 183 171 170 170 168 169 169 168 165 165 165 164 194 198 202 204 209 211 216 221 223 186 186 185 25 183 21 17 172 169 167 9 161 154 148 145 141 137 132 125 120 216 117 116 117 117 113 107 98 88 84 80 78 78 175 77 72 72 72 170 166 74
125 125 124 124 130 125 133 134 124 138 143 228 128 128 127 149 152 156 157 132 134 234 165 132 164 165 180 198 218 232 161 169 176 180 184 215 215 214 214 214 214 57 54 209 51 205 47 43 35 27 9 224 163 182 189 196 202 209 53 215 220 222 225 61 59 228 58 214 214 214 214 57 233 54 50 45 41 24 2 205 222 232 239 244 248 252 0 214 214 214 214 214 9 11 55 52 49 46 43 40 33 25 18 10 1 242 222 115 115 189 192 198 199 123 124 124 225 123 124 124 125 126 129 130 131 132 231 236 140 143 241 233 217 199 100 105 99 114 202 118 118 120 121 123 124 125 126 126 194 183 175 170 167 100 107 116 129 138 102 104 202 98 195 93 94 97 100 106 168 176 182 191 135 201 143 143 207 140 237 135 136 210 215 222 155 163 162 168 173 170 170 171 173 174 173 16 188 171 171 15 172 14 168 166 164 8 164 197 168 204 208 212 216 220 185 228 186 30 184 231 181 21 18 171 168 167 163 160 158 155 149 142 136 228 221 184 180 182 184 185 187 186 199 91 84 84 81 78 77 177 173 72 73 73 74 76
125 125 124 124 130 226 123 134 124 137 142 230 128 147 229 148 151 154 129 158 134 236 132 131 229 163 179 198 218 232 162 170 176 182 185 214 214 214 214 214 214 59 56 209 53 205 49 45 37 29 10 150 163 181 187 194 201 208 213 216 220 222 226 62 214 214 214 214 214 214 214 58 234 56 52 47 44 30 8 204 219 233 241 246 249 253 0 214 214 214 214 214 10 12 57 54 51 48 44 41 34 26 22 13 3 247 225 216 188 192 195 201 202 204 125 127 229 227 213 218 220 221 130 131 132 133 137 240 142 145 142 240 222 204 101 106 109 111 113 201 115 200 118 120 121 122 122 122 193 183 173 168 164 96 102 109 125 137 144 146 204 201 198 145 99 104 108 112 117 180 187 134 199 204 144 244 207 243 239 207 136 211 216 148 159 164 164 167 169 172 172 183 174 176 174 18 189 171 172 172 20 18 17 167 11 164 164 198 13 168 208 174 178 222 184 230 186 32 30 233 30 25 20 173 171 169 166 164 161 157 151 148 140 231 121 111 172 170 173 173 174 176 176 193 87 87 83 79 79 179 175 72 73 73 171 175
125 126 124 227 123 131 132 134 135 137 128 232 129 147 231 148 231 153 129 159 163 237 235 235 233 130 180 199 217 231 163 172 177 183 185 187 190 214 214 214 214 214 59 57 54 51 50 46 39 32 11 151 163 180 187 194 201 209 56 218 221 214 214 214 214 214 214 214 214 214 214 60 57 57 54 50 45 33 13 200 214 230 242 248 251 255 61 212 213 7 61 9 61 61 59 56 53 50 45 42 35 28 24 14 6 250 228 217 189 193 197 202 124 127 211 128 230 127 217 219 221 233 130 131 132 135 240 140 143 147 146 244 230 209 95 97 109 99 97 98 199 96 115 116 118 121 200 95 194 183 174 67 167 61 100 107 122 136 205 144 203 99 146 148 104 160 166 172 124 184 190 194 200 206 143 247 245 207 205 136 136 213 218 152 161 168 173 177 180 172 172 186 188 175 175 20 19 192 197 198 22 19 17 194 12 165 197 199 167 205 208 173 217 224 229 231 234 34 185 32 182 28 177 23 173 18 168 166 164 159 155 254 143 135 123 113 100 90 193 193 191 170 171 88 88 192 84 171 184 181 72 72 170 75 75 75
125 127 229 129 229 227 120 120 121 134 142 234 146 147 232 125 150 151 155 159 162 238 236 235 162 163 178 199 217 230 164 172 177 181 184 187 189 191 214 214 214 214 61 59 56 54 52 46 41 36 18 152 164 180 186 193 200 209 217 220 222 214 214 214 214 214 214 214 214 214 62 60 59 59 56 51 47 37 22 12 208 230 244 248 251 0 62 211 212 212 9 213 213 63 60 58 54 53 47 44 37 30 26 16 8 253 232 219 114 195 199 205 211 214 128 234 126 127 218 127 128 129 130 131 135 243 243 144 147 151 151 252 239 217 99 110 110 205 100 100 96 114 199 115 118 119 95 121 194 185 176 172 168 95 97 102 114 130 139 142 99 205 100 105 108 114 117 176 127 187 132 196 203 143 143 249 245 203 204 207 210 216 221 156 162 170 175 178 180 172 172 174 174 174 174 22 192 194 197 198 22 20 18 195 165 14 162 164 204 16 208 215 219 226 184 35 187 36 185 34 32 182 29 177 25 23 171 168 16 163 8 151 146 245 133 123 109 100 101 95 93 92 90 89 89 89 87 81 79 78 74 75 74 175 176 178
124 124 231 129 231 229 120 131 121 135 128 236 127 146 234 124 125 151 128 157 158 159 128 236 160 161 177 197 214 229 237 172 177 180 184 187 212 191 214 214 214 65 64 62 59 56 54 50 46 39 21 154 162 177 186 193 200 209 217 219 224 213 213 214 214 214 65 213 236 214 64 63 209 60 206 53 49 46 31 12 205 232 244 249 208 1 211 211 212 8 10 214 214 64 62 60 56 54 49 46 40 32 28 18 11 255 233 220 194 196 202 207 212 128 128 128 127 235 234 222 129 238 131 235 240 138 247 253 150 156 155 1 244 222 100 98 110 100 102 102 205 94 200 91 200 116 117 117 195 189 70 174 169 95 59 100 109 123 137 141 144 100 104 157 164 174 123 179 185 189 136 200 144 145 252 248 202 239 203 207 211 217 151 160 169 171 168 169 180 184 186 174 174 175 174 24 193 171 171 171 199 22 168 197 16 15 163 17 205 18 211 215 221 228 233 186 187 38 37 37 183 35 31 30 176 175 173 171 167 165 161 154 148 143 141 134 125 115 114 107 105 105 103 100 97 94 91 192 189 185 73 174 174 72 72 72
124 125 124 234 233 120 120 229 133 136 237 236 126 147 146 145 149 127 154 155 156 158 160 236 233 160 176 196 212 227 236 170 176 206 183 187 211 193 195 214 67 66 212 64 61 58 56 53 46 41 26 9 160 175 184 191 202 209 215 220 224 213 213 231 232 234 67 213 238 239 66 65 209 62 206 56 51 47 35 13 203 233 246 251 255 3 211 211 9 211 12 15 67 66 64 62 59 55 50 47 43 35 30 20 15 1 235 222 196 198 203 209 214 128 128 128 127 236 222 129 229 131 234 135 138 138 249 0 153 157 156 7 252 231 104 101 99 100 102 212 208 94 203 113 116 93 203 91 92 88 80 73 65 61 96 100 105 117 130 140 143 148 153 159 167 122 125 128 131 192 197 204 147 210 252 247 200 201 132 207 211 147 157 164 168 173 178 179 179 182 187 191 192 195 28 172 171 173 171 199 200 23 21 166 165 163 163 166 167 167 170 217 222 229 234 187 239 186 240 241 185 37 181 178 178 178 176 28 172 167 163 159 152 145 143 139 132 123 222 189 190 191 105 105 105 99 204 194 189 186 73 173 174 176 178 179
123 125 124 235 235 120 120 121 123 137 237 143 238 145 236 123 149 150 236 151 153 154 125 236 235 160 173 193 209 225 233 170 177 181 185 187 191 193 196 197 197 200 67 66 64 60 58 200 49 44 30 14 159 172 183 192 201 209 215 220 225 228 230 213 213 213 213 213 213 213 212 67 208 63 60 57 53 50 38 12 199 232 246 251 255 2 6 211 67 210 211 212 212 67 64 63 60 56 51 192 44 37 32 23 18 4 239 112 114 200 205 210 216 128 128 240 126 126 224 129 231 132 236 241 244 248 254 148 155 157 158 11 3 237 219 214 100 102 214 100 98 95 95 97 97 99 98 96 99 97 202 81 187 176 61 63 108 114 125 136 141 145 152 158 166 175 184 130 132 135 198 205 2 207 204 247 242 200 203 207 216 155 158 160 161 173 167 178 180 181 171 190 172 194 195 173 197 29 171 171 26 168 24 166 22 165 166 168 211 170 171 173 226 231 234 236 240 186 40 241 41 184 38 182 183 38 178 175 30 171 168 161 155 150 146 252 135 232 214 186 188 190 197 199 218 211 202 194 188 187 185 181 174 68 68 179
120 124 127 237 126 131 133 134 137 137 239 126 126 238 144 147 124 148 236 150 153 155 156 238 123 124 173 191 209 224 233 170 177 180 186 190 191 211 69 212 211 200 211 68 66 62 61 56 51 46 34 19 11 165 184 185 201 209 215 220 225 228 231 233 234 213 213 213 213 213 70 69 208 65 62 57 54 51 40 12 199 231 245 251 255 3 6 211 211 213 71 212 69 68 64 63 61 57 53 192 47 38 35 27 20 9 243 112 199 202 206 211 216 220 128 241 222 224 227 129 234 134 134 243 247 142 3 153 156 159 19 13 6 244 226 102 113 102 99 101 215 99 99 104 110 112 109 107 105 101 211 205 82 75 68 66 110 114 122 133 138 142 150 156 162 174 183 131 191 194 198 203 255 204 202 244 198 200 202 208 219 159 165 160 162 175 24 166 165 183 187 171 192 192 194 197 197 200 202 201 26 24 166 166 166 206 24 167 213 216 218 174 228 233 182 183 239 243 186 245 185 42 42 183 184 182 38 178 175 174 170 21 16 11 149 141 250 120 105 100 103 106 107 218 191 184 182 193 176 175 175 174 173 178 69 180
120 235 119 124 119 120 129 135 124 238 139 141 144 142 144 146 125 238 238 122 122 154 122 124 124 126 168 184 202 218 230 169 176 181 186 209 192 195 197 71 211 211 211 211 68 65 62 58 54 188 38 24 12 161 182 195 203 209 216 221 207 229 212 212 236 213 213 213 213 213 72 71 67 66 241 60 56 53 43 12 200 229 245 251 0 207 7 211 13 16 72 71 18 68 66 65 62 58 55 10 50 41 38 29 162 12 248 229 201 231 206 212 216 220 223 243 224 225 229 233 237 135 135 246 253 146 8 16 160 163 164 18 10 251 231 220 114 218 100 101 101 102 106 112 118 120 117 113 111 107 104 98 94 89 82 77 76 78 81 130 135 140 147 152 159 168 179 187 134 195 198 140 202 250 197 243 194 196 201 209 224 154 163 170 24 164 179 180 165 165 165 189 189 167 193 195 170 171 29 27 200 202 166 166 26 165 166 212 214 30 219 175 229 178 180 41 239 242 184 246 45 184 184 184 184 184 182 180 178 176 171 165 160 156 152 144 141 128 116 112 111 110 224 217 204 179 195 191 173 68 174 182 174 68 69 69
120 237 119 124 120 127 128 132 133 133 137 139 240 139 143 147 150 242 122 122 122 122 122 160 245 243 166 181 199 216 227 237 175 182 187 191 210 196 198 73 200 211 211 211 72 68 64 60 55 188 42 27 12 162 183 196 203 210 217 223 207 231 212 212 212 239 240 242 243 245 74 73 70 68 203 63 59 55 44 17 202 231 245 252 2 6 9 13 15 16 73 73 72 70 68 66 64 60 57 53 51 43 40 33 25 13 250 234 203 115 208 213 217 221 127 127 126 127 129 235 238 242 136 250 0 6 14 20 163 166 168 23 15 255 237 106 103 219 115 116 119 123 128 138 124 126 124 236 233 230 226 222 101 216 92 87 84 85 84 86 135 140 144 149 156 166 178 188 135 196 199 200 198 248 127 244 194 197 201 211 227 163 157 173 24 24 175 178 184 185 168 167 192 29 193 197 201 32 169 167 166 166 167 206 207 208 210 168 216 170 172 228 231 234 236 181 182 245 47 184 184 184 184 184 184 184 184 44 181 39 174 168 23 158 17 148 7 133 120 116 116 229 225 216 203 179 194 189 187 186 68 68 67 68 71 72
118 119 122 123 126 119 119 119 119 132 135 120 239 138 141 143 146 242 148 122 122 122 122 160 245 245 163 177 195 213 226 237 176 183 187 192 195 197 199 75 210 203 205 211 74 70 68 63 58 54 44 29 14 163 185 197 201 210 218 223 228 231 235 212 212 212 212 212 212 212 212 211 73 70 204 65 62 57 44 21 204 231 246 253 2 6 208 12 15 17 212 75 210 72 70 68 66 62 58 191 52 45 43 35 26 15 254 238 205 206 209 214 218 222 127 127 126 231 234 237 239 242 137 252 3 8 18 23 165 168 169 29 20 5 245 231 222 100 115 100 121 106 130 140 149 153 245 122 117 234 113 109 106 102 99 96 92 89 89 90 91 93 95 97 154 165 178 191 196 137 198 253 193 248 246 193 123 197 131 215 227 155 170 173 162 161 176 180 165 186 188 190 193 31 195 31 199 33 32 167 167 32 32 30 165 209 165 216 170 172 227 230 178 233 236 240 242 245 48 184 184 184 184 184 184 184 49 183 182 178 38 171 164 160 157 151 147 136 126 122 120 113 226 213 201 179 195 191 189 188 68 68 68 68 188 76
118 119 121 239 125 126 128 240 118 119 119 136 240 239 139 141 241 241 148 150 122 122 122 159 246 124 162 173 193 211 225 236 176 182 188 191 194 210 200 201 210 210 211 76 74 207 70 67 61 57 48 33 16 164 185 197 200 208 218 203 227 231 235 238 77 211 211 211 245 212 212 211 75 72 246 67 63 59 46 25 207 229 245 253 2 7 10 208 16 210 21 77 22 74 72 70 68 64 60 191 54 47 44 37 28 16 255 242 235 207 210 216 219 222 227 127 127 127 236 131 254 245 250 255 5 11 21 27 167 170 37 31 24 14 253 236 224 100 115 102 122 125 130 138 146 151 127 128 124 120 118 116 112 109 106 106 102 97 94 95 94 94 96 220 154 164 181 191 195 3 1 251 191 248 190 123 194 129 211 222 164 159 161 163 177 27 160 181 30 30 188 190 193 194 195 197 166 200 34 205 207 208 167 33 167 167 166 219 173 175 176 231 44 41 234 239 242 245 248 249 252 252 254 1 185 184 184 184 48 180 176 173 169 164 161 20 150 138 132 128 126 236 227 213 201 179 195 71 71 190 68 68 69 70 194 79
119 117 117 123 241 116 126 128 130 132 119 119 242 136 138 118 143 145 147 148 150 152 122 157 158 159 162 171 191 210 223 236 176 182 188 73 194 210 210 202 205 212 79 78 76 207 73 69 63 59 50 35 18 164 183 198 201 210 218 223 227 232 236 239 79 211 211 211 246 212 212 78 76 73 70 67 64 60 50 37 209 222 240 252 2 7 10 13 15 19 21 22 76 74 24 73 70 67 63 60 56 49 46 39 30 18 4 247 236 206 210 215 219 223 227 230 233 235 238 242 246 248 254 4 147 15 25 31 168 171 171 38 30 21 5 243 104 225 115 226 120 124 130 137 143 148 153 159 131 130 125 122 118 116 111 233 229 223 98 99 99 99 98 99 158 168 183 191 195 3 255 190 187 188 190 123 197 208 144 229 168 171 28 178 161 161 28 160 184 32 188 189 189 191 194 198 166 201 204 204 206 208 210 211 167 167 167 223 225 228 229 229 233 41 234 237 240 243 246 247 251 252 255 1 183 183 184 184 184 181 180 178 175 169 165 158 154 143 138 134 129 116 225 212 201 74 73 73 72 70 70 70 188 73 199 83
118 243 116 115 122 241 115 126 128 130 135 136 244 136 139 140 243 117 145 118 118 118 155 156 157 159 161 169 189 209 222 235 177 182 189 206 196 201 210 203 211 211 211 211 78 209 74 70 64 61 54 38 21 164 183 198 203 210 216 224 228 233 237 240 81 211 211 211 211 211 212 80 76 75 72 69 66 61 53 41 157 216 234 253 3 9 75 14 16 19 208 77 23 207 75 74 72 69 65 61 58 51 47 40 32 20 6 247 238 234 209 214 220 225 228 122 234 238 129 245 247 252 2 145 15 20 30 167 170 171 174 41 165 29 146 254 236 102 101 117 119 123 129 135 140 145 150 157 161 160 125 124 250 245 240 236 231 102 101 103 104 103 103 103 164 174 186 193 194 2 254 250 185 247 190 248 199 211 152 156 158 158 175 177 30 179 29 160 184 186 161 160 189 158 192 198 33 32 161 161 206 208 35 211 215 216 218 223 226 227 228 228 230 233 172 236 43 239 242 244 245 249 252 0 4 183 183 183 183 183 181 180 49 41 37 161 26 148 11 3 1 242 227 87 77 75 75 76 76 73 71 189 73 78 201 208
118 245 118 120 115 123 241 237 109 125 130 133 243 135 116 116 141 118 118 118 118 118 118 118 120 120 247 168 188 206 220 232 239 183 190 193 196 200 203 204 211 211 211 211 80 205 75 71 66 62 55 40 23 228 181 193 200 208 215 224 228 234 238 240 211 211 211 211 211 211 211 80 78 77 74 71 68 63 56 48 31 215 235 254 5 11 77 14 16 19 22 77 23 25 77 76 74 71 67 63 60 53 49 41 33 20 5 246 238 207 209 214 220 225 121 233 237 240 243 248 135 255 6 12 20 26 35 170 173 45 173 172 170 163 27 10 246 231 114 114 116 120 125 130 135 139 140 147 151 150 152 157 248 244 240 238 108 108 108 108 108 108 108 110 170 177 186 132 3 0 187 249 184 186 187 192 207 220 230 170 173 174 160 31 29 179 159 30 184 187 191 34 161 161 161 197 163 162 161 161 207 210 37 213 214 216 218 222 225 226 170 170 232 235 172 171 238 171 171 172 172 248 250 254 3 8 183 184 183 55 182 181 51 172 40 162 157 151 144 136 2 242 227 88 84 82 85 81 81 205 201 73 76 200 202 205
117 244 117 117 119 121 123 240 122 126 129 129 132 133 137 138 141 143 145 145 116 117 118 154 157 250 121 166 187 204 217 229 237 182 187 192 197 201 208 204 211 211 211 84 81 79 202 74 69 190 58 44 26 149 178 188 199 207 216 224 228 232 237 241 244 247 85 249 250 252 82 207 80 78 76 73 69 65 59 51 32 208 230 252 5 10 203 203 18 21 21 205 78 203 204 76 201 72 68 192 61 55 49 42 35 24 7 247 240 207 107 214 220 225 229 233 237 127 245 250 254 3 11 17 25 31 38 44 173 174 175 173 172 42 34 17 3 235 227 110 111 114 118 125 130 133 134 140 141 141 144 148 150 115 243 243 241 110 110 114 114 115 115 116 173 179 187 2 186 252 183 250 246 183 186 196 217 154 156 170 172 173 177 33 30 157 31 183 158 187 190 194 162 162 162 199 37 34 161 161 208 165 164 164 164 164 219 223 226 228 169 232 233 233 44 237 43 169 170 171 247 172 251 49 1 6 10 58 15 184 17 56 54 48 43 164 32 154 147 138 127 114 99 90 90 88 218 213 209 195 74 76 207 202 78 204
116 245 243 116 111 117 120 241 122 124 126 127 129 131 133 137 139 141 142 115 115 116 118 154 156 250 159 167 185 203 215 229 236 182 187 192 196 201 208 206 210 211 86 209 208 82 203 77 71 190 60 46 30 151 173 186 199 208 215 223 227 233 237 241 244 246 86 249 209 251 252 207 205 203 77 74 71 68 62 56 34 205 228 253 4 10 13 16 18 21 79 25 25 203 79 203 77 73 70 66 62 56 50 42 35 22 8 250 240 208 237 217 221 225 230 234 238 244 247 252 1 8 17 156 160 164 41 47 174 177 54 176 51 47 39 25 12 241 228 92 107 108 111 115 118 123 127 132 134 136 138 141 147 151 245 113 113 112 112 160 164 248 116 170 175 179 184 255 181 251 252 118 115 116 189 207 223 33 157 171 31 154 175 176 178 32 182 158 158 188 190 192 194 199 39 163 37 203 163 37 209 211 212 214 164 40 165 223 224 228 230 231 168 169 45 238 169 243 245 246 249 250 252 51 2 7 10 182 58 17 19 57 56 175 46 42 159 156 151 143 131 117 108 100 96 93 220 211 194 194 75 200 79 79 203 205
115 245 111 111 244 116 109 109 109 109 109 109 109 109 109 111 112 113 142 115 115 115 150 152 116 156 159 165 182 199 213 227 235 183 189 193 197 200 203 206 209 211 209 213 213 83 81 77 73 68 62 49 36 30 171 186 199 207 213 223 228 233 237 240 243 246 86 208 85 250 251 206 82 253 78 76 72 70 186 59 36 142 227 253 2 8 197 15 18 203 203 203 203 203 203 81 78 75 72 67 63 56 49 40 31 20 10 253 241 208 105 219 113 227 232 236 239 245 248 254 5 14 23 30 165 168 45 173 176 178 56 177 177 51 45 33 20 248 102 227 221 218 102 102 104 111 118 126 129 132 133 138 143 150 152 155 155 247 157 161 164 116 116 117 173 175 177 177 177 179 181 183 119 124 134 147 154 229 34 156 155 154 30 175 178 181 183 186 158 157 157 157 194 199 163 41 161 161 163 40 209 211 39 214 42 219 222 225 167 228 166 233 168 168 168 169 170 48 46 246 48 170 252 174 175 8 179 61 182 182 182 183 181 177 49 167 162 159 153 146 138 131 121 108 101 95 223 210 206 74 76 79 82 212 75 206
250 247 111 111 246 109 109 109 109 109 109 109 109 109 131 113 249 114 115 115 115 115 116 116 116 156 118 161 174 192 209 225 234 184 190 193 196 199 203 206 207 210 211 212 84 214 83 79 76 71 64 52 41 31 228 183 199 181 211 220 227 233 238 204 243 207 207 207 86 204 252 254 83 81 80 78 74 71 188 63 38 141 228 251 0 7 13 16 19 202 202 202 27 29 31 31 80 77 74 69 64 56 49 40 31 21 12 254 242 103 240 219 224 229 233 237 240 246 249 1 9 17 28 35 41 169 49 176 178 178 177 180 59 176 51 39 28 123 107 98 92 219 75 74 98 103 107 113 119 125 128 134 140 147 149 151 153 154 156 158 161 166 116 117 252 169 170 171 174 175 179 182 193 135 217 223 225 228 156 156 34 33 31 150 177 181 183 186 158 157 157 157 157 199 203 43 162 161 208 40 162 163 163 162 41 219 223 226 44 163 231 233 168 169 168 170 171 170 170 247 250 171 254 174 5 10 180 63 183 20 23 63 60 57 173 168 164 162 156 149 143 136 129 113 239 230 219 210 73 76 80 82 217 212 204 204
115 250 111 248 248 109 109 109 109 109 109 109 109 109 132 136 139 252 115 145 116 148 150 151 153 156 158 161 172 183 201 221 232 182 189 193 196 200 202 206 209 87 86 204 213 214 85 213 79 74 67 57 46 30 223 181 200 61 210 219 226 234 237 241 244 247 249 250 86 204 204 204 203 202 200 79 75 73 188 64 40 206 227 250 255 6 12 16 20 23 24 27 28 29 81 199 81 76 74 71 65 15 50 39 30 20 11 254 244 210 213 219 225 231 232 236 241 246 251 3 11 21 160 39 168 170 51 58 179 61 179 185 181 178 56 45 37 20 255 107 239 91 80 75 71 100 103 106 110 116 122 128 135 140 143 146 148 150 152 156 159 166 169 170 167 246 162 165 168 173 114 185 200 214 151 152 153 156 159 157 155 155 153 150 177 180 182 187 40 157 194 195 40 201 163 163 45 42 160 160 211 214 215 217 162 163 225 166 165 165 165 233 237 50 49 244 246 50 246 248 250 254 171 5 7 12 180 19 64 64 182 24 61 58 56 171 167 164 158 33 26 139 12 117 106 93 79 196 75 84 87 83 217 212 70 68
115 252 111 250 250 110 110 249 109 109 109 109 109 109 132 134 137 254 145 255 116 148 115 115 115 255 114 159 167 180 200 218 229 236 187 192 197 200 202 207 210 204 204 204 212 202 86 199 81 76 69 178 54 33 219 179 200 60 210 219 225 232 236 240 244 246 248 87 251 253 254 204 255 1 199 80 77 74 70 64 41 206 227 250 254 4 11 16 19 199 199 27 83 83 199 31 80 77 74 70 62 13 50 39 29 20 10 254 244 239 213 219 225 229 232 237 243 248 254 6 17 27 37 42 48 51 174 60 65 183 185 66 66 63 60 169 44 29 7 252 247 242 98 92 81 72 73 212 104 111 118 121 126 132 135 140 142 143 145 146 149 154 157 160 159 242 101 103 107 113 122 198 212 150 150 155 157 160 161 159 42 154 153 153 151 150 152 188 41 157 158 161 46 163 163 208 46 162 161 161 161 161 161 161 163 164 164 230 231 49 49 165 238 239 241 165 243 166 166 167 251 255 172 175 175 12 62 19 21 24 65 179 179 177 174 174 168 49 44 36 146 141 133 126 112 103 95 89 92 96 93 225 218 74 211 68
112 114 252 111 252 119 111 251 109 123 125 126 128 109 109 133 138 142 144 145 1 115 116 115 152 0 114 157 164 176 198 217 229 235 186 193 198 202 202 206 209 204 204 89 202 202 202 201 83 77 72 66 58 37 218 179 200 208 210 219 225 231 237 241 244 247 248 202 251 253 255 89 201 0 83 80 77 74 248 64 42 23 226 248 253 2 9 14 18 21 24 27 28 28 29 30 79 77 74 69 60 12 50 39 30 21 13 255 246 212 103 220 226 230 233 237 244 250 1 10 19 30 39 45 171 172 58 63 181 184 183 183 69 67 177 59 52 38 19 116 110 108 130 251 101 88 78 74 214 108 115 118 124 128 130 133 137 139 141 142 144 144 145 149 153 158 104 108 116 125 132 139 215 152 153 228 158 46 181 47 45 156 154 154 154 155 156 156 159 160 162 165 166 166 166 166 167 165 164 163 162 162 162 162 225 166 167 166 165 165 166 166 166 165 165 165 165 166 166 168 167 0 2 7 9 13 16 65 180 181 25 64 178 62 174 58 55 168 162 156 150 147 142 134 125 119 114 109 111 108 238 227 220 76 73 72
109 111 115 119 0 118 119 120 121 108 108 108 127 129 252 108 108 137 143 145 146 148 150 115 151 113 154 155 161 173 194 212 225 235 187 192 197 201 204 201 202 203 203 203 216 90 202 201 86 79 74 69 60 41 134 178 198 207 210 219 225 231 236 241 244 247 250 90 252 254 255 89 0 86 84 81 77 75 70 64 43 26 223 243 249 1 6 12 16 19 22 24 24 26 27 28 28 29 74 22 60 53 49 39 30 23 15 2 248 215 219 104 225 231 235 239 246 252 4 12 22 31 41 48 54 174 61 66 182 185 184 184 184 71 67 62 57 46 30 122 113 254 254 134 137 253 98 88 81 80 82 83 85 89 88 87 133 135 91 92 93 95 96 97 100 105 115 127 134 140 142 145 218 152 227 157 158 159 161 50 48 160 159 158 159 160 159 160 163 165 167 169 169 169 216 171 170 168 166 165 165 164 163 163 227 166 232 54 165 166 166 166 166 165 165 244 246 248 53 252 55 166 1 170 8 10 16 178 23 24 22 24 66 63 60 172 171 170 165 161 155 154 150 146 141 139 133 127 124 113 240 228 215 220 74 74
254 108 109 0 255 108 108 108 108 108 108 108 108 108 108 108 108 136 141 114 145 149 148 113 150 2 112 157 161 172 188 207 223 233 187 191 197 201 205 207 209 212 214 214 91 201 202 202 87 81 75 70 62 43 24 177 195 204 208 217 223 228 235 242 244 247 249 250 252 253 255 89 88 87 84 81 78 75 71 64 45 30 220 235 245 2 5 10 14 18 21 23 24 81 80 78 27 76 71 69 60 54 49 39 31 23 15 3 249 217 103 222 226 231 236 240 247 255 6 16 26 156 43 50 173 175 63 179 181 184 184 189 75 72 181 66 60 53 39 18 5 112 111 135 113 115 5 110 102 100 100 100 101 100 99 97 94 96 99 102 104 107 110 114 118 123 131 140 203 145 212 216 150 223 158 159 159 161 162 162 162 163 162 161 162 163 163 163 165 168 169 171 171 170 219 172 62 60 58 167 167 166 166 166 165 230 165 55 164 236 165 55 241 242 243 164 164 165 55 252 166 166 3 6 9 11 14 18 21 64 173 23 29 176 174 63 174 63 170 165 163 161 157 152 148 146 139 132 127 4 97 231 77 222 74 218
0 108 108 110 1 108 108 108 109 108 108 109 108 108 255 108 107 137 113 5 4 144 111 110 148 150 154 155 160 169 182 201 215 228 238 189 195 202 204 206 210 201 214 200 216 200 219 220 88 82 76 72 64 46 29 230 191 202 207 218 223 227 235 239 242 247 90 250 90 198 255 1 1 86 84 81 79 75 247 243 47 33 216 230 242 254 3 10 13 15 18 21 23 25 26 77 26 75 71 66 61 53 50 40 31 23 15 4 250 217 221 224 227 233 238 242 250 2 9 19 31 38 46 53 59 63 66 70 181 185 184 189 76 75 75 70 64 57 47 28 118 115 113 114 115 118 118 118 118 118 120 122 121 117 116 115 115 116 119 122 124 128 130 133 135 139 144 145 145 148 147 216 220 225 158 234 161 184 162 164 165 166 57 164 165 166 167 167 169 171 171 172 64 172 172 64 61 169 170 60 58 166 166 58 58 56 164 164 164 238 240 164 163 243 164 163 163 250 251 165 255 2 4 7 9 11 13 17 21 23 173 25 27 174 31 66 175 176 171 168 167 165 162 156 152 149 142 133 129 119 105 92 80 224 220 215
109 110 112 6 112 4 110 111 110 111 4 4 109 108 109 108 135 139 140 142 142 110 111 3 147 150 152 155 158 165 179 196 210 222 234 189 194 200 204 197 210 212 214 215 217 92 219 221 89 82 79 73 65 51 36 228 185 199 207 219 224 229 235 239 243 247 249 251 91 253 255 0 88 255 84 80 77 73 67 61 48 35 214 222 238 249 2 6 11 14 17 20 21 23 78 25 26 26 70 65 61 10 50 39 32 21 16 6 252 248 97 225 229 234 239 244 252 4 13 23 34 159 48 53 60 175 68 72 183 184 184 184 183 191 78 72 173 62 53 40 125 10 115 116 11 147 122 123 124 124 128 130 130 130 131 132 133 134 136 139 140 143 144 146 146 149 149 148 212 214 149 217 222 226 158 235 56 163 164 167 195 196 166 200 167 169 169 170 171 172 172 172 172 172 172 65 223 169 169 169 166 166 166 166 165 165 164 164 164 164 56 240 243 245 164 162 249 250 252 254 58 3 5 60 9 11 63 16 21 65 172 26 30 175 32 177 177 71 174 36 37 169 166 161 156 151 145 136 131 124 111 102 85 225 220 69
112 113 113 119 114 9 113 125 7 112 112 6 109 110 6 111 4 107 136 108 109 109 108 108 107 107 107 151 153 158 173 189 206 215 230 241 193 197 202 207 210 211 213 198 198 92 217 218 87 188 81 75 68 54 39 224 181 195 204 212 224 228 230 237 241 245 247 249 250 252 253 87 87 255 188 81 76 69 239 57 50 37 29 219 235 246 252 1 5 10 14 16 19 21 22 22 22 72 69 64 58 9 47 38 31 23 18 8 255 251 224 102 231 237 241 246 255 10 18 28 38 46 51 56 63 67 180 180 183 184 184 80 183 183 183 76 175 65 55 47 27 118 117 117 120 122 125 127 130 131 135 137 137 135 137 139 138 140 190 146 146 150 205 207 154 151 151 150 150 214 46 218 152 226 231 233 161 189 166 166 196 167 61 201 204 64 210 172 172 172 172 172 68 223 67 64 64 168 169 169 168 167 231 166 166 62 62 60 163 163 57 239 242 58 247 248 247 248 250 162 59 4 6 163 9 10 13 17 20 21 23 25 28 30 33 38 177 178 71 170 170 169 167 163 159 154 151 142 137 130 121 107 242 79 75 74
114 11 113 114 114 11 113 113 113 127 129 131 133 10 135 136 6 107 107 108 141 109 108 145 107 107 107 4 151 107 164 183 200 211 224 237 192 197 201 205 209 210 213 215 93 194 91 90 89 188 82 76 70 61 46 32 227 190 201 208 220 228 231 234 239 189 190 246 190 190 190 252 253 188 83 80 74 68 63 58 51 36 27 214 231 242 246 252 2 8 12 14 16 17 19 20 22 22 21 18 58 51 46 39 32 25 20 11 2 100 102 2 234 239 244 251 7 16 24 34 45 164 55 59 175 70 180 182 183 185 184 82 183 183 183 79 74 69 59 49 35 124 123 125 23 128 129 133 135 136 173 175 177 36 141 143 188 146 148 149 149 151 152 153 211 152 50 152 49 46 215 219 225 155 231 234 161 191 166 64 197 63 167 167 168 168 211 171 171 171 171 172 172 173 172 170 67 169 67 169 168 66 167 167 166 64 64 62 163 163 59 57 241 244 245 161 56 158 158 254 2 4 6 5 6 161 164 16 18 22 169 169 168 30 33 37 40 43 72 70 68 171 169 166 162 160 158 149 142 135 126 113 94 84 79 76
113 115 114 13 120 121 123 124 126 10 125 128 133 11 132 9 108 107 136 107 107 7 107 107 106 106 106 5 105 155 159 177 197 208 218 232 240 198 202 205 207 210 211 214 217 193 192 218 91 88 84 78 72 64 52 32 222 191 200 206 217 225 230 234 238 242 245 247 249 251 250 251 252 85 82 247 244 67 238 232 50 36 25 209 227 238 241 247 253 1 6 8 9 10 12 12 13 14 14 59 9 47 42 40 35 27 20 15 6 100 102 5 237 243 250 2 13 23 33 42 52 167 171 174 70 75 81 81 182 184 187 83 183 183 192 82 78 74 66 53 37 127 125 26 28 131 163 135 136 171 139 139 137 178 183 143 188 145 196 200 51 204 153 210 211 153 153 52 50 148 149 151 224 226 231 233 188 192 165 165 165 201 204 168 168 168 170 171 171 171 171 223 226 174 72 72 170 230 68 168 167 68 67 67 166 239 241 64 163 63 61 58 157 159 159 58 248 57 252 255 1 59 3 158 7 10 164 164 19 22 25 66 168 32 33 35 37 42 44 73 172 72 171 169 168 165 163 155 49 141 132 118 101 89 86 85
113 115 116 118 14 10 118 120 122 10 109 128 130 130 9 132 10 107 107 107 106 8 107 107 108 9 150 151 107 154 158 170 187 203 216 228 238 195 200 204 206 208 211 213 215 94 217 92 92 89 85 80 74 65 56 32 221 191 200 205 212 220 226 232 237 240 243 245 247 248 85 249 249 82 248 73 68 64 57 53 48 37 22 207 224 234 238 242 247 252 255 255 0 2 4 5 7 8 9 7 50 1 43 40 35 29 22 17 8 102 103 236 240 246 121 128 138 145 38 48 56 170 66 177 178 77 83 83 182 182 182 187 183 84 190 82 78 75 71 59 45 34 130 131 133 134 164 136 169 172 142 143 141 140 143 144 144 193 148 200 204 153 152 152 152 212 153 152 52 150 218 220 223 226 232 234 237 193 165 165 165 202 206 168 168 211 215 217 218 171 171 172 173 229 229 74 170 231 232 168 167 69 67 237 238 165 66 163 163 245 64 61 157 247 248 57 248 57 253 158 3 60 156 5 8 10 15 18 18 22 25 26 29 32 168 167 39 43 45 75 173 172 74 171 170 169 165 159 153 146 137 123 117 104 103 101
15 14 13 11 115 11 107 108 108 108 108 108 127 107 129 131 133 135 136 137 138 140 143 144 147 147 8 150 152 154 157 163 178 196 210 224 234 240 198 201 204 206 208 210 212 216 216 217 91 217 84 79 74 65 57 33 220 186 194 201 210 216 221 227 232 235 238 240 242 244 244 244 245 244 241 239 235 232 229 230 228 40 21 205 222 229 234 238 242 245 247 250 252 254 255 0 2 4 4 3 2 45 43 40 34 29 23 19 10 102 236 108 111 0 11 21 146 153 46 55 62 173 69 178 179 180 181 182 182 182 182 187 189 85 189 83 79 76 72 61 48 37 35 156 160 163 165 167 136 139 178 181 143 143 144 145 146 194 199 151 151 206 153 152 152 211 152 152 56 151 151 151 223 226 232 234 237 193 196 199 201 203 206 208 167 211 74 216 170 171 171 77 172 172 172 172 75 72 72 167 71 70 165 238 166 69 67 243 163 163 66 160 157 157 157 60 249 251 253 255 2 61 156 5 8 10 13 16 19 22 164 163 29 70 34 168 40 43 45 48 49 172 172 172 76 171 169 164 160 151 140 130 125 119 117 109
16 111 111 113 13 107 117 119 121 122 123 125 106 11 103 103 103 103 9 133 136 137 140 143 145 9 144 146 150 9 154 158 171 189 204 217 227 234 240 197 203 206 207 209 211 212 214 90 215 215 83 78 74 65 58 35 217 228 188 196 204 210 216 223 228 230 235 237 238 239 239 240 239 239 68 64 230 54 223 224 46 40 20 203 219 226 230 234 236 239 243 247 248 250 250 253 254 255 255 46 255 45 0 39 251 31 26 21 12 104 106 112 119 126 19 28 38 158 162 169 172 70 74 179 180 181 84 86 88 183 182 187 87 85 178 84 80 76 73 62 50 39 130 156 133 135 165 167 170 176 143 144 144 143 189 189 147 148 197 201 151 206 59 152 152 152 153 152 218 152 151 221 222 226 156 157 237 192 196 199 201 203 207 208 211 167 215 218 220 76 226 172 171 231 232 234 77 167 167 235 72 167 239 241 72 71 163 163 246 248 68 66 64 157 157 60 60 250 252 254 2 156 7 62 156 155 11 15 19 23 164 27 30 69 34 38 41 42 44 46 49 52 54 56 58 78 76 167 164 155 146 138 131 29 27 112
107 109 110 113 15 14 106 106 106 106 106 106 106 13 11 104 103 103 9 100 100 100 100 140 144 11 8 100 148 151 154 157 167 183 198 210 223 231 236 241 199 201 203 204 207 209 211 211 212 210 208 206 71 62 193 39 31 219 233 196 204 206 212 218 223 226 229 230 232 234 234 235 233 232 232 229 227 52 45 219 220 36 21 203 216 223 227 229 233 236 238 243 246 247 247 249 251 251 251 253 254 255 41 37 126 33 31 25 18 108 247 119 126 134 142 36 46 164 167 173 174 177 179 79 90 180 180 87 181 183 182 182 182 180 179 83 80 77 73 62 49 40 39 157 161 135 165 137 139 142 179 144 144 144 146 147 149 150 150 151 151 206 61 210 212 154 152 152 152 153 59 150 58 226 231 233 156 238 197 199 201 202 205 208 211 75 216 168 169 170 227 80 171 171 171 171 78 233 75 166 239 75 241 74 73 244 164 72 162 162 69 65 249 157 157 154 62 59 252 255 3 6 63 8 10 62 13 156 20 23 26 68 29 32 35 37 40 42 45 47 50 52 171 171 171 171 78 168 165 160 152 142 134 127 122 117
106 106 106 107 16 106 106 106 106 106 106 106 127 129 106 106 13 103 11 99 100 100 100 11 12 104 102 11 149 151 151 154 163 176 192 205 216 225 231 235 237 241 199 201 202 204 204 206 206 206 76 72 67 59 56 41 32 213 225 194 200 204 209 213 218 222 224 226 229 230 230 230 230 230 229 226 222 221 217 216 217 32 21 202 213 219 222 226 228 230 234 238 240 242 244 245 247 248 250 251 252 254 42 128 37 36 32 26 111 111 117 126 134 27 37 156 163 170 173 69 177 179 180 181 181 182 89 92 181 183 182 187 188 88 176 83 80 78 74 63 50 133 133 133 136 136 138 141 142 143 144 145 146 145 147 149 196 59 197 201 151 206 62 152 152 153 153 153 217 153 61 220 59 226 230 156 158 68 194 196 198 202 203 207 212 76 217 168 222 170 227 229 171 233 234 171 80 167 77 166 167 242 242 75 73 243 162 247 248 162 71 158 157 251 253 154 63 152 152 1 3 154 6 8 10 154 16 65 22 159 26 27 31 34 72 37 40 165 166 167 50 52 57 59 60 62 170 78 76 164 159 145 137 133 126 122
106 17 109 17 112 114 116 118 119 106 106 106 106 105 129 106 15 103 14 101 103 103 101 139 142 145 14 12 100 100 149 150 158 171 184 198 209 217 224 229 233 236 239 241 199 200 202 202 203 202 200 197 237 58 233 47 35 116 218 228 194 198 202 205 210 213 215 217 219 220 221 222 222 56 54 50 47 43 37 124 36 29 21 203 211 216 220 224 226 229 232 236 238 130 130 244 245 246 129 129 130 130 43 40 127 39 32 26 110 252 6 19 27 149 156 52 168 65 173 177 178 180 181 181 181 89 89 91 181 181 180 91 179 90 86 83 81 80 179 63 53 44 155 160 137 140 140 173 142 178 182 184 59 147 149 149 149 61 198 151 151 206 209 153 213 65 64 151 152 65 62 149 223 228 154 233 234 238 69 196 200 203 161 210 165 216 219 223 170 171 171 80 230 233 81 234 235 78 166 166 166 241 164 244 72 243 246 161 162 163 73 158 68 156 253 154 65 255 152 152 4 64 152 152 11 67 67 19 23 70 27 28 30 35 162 162 41 45 46 48 49 54 57 61 82 170 82 63 79 166 164 152 141 139 132 129
20 19 105 18 103 104 114 116 118 120 123 124 125 127 127 130 130 130 133 16 137 139 16 138 142 144 15 100 100 13 11 149 154 163 177 192 204 208 214 220 225 229 232 235 237 238 239 239 240 239 237 65 234 56 229 49 35 209 218 225 233 196 198 203 206 209 212 213 214 215 217 219 219 220 219 49 215 42 39 213 36 30 22 203 210 216 220 36 36 228 232 37 235 238 239 240 242 243 127 127 250 254 0 42 41 39 33 26 112 2 131 28 148 45 161 57 169 69 75 77 80 180 85 181 94 94 180 180 180 93 91 180 183 87 85 180 180 78 71 60 52 46 133 162 140 142 171 143 143 144 183 147 187 149 192 193 149 62 199 202 152 152 208 210 212 213 151 151 220 66 63 221 223 225 228 154 234 68 237 239 200 202 161 211 165 217 219 223 224 226 227 80 166 231 232 166 166 166 166 166 80 77 77 76 74 159 162 162 163 76 74 71 156 69 68 154 68 1 2 4 5 152 10 65 13 154 154 20 23 26 72 27 32 34 39 76 42 44 47 164 51 166 57 59 62 170 84 167 167 166 79 159 152 145 138 135
106 107 105 19 110 103 113 116 117 103 19 121 123 18 125 102 17 129 102 134 134 136 15 99 102 102 102 101 102 16 99 99 99 157 168 184 196 203 207 213 218 222 225 228 230 232 232 233 233 232 232 231 59 227 50 45 35 113 215 222 232 236 196 198 202 206 208 210 210 210 211 213 214 215 216 46 43 213 40 212 214 31 24 202 207 215 219 223 227 122 230 233 235 237 239 241 124 124 127 127 251 254 1 44 42 38 32 28 255 10 138 35 43 161 165 62 66 72 93 177 82 180 86 181 180 180 180 180 96 92 91 178 89 86 179 82 178 78 71 59 51 153 158 138 141 141 142 174 176 178 182 185 188 189 190 191 193 147 198 201 204 66 206 150 150 150 214 152 220 68 148 220 221 149 225 230 234 69 153 239 200 202 205 209 214 218 166 221 224 225 227 166 82 165 234 166 166 166 166 166 165 162 78 161 75 244 249 162 162 77 74 157 72 155 154 154 70 68 151 151 151 151 10 10 13 153 155 155 24 26 29 157 34 158 39 76 41 45 162 49 51 166 82 59 63 66 67 169 169 167 165 165 159 151 145 54
105 104 104 104 103 102 110 113 114 19 19 100 121 123 124 99 126 100 18 99 99 99 137 101 102 101 145 145 18 17 15 151 153 156 163 176 187 198 200 206 211 215 219 222 224 224 226 226 226 225 226 226 224 224 223 46 40 33 212 216 226 232 234 195 197 201 204 206 205 206 209 211 210 211 212 211 210 123 40 39 119 33 26 20 205 213 217 221 225 228 230 234 122 237 239 241 123 246 249 252 43 255 126 0 1 36 250 115 121 17 145 152 50 166 167 170 69 75 79 81 84 86 88 89 90 92 179 179 95 92 176 178 177 86 84 175 175 77 69 58 49 152 159 57 167 141 142 142 142 142 144 183 186 187 146 146 192 196 148 202 151 151 151 150 150 68 152 219 153 70 218 64 221 65 224 228 231 233 236 71 199 203 156 208 214 217 221 164 165 226 228 83 231 233 234 236 83 239 241 243 243 81 78 77 77 246 249 252 161 77 254 157 75 155 154 153 71 71 151 70 69 8 9 148 14 153 22 155 73 27 28 30 32 36 38 76 42 44 46 48 51 55 165 60 64 66 68 169 85 83 73 83 162 156 151 142
105 108 25 24 103 21 99 100 100 20 20 100 100 99 98 99 100 130 19 18 133 99 99 139 101 20 18 143 146 147 147 149 151 153 160 171 180 190 194 199 204 208 210 215 217 218 218 220 221 220 220 54 219 218 219 45 38 32 209 211 219 227 228 230 232 235 197 200 201 203 205 208 206 208 209 42 211 212 40 212 118 33 26 22 205 210 217 221 225 226 230 234 121 121 240 122 245 246 251 250 123 255 43 41 253 251 113 4 125 27 41 49 57 168 170 172 174 77 176 81 84 86 88 97 177 92 178 98 176 93 90 87 172 85 82 171 76 168 65 53 48 152 136 140 61 142 63 142 142 142 180 182 145 187 148 191 146 148 198 151 151 151 151 150 150 213 153 153 153 153 149 65 220 221 223 225 228 230 235 237 200 155 206 208 211 218 221 163 164 227 228 83 230 232 233 234 237 239 240 242 243 80 159 245 79 77 250 252 253 254 255 76 0 155 154 153 153 153 7 72 151 69 149 148 15 20 22 74 25 26 28 152 152 33 35 38 40 42 46 158 50 54 164 61 64 167 68 168 86 84 74 165 164 159 72 63
106 27 108 26 102 22 100 100 100 23 22 99 119 99 124 125 21 99 99 99 99 99 20 98 99 99 19 17 95 16 146 147 149 152 156 166 176 183 187 192 198 203 206 209 212 214 216 216 217 218 219 218 215 48 215 44 39 34 29 205 213 222 225 120 231 233 234 197 200 203 45 123 123 123 121 121 121 212 41 212 214 35 29 26 101 210 215 222 225 226 229 234 235 239 241 121 121 121 44 250 253 43 43 41 38 37 6 131 24 38 47 52 59 66 172 72 76 78 80 81 83 175 87 89 91 97 93 94 94 92 170 169 169 170 81 170 167 70 62 51 148 154 162 63 142 142 142 142 141 142 64 183 185 188 69 145 195 71 150 71 203 205 70 207 71 213 152 218 153 153 73 68 145 145 145 145 228 231 233 236 202 76 206 154 211 217 221 222 224 162 162 84 161 232 81 232 236 238 240 241 243 244 80 245 246 248 251 251 78 254 76 76 155 154 154 152 152 153 153 74 72 148 70 13 16 20 153 153 27 29 29 74 152 35 152 74 40 43 45 48 50 55 59 63 164 68 69 73 87 164 77 79 79 83 153 146
105 27 106 26 25 24 100 100 100 100 23 118 98 120 122 124 22 127 130 100 100 100 22 21 139 140 99 95 95 18 144 94 94 151 154 160 167 174 181 183 190 195 197 202 205 207 209 210 211 212 213 212 212 44 210 211 39 37 30 204 211 221 224 226 228 230 231 235 121 122 203 205 206 208 121 121 44 119 42 212 216 37 31 29 104 105 107 109 222 224 229 38 234 238 242 121 121 121 45 251 252 253 255 42 117 119 13 25 33 46 52 162 165 169 70 73 172 172 172 172 83 85 95 86 88 88 90 91 91 90 85 83 82 81 165 163 161 64 149 48 146 154 163 65 142 142 142 142 143 142 179 144 184 187 191 194 151 151 150 201 72 203 70 206 149 151 215 219 153 153 75 147 145 145 145 145 227 147 147 234 239 204 207 154 213 217 219 222 224 226 228 228 229 229 157 156 235 236 239 241 158 244 80 244 246 247 250 251 78 254 153 154 3 154 154 152 152 153 153 75 73 12 148 147 18 21 153 153 154 153 151 33 152 37 152 77 152 42 43 44 48 52 58 61 67 165 71 72 89 164 79 82 88 84 156 150
104 105 105 107 109 100 100 100 100 23 115 97 97 98 124 126 25 99 24 98 99 135 98 136 97 97 143 21 19 143 94 94 94 94 153 157 160 166 173 177 182 190 193 196 200 201 202 203 204 205 207 206 207 208 42 41 209 37 32 27 207 216 219 222 225 227 229 234 200 201 204 121 208 121 120 120 119 214 44 114 39 36 212 33 108 110 110 111 111 112 113 114 236 116 119 119 247 250 251 45 118 117 118 121 125 127 136 141 150 51 86 164 64 66 69 71 76 79 97 80 83 84 83 84 93 87 91 88 89 163 88 86 83 162 76 72 155 59 50 142 148 155 162 67 169 141 143 142 176 142 180 184 144 188 190 194 199 77 76 202 74 147 147 205 209 212 215 218 222 81 78 75 146 222 145 145 227 72 145 233 237 241 208 211 215 217 220 221 84 84 226 82 228 230 81 232 235 80 237 239 242 156 81 245 246 155 156 156 156 154 1 153 78 6 154 79 152 78 150 11 74 147 147 147 18 77 26 28 154 80 153 79 35 38 40 77 42 75 149 46 150 53 57 62 68 71 90 163 75 78 82 92 82 88 83 153
102 29 28 106 100 100 110 100 100 26 97 97 97 96 96 96 97 97 129 131 131 133 135 23 97 97 97 24 22 94 94 94 94 150 93 153 156 159 164 169 176 183 185 188 192 192 194 195 197 200 203 202 204 206 207 40 205 205 30 24 197 206 212 219 223 41 227 232 234 236 204 206 48 120 118 212 213 216 45 41 40 213 110 112 112 114 115 115 115 115 115 115 116 117 119 119 120 121 121 48 122 123 124 129 132 135 32 41 50 54 88 91 63 164 69 71 73 76 78 79 80 81 82 85 85 86 85 87 160 161 164 84 154 77 74 70 149 55 137 141 148 158 162 68 141 171 173 70 142 142 142 183 144 188 146 192 197 76 149 203 76 203 205 147 148 149 217 152 153 224 152 78 73 144 223 225 227 73 144 232 236 238 208 153 213 216 218 221 84 224 82 226 227 229 231 233 154 81 153 153 241 243 81 245 247 251 252 253 82 153 153 80 3 7 9 80 80 78 12 150 149 14 147 147 20 78 27 30 33 34 153 79 36 38 150 150 150 149 149 48 150 52 55 60 66 70 92 163 77 80 84 94 84 90 85 156
29 102 30 100 100 29 109 112 114 97 97 26 117 25 119 121 124 96 96 96 96 96 96 96 96 140 25 141 142 144 146 146 148 149 21 151 154 156 158 163 169 174 177 179 183 185 187 191 193 195 200 201 200 202 203 203 203 32 198 194 191 197 204 212 218 220 224 228 231 232 235 204 209 48 118 211 212 214 44 43 40 216 113 114 115 117 48 118 118 118 118 118 120 120 121 122 122 123 123 125 127 131 133 134 26 32 39 47 50 54 59 91 64 164 163 70 73 76 77 164 79 80 81 85 94 89 157 86 88 158 86 157 80 75 72 68 59 53 48 140 151 159 162 166 167 141 141 141 142 142 71 182 185 188 76 193 149 149 148 202 77 202 205 76 207 212 215 219 82 223 82 80 145 74 221 223 226 144 145 233 148 240 209 152 214 215 217 219 221 222 223 225 228 228 230 232 235 236 237 239 241 243 244 246 153 251 83 254 153 153 81 80 2 6 152 151 151 151 150 150 79 146 18 19 20 24 28 152 81 34 35 80 150 39 41 43 45 79 148 49 51 148 55 60 157 71 93 163 163 82 166 166 165 164 159 86
29 100 30 105 100 31 28 109 28 97 114 26 95 95 94 94 96 96 96 96 96 96 96 96 96 96 26 25 141 141 143 145 90 90 20 150 152 153 156 158 163 167 169 173 175 178 181 184 188 191 195 194 196 196 196 196 196 194 190 15 180 183 187 197 200 205 211 213 217 220 226 234 205 207 45 209 210 212 213 216 43 112 115 118 120 120 122 122 122 121 121 121 123 124 125 126 126 127 128 131 133 21 136 137 141 36 43 47 50 55 60 160 65 68 70 163 74 76 94 77 91 90 79 83 84 83 87 83 84 152 151 151 151 150 70 62 136 52 121 127 155 136 161 165 168 170 141 141 176 178 73 142 143 145 146 148 198 80 149 202 79 146 205 147 146 211 148 217 83 222 223 81 144 143 72 140 224 228 231 233 146 238 240 209 211 214 215 217 219 220 222 224 225 225 226 228 230 231 233 234 237 241 243 246 250 153 84 254 1 84 151 150 4 151 9 11 152 84 152 83 80 78 145 145 145 24 26 30 33 82 151 151 150 81 148 148 149 149 149 49 49 50 52 58 64 71 76 165 166 166 166 166 98 166 164 158
96 98 101 104 106 106 107 96 110 112 113 96 96 96 96 96 96 96 96 96 96 96 133 94 136 137 26 141 140 23 89 90 90 90 22 89 88 88 153 155 158 160 161 166 168 172 174 177 182 184 186 185 186 188 187 187 184 181 180 6 251 166 169 176 181 186 193 196 200 205 215 222 231 205 207 112 111 111 112 113 114 224 229 121 122 124 125 125 126 126 60 125 127 129 128 130 130 132 134 136 137 138 139 139 143 41 45 48 51 55 60 160 160 67 70 72 73 74 77 92 78 79 156 157 82 82 80 79 80 78 76 71 141 139 136 56 55 137 128 151 136 137 138 165 73 139 142 142 141 141 141 182 145 147 147 195 196 148 200 80 203 82 148 148 209 211 214 216 219 220 149 83 145 77 142 142 142 142 229 231 233 236 237 78 145 211 212 214 216 216 218 77 221 223 76 74 225 226 228 230 233 236 241 247 251 87 85 255 2 152 153 152 7 151 150 13 16 155 88 85 150 147 18 19 144 146 27 31 33 36 151 151 83 82 148 148 46 47 48 146 144 143 143 54 60 68 74 82 85 167 166 166 166 166 97 161
31 94 98 30 94 94 107 95 95 111 113 115 117 119 120 122 124 126 127 129 131 133 131 92 133 135 27 26 89 25 89 144 146 148 149 25 88 23 151 19 155 157 158 158 159 162 165 166 168 169 172 172 174 177 178 179 180 14 11 5 253 250 57 167 167 170 174 178 182 186 198 212 227 44 111 112 48 113 114 117 119 121 123 123 125 127 127 129 129 128 128 128 5 9 9 132 134 135 20 25 76 139 140 143 143 43 150 150 52 55 61 65 68 69 95 95 72 74 76 77 78 77 79 79 80 79 77 77 76 140 140 139 136 132 131 56 122 142 133 156 159 160 162 139 167 169 172 174 78 142 179 144 187 190 192 146 196 197 82 145 145 204 84 83 81 209 213 83 84 220 84 148 223 80 222 223 225 226 227 229 230 233 235 237 238 240 241 211 213 214 216 217 219 219 221 221 223 135 225 227 230 233 239 246 250 253 254 151 2 4 153 87 8 10 12 14 17 20 22 88 150 82 77 18 22 27 147 31 148 36 40 42 84 148 45 46 80 144 47 80 50 51 79 55 61 68 76 81 84 87 91 92 92 95 101 164
32 94 94 94 94 94 105 32 108 30 110 92 92 92 92 92 92 92 92 92 92 127 129 129 132 134 90 27 89 89 89 89 89 89 89 150 151 23 84 151 154 84 83 157 17 80 17 17 164 166 17 16 78 173 174 175 177 13 10 6 255 254 250 246 245 165 167 170 174 178 189 208 226 209 212 114 115 118 120 122 124 125 126 127 128 129 130 132 132 133 133 133 134 11 14 136 135 136 22 27 78 30 34 38 40 45 49 150 52 55 59 63 66 67 69 94 90 152 73 75 90 150 75 76 84 82 75 76 74 70 133 129 129 127 118 133 126 148 154 76 136 136 163 139 139 138 139 140 176 140 143 145 145 145 191 146 196 196 198 145 145 204 207 86 82 208 210 211 216 218 221 85 145 82 78 138 221 223 137 227 229 232 75 232 234 73 237 238 240 241 211 212 213 132 70 217 219 220 222 224 227 230 235 242 246 251 253 255 1 5 89 87 148 149 149 149 18 20 152 89 87 82 78 17 21 27 28 31 34 147 40 85 148 146 83 144 45 46 49 80 141 140 142 55 60 66 72 77 82 88 91 165 165 165 166 100
93 96 98 99 33 103 104 92 31 108 110 111 113 92 92 92 120 122 124 125 125 127 29 28 88 89 89 89 89 29 142 144 28 146 148 149 149 149 22 151 152 155 20 79 158 81 82 81 163 78 18 17 77 171 172 175 16 13 11 6 3 1 253 249 246 49 50 51 173 176 188 208 229 210 115 116 120 122 124 126 128 69 129 129 131 132 132 0 2 5 134 8 11 73 135 17 135 21 23 27 30 140 35 39 42 46 49 52 88 55 58 62 64 65 68 68 68 69 71 73 73 72 72 73 75 74 136 73 71 69 66 124 127 120 123 127 133 152 155 138 138 139 140 140 79 138 171 141 141 178 84 185 145 189 145 193 194 84 146 145 145 145 205 85 84 80 142 143 215 146 220 221 144 84 140 137 75 222 137 226 227 229 231 231 234 73 233 235 237 238 240 212 213 214 216 215 216 127 220 222 224 227 234 239 245 249 251 253 1 4 90 9 11 149 149 89 149 150 23 150 88 84 140 138 22 27 28 29 34 39 40 147 87 145 145 47 81 140 48 49 141 55 81 57 60 66 71 76 83 87 93 95 97 101 169 103
90 91 97 98 93 93 92 33 105 90 90 90 112 114 117 32 31 89 121 123 124 89 89 89 89 89 89 89 88 138 140 142 144 25 143 24 81 24 22 147 149 151 152 153 157 159 162 21 19 164 165 166 169 16 74 15 74 73 13 10 7 6 1 252 247 48 165 168 169 171 183 206 230 214 220 225 124 126 128 130 131 132 132 132 133 133 133 133 133 6 75 133 133 135 135 18 20 22 24 26 31 33 141 39 42 85 47 51 52 54 56 60 62 149 65 147 145 67 86 69 70 70 69 69 69 69 68 67 65 62 57 118 123 129 132 135 137 152 155 138 138 161 164 165 138 138 171 82 81 177 181 183 185 144 144 144 141 193 198 199 145 145 145 87 86 142 142 211 214 217 219 145 85 221 83 79 77 222 79 76 224 226 228 228 230 71 230 232 70 234 236 238 239 241 213 124 216 218 219 221 125 226 230 236 242 140 250 253 1 4 8 88 10 149 149 149 149 22 92 150 90 86 82 138 138 80 27 29 34 38 40 43 87 44 86 82 81 138 47 50 53 140 56 58 61 64 71 74 80 86 92 96 164 103 111 166
34 90 96 92 92 102 36 34 90 90 90 90 90 33 114 88 88 88 88 88 89 32 128 89 132 133 135 32 31 135 136 138 139 141 82 82 82 25 21 144 147 76 18 152 77 77 79 162 21 19 73 165 168 18 17 171 173 17 71 14 10 9 6 255 250 246 245 164 168 171 177 199 226 214 222 227 232 236 241 75 133 133 134 134 76 133 133 134 77 133 133 133 13 135 135 135 135 135 134 136 31 35 38 40 42 86 47 143 52 87 143 58 61 63 63 65 65 67 68 67 65 65 63 63 63 62 61 61 61 116 123 130 131 134 135 149 152 138 138 137 137 137 162 138 83 139 170 84 83 140 140 182 185 188 143 85 139 192 197 199 144 202 144 89 87 143 143 142 214 216 219 220 219 84 81 136 137 222 221 222 223 225 75 129 129 129 69 229 231 231 233 124 123 122 122 122 215 218 124 124 225 226 229 235 243 249 251 253 3 5 6 88 10 15 16 19 21 24 93 148 89 86 82 21 22 24 28 81 34 38 41 43 44 45 86 84 83 47 48 51 54 82 57 59 84 65 70 74 78 85 91 97 99 102 104 104
36 90 95 92 92 37 36 35 103 88 88 109 110 111 114 116 34 118 120 88 88 33 127 88 88 33 31 134 28 133 81 137 81 81 81 81 81 25 20 76 21 76 20 151 155 158 161 162 160 73 73 73 74 73 72 170 173 18 15 175 13 11 8 2 251 248 246 246 164 169 172 192 219 239 222 121 233 237 241 244 247 250 253 255 135 133 133 134 79 133 133 133 133 134 135 22 135 135 134 136 31 34 37 39 40 44 46 51 52 53 55 57 58 59 59 61 62 64 64 63 75 59 59 60 59 56 116 117 118 122 127 133 136 83 137 149 152 138 138 138 139 137 162 165 139 85 171 86 139 140 142 143 143 186 187 187 140 84 192 199 144 202 144 90 90 210 211 144 144 216 216 215 213 216 217 218 80 218 129 220 221 223 226 74 228 229 229 231 232 124 124 123 122 237 238 240 215 218 69 223 124 124 230 236 244 250 252 254 2 4 7 144 144 14 16 19 21 23 25 26 89 87 83 81 20 23 26 30 33 38 39 41 43 45 86 46 140 139 81 51 53 55 56 58 61 64 67 70 76 82 88 93 99 101 104 109
37 89 95 39 90 38 37 88 88 88 88 88 110 36 113 114 115 85 119 122 36 34 86 127 131 131 29 81 81 81 81 80 80 140 142 142 143 24 143 76 147 149 151 75 22 155 74 73 159 162 74 21 74 74 19 71 71 174 18 17 68 13 9 5 254 250 45 44 247 167 169 186 209 228 219 228 232 236 240 75 247 251 133 1 3 5 7 133 133 133 133 14 16 19 22 22 24 27 134 85 82 34 135 39 82 41 43 45 46 48 50 82 53 56 57 56 58 59 58 59 73 55 53 53 112 115 63 120 125 131 137 138 137 86 85 136 136 153 86 156 84 136 162 138 137 138 171 88 138 139 180 182 140 140 88 187 189 188 192 197 143 204 145 145 92 209 212 90 211 82 205 205 207 210 212 211 212 212 214 215 217 217 219 221 223 225 228 228 227 122 123 235 121 119 119 237 239 217 221 224 123 123 230 236 243 248 139 0 142 142 8 144 144 15 17 19 21 93 24 92 91 90 137 81 80 130 25 30 33 137 38 39 85 136 136 46 48 84 80 49 53 56 83 57 60 63 67 70 76 81 89 92 97 159 104 108
39 91 88 95 97 99 100 101 88 37 106 108 37 34 85 113 113 115 117 121 36 34 124 125 127 127 30 130 131 81 81 137 137 78 139 141 142 25 141 144 145 147 22 149 73 154 74 73 22 160 164 165 74 170 22 21 71 71 71 19 68 16 13 8 1 252 162 164 165 247 40 176 198 217 236 224 231 235 239 243 248 251 253 255 3 4 6 8 10 12 82 15 17 20 83 132 133 27 133 84 84 35 36 38 134 82 132 132 46 47 49 51 80 52 53 54 55 56 56 54 53 52 52 113 115 119 123 128 131 137 142 138 138 138 137 136 136 153 88 136 136 136 136 137 165 138 139 90 138 139 141 141 140 185 90 138 138 137 193 143 143 204 206 145 94 142 209 208 205 204 198 201 200 201 204 206 206 206 208 209 211 211 213 215 215 219 222 224 226 230 233 124 72 69 234 233 236 239 219 72 123 123 232 238 243 248 254 255 3 5 8 11 13 143 144 145 144 144 25 92 25 25 85 132 78 19 22 28 30 35 38 41 87 136 136 136 136 85 130 49 52 58 85 56 58 61 64 70 75 81 87 93 97 101 104 159
41 88 92 93 95 97 99 101 102 36 103 107 38 108 36 110 32 113 117 119 120 120 81 81 32 127 31 79 132 134 81 31 78 136 137 137 140 73 24 72 72 72 23 150 153 154 156 72 72 22 70 165 74 170 23 170 70 174 176 22 69 19 64 63 11 1 250 160 163 167 248 171 180 197 217 237 228 234 239 240 244 248 251 252 254 2 4 6 8 9 11 127 14 17 22 23 25 26 29 31 32 32 34 36 37 39 40 42 43 45 78 47 48 49 49 50 50 50 49 47 65 112 113 118 122 126 130 84 133 138 141 89 144 146 146 148 136 137 137 136 136 159 162 138 137 169 139 139 140 139 140 140 140 140 92 138 139 138 193 196 199 143 143 205 208 91 206 86 200 195 193 194 194 196 198 199 64 201 65 205 207 207 209 61 208 212 216 221 224 228 232 235 70 68 65 233 235 238 219 224 229 75 234 238 243 247 253 2 89 4 8 11 13 143 20 144 144 25 94 94 92 90 86 81 77 18 21 81 30 33 36 38 43 137 136 136 136 87 82 49 53 57 84 131 59 61 63 68 74 80 86 93 97 101 158 158
88 41 87 40 93 86 86 40 37 100 36 104 38 107 34 80 34 80 114 116 116 119 81 34 79 125 128 34 132 33 134 134 30 26 72 71 71 73 143 27 72 72 25 69 151 153 156 24 73 25 72 72 73 72 24 70 70 70 175 178 181 69 19 16 13 7 254 247 38 165 167 170 252 186 205 222 236 224 232 236 239 245 249 250 252 255 2 3 5 7 9 12 14 15 17 19 22 23 24 26 29 30 31 33 36 37 39 40 42 42 43 44 44 44 45 45 67 66 111 112 115 118 120 124 129 133 134 135 134 137 90 141 136 89 134 136 136 153 91 156 89 158 162 165 166 169 172 140 140 139 93 139 140 185 139 189 94 191 192 195 198 200 202 204 206 90 199 197 194 190 190 68 66 193 112 112 199 112 65 203 64 206 62 59 207 210 213 217 220 225 228 229 231 69 66 111 236 238 242 223 229 124 125 239 129 248 254 137 135 4 8 10 14 18 96 142 142 25 143 96 141 93 89 82 77 17 22 26 29 32 35 38 43 47 49 89 135 89 83 49 51 55 85 59 83 128 64 68 73 79 86 92 97 101 106 110
87 40 90 42 40 86 97 98 38 80 102 38 103 80 80 80 35 110 112 33 113 118 120 35 34 124 125 128 130 131 78 78 31 28 72 72 72 72 73 73 72 72 148 25 70 70 71 159 161 162 165 29 169 169 169 171 173 174 176 179 180 25 21 19 16 12 2 251 164 40 40 40 42 179 191 204 219 230 239 227 234 242 246 249 249 252 254 1 4 5 6 8 10 12 14 16 20 19 21 22 24 25 28 30 32 34 35 37 37 39 39 40 39 40 41 43 113 113 115 118 121 124 127 129 81 85 136 92 134 137 91 90 142 91 146 149 92 152 92 135 135 159 93 138 137 169 171 174 140 139 139 139 95 184 186 188 138 93 137 196 95 198 139 139 94 87 191 189 188 70 190 114 69 113 112 114 114 112 66 202 65 63 107 105 105 104 104 212 214 217 221 223 225 227 231 233 235 112 241 224 231 125 125 125 246 132 254 91 135 137 137 11 15 142 142 142 142 26 28 142 98 139 91 130 124 17 21 125 28 32 128 39 44 135 135 135 90 87 84 79 50 56 59 128 128 128 84 68 72 78 85 90 96 100 104 111
88 89 91 93 86 43 83 97 38 38 98 80 102 80 106 36 106 77 77 113 77 77 119 36 77 122 124 126 129 131 133 135 135 74 74 73 73 73 76 30 145 28 70 70 70 152 155 159 160 163 165 73 30 26 68 169 170 24 66 177 69 180 22 64 20 17 10 2 40 40 40 41 42 178 182 189 198 211 222 232 241 228 232 234 238 240 243 246 248 250 251 253 255 1 4 6 9 11 14 16 18 20 21 24 25 28 29 31 33 36 37 67 109 109 110 113 116 118 62 82 124 127 128 79 132 86 90 93 134 136 91 140 142 144 146 148 149 135 93 135 93 159 162 165 166 137 170 174 97 139 139 139 138 138 185 186 188 190 192 138 96 198 203 96 85 186 184 71 186 114 114 114 72 114 116 117 73 114 112 110 109 65 107 107 106 62 103 102 211 60 215 219 222 225 229 233 111 112 114 227 235 126 128 127 247 253 255 2 6 137 11 138 138 19 22 142 100 27 28 142 100 97 93 132 124 18 21 24 27 32 36 40 44 49 52 55 91 86 84 47 50 54 127 61 63 64 65 128 72 78 85 92 99 101 105 107
44 87 89 91 94 44 82 95 39 97 79 38 100 101 34 102 104 107 110 112 36 116 118 37 35 118 120 122 72 72 72 72 72 72 72 137 73 74 74 31 31 70 70 70 29 69 155 156 158 161 162 164 70 71 28 25 65 24 64 65 176 178 24 64 64 22 59 15 46 43 43 43 2 177 181 184 188 193 199 210 213 218 223 227 232 235 238 239 242 224 230 233 238 240 242 246 251 254 1 5 9 12 15 18 22 25 29 32 34 36 112 112 112 114 114 116 121 124 126 127 127 129 128 81 133 134 91 94 134 136 137 94 132 143 134 95 136 135 154 136 136 158 136 136 136 136 169 172 175 177 139 139 138 138 137 136 136 190 192 138 138 139 97 91 79 74 183 71 184 189 194 118 120 120 119 120 118 116 114 112 112 110 109 108 107 106 104 103 100 100 100 217 220 223 227 230 236 239 244 231 238 87 86 126 130 253 1 4 8 137 137 14 16 19 22 25 25 27 29 140 140 99 32 93 126 119 21 24 27 30 34 38 43 46 49 52 89 87 86 120 52 55 59 62 126 84 65 67 71 76 84 90 95 99 150 107
45 85 83 44 90 43 41 95 95 96 38 38 76 100 100 101 71 70 105 107 109 111 115 118 34 71 71 32 122 70 125 127 70 131 133 136 137 141 34 70 145 70 70 70 70 69 69 69 69 161 69 163 30 67 27 166 65 66 66 27 64 64 64 64 64 64 63 24 19 13 7 44 4 43 5 3 180 183 42 190 191 196 200 204 208 211 214 217 221 226 233 238 242 226 228 234 240 247 252 253 2 7 12 17 19 21 26 31 34 36 41 114 115 116 118 120 63 125 126 73 76 129 128 84 87 134 133 133 135 137 135 97 96 143 144 145 148 150 150 152 156 135 161 163 165 136 136 172 138 138 179 180 138 139 138 136 136 190 192 196 198 139 196 190 78 76 73 109 110 190 118 200 204 84 122 123 123 119 117 76 113 209 73 108 108 108 106 65 100 100 100 102 63 220 225 230 234 238 244 232 238 241 244 248 252 132 3 6 9 137 137 99 137 99 21 23 25 139 139 32 101 99 97 94 89 120 115 23 26 29 34 37 42 47 50 91 52 89 88 122 122 124 125 127 126 124 65 67 69 75 83 88 92 99 106 110
84 86 88 43 79 79 79 79 78 97 41 97 96 36 35 70 71 71 71 71 71 71 71 34 117 35 119 120 69 33 69 69 33 69 69 69 69 139 141 142 144 70 70 70 33 69 154 156 68 68 31 67 31 67 67 66 67 67 67 29 64 64 64 64 64 64 64 64 27 21 14 8 175 177 178 178 179 182 185 188 188 192 197 198 199 202 204 210 217 224 230 235 241 242 227 233 238 245 250 251 254 2 6 10 14 19 25 29 35 39 44 114 50 55 59 62 125 126 127 75 128 79 81 85 89 91 93 134 99 136 139 141 99 143 97 144 146 95 149 131 154 158 134 134 136 136 136 172 175 176 178 180 182 138 102 136 136 190 192 193 195 99 91 81 178 177 176 178 182 189 195 201 204 125 125 126 125 123 122 119 117 113 112 112 110 109 107 105 102 100 100 218 101 100 223 228 233 236 242 231 238 126 127 249 253 0 4 134 10 136 136 136 136 137 137 24 27 139 139 139 33 98 98 95 91 84 78 21 24 29 31 34 39 43 47 51 127 127 127 124 122 59 61 65 88 64 66 67 69 73 80 87 92 98 104 110
81 82 84 45 86 44 89 78 78 42 39 39 72 72 36 70 72 73 72 71 71 71 71 115 71 70 35 69 69 35 69 69 35 69 69 69 69 138 140 141 144 146 35 150 35 69 68 68 67 67 68 32 67 167 68 170 33 67 67 32 31 64 64 64 64 63 64 66 31 26 18 11 7 39 3 35 176 179 182 2 36 188 189 190 193 195 199 207 215 223 228 234 66 239 242 231 236 242 245 246 250 254 1 8 13 19 25 30 35 39 44 114 116 56 60 65 69 72 74 127 93 127 128 85 89 96 96 99 133 135 138 139 98 141 97 144 96 130 130 150 153 156 158 160 162 167 169 171 102 136 177 178 136 183 185 137 137 101 134 134 193 100 88 76 172 69 101 176 181 186 193 202 126 127 130 130 129 127 125 123 121 82 80 113 113 111 108 107 70 101 100 218 102 101 101 228 232 107 242 233 124 246 129 128 129 0 5 135 12 13 136 136 19 137 139 138 137 30 33 103 101 134 98 95 91 83 79 22 25 28 32 116 39 43 47 53 55 57 59 127 123 60 124 90 88 120 86 121 120 75 82 86 94 98 102 109
79 79 79 45 84 87 43 90 92 76 41 93 96 40 39 100 103 73 107 41 73 40 71 71 38 69 36 119 69 69 69 69 69 69 69 36 133 134 136 137 141 144 147 69 69 69 155 157 157 159 162 162 164 166 35 169 172 68 68 179 36 68 68 68 35 32 64 192 194 31 25 18 12 8 38 2 32 177 180 35 185 3 34 34 191 34 198 207 216 223 227 233 237 65 242 232 235 238 240 242 245 249 0 7 13 20 25 30 33 39 42 48 53 58 62 65 68 70 75 78 80 82 84 95 89 92 133 101 99 131 135 133 99 139 130 129 97 129 129 148 151 130 130 130 161 166 135 135 173 136 135 135 136 104 185 188 105 188 134 134 134 96 80 73 170 68 101 174 180 109 191 202 127 214 132 135 132 131 128 127 125 121 119 117 115 114 111 76 105 103 100 220 105 105 104 226 229 233 239 233 242 248 97 128 129 129 6 102 12 14 136 104 21 23 28 104 28 136 104 33 100 132 32 95 91 85 114 110 25 25 29 32 37 40 47 52 56 95 93 59 59 60 63 64 65 67 88 70 72 76 81 86 92 96 101 108
78 78 78 47 45 75 75 75 90 44 40 92 95 42 39 99 103 105 42 72 111 73 41 70 69 68 68 68 68 68 68 68 68 38 68 36 64 33 63 63 139 142 145 149 149 152 36 66 36 64 64 64 64 165 35 169 68 68 68 68 68 68 68 187 38 34 64 66 66 35 31 24 18 12 7 6 4 34 34 34 4 186 188 2 32 193 198 209 217 222 227 232 237 65 243 232 234 236 237 239 242 248 253 5 12 19 24 29 32 35 41 46 52 57 62 65 120 71 75 79 80 126 84 89 128 93 98 101 100 129 132 135 136 98 128 128 128 129 99 96 150 154 156 130 161 165 135 135 104 134 105 178 135 183 136 188 106 104 133 133 104 91 74 164 167 168 171 174 178 185 190 200 209 214 220 138 137 135 133 130 127 122 121 120 120 118 114 110 106 104 101 222 227 109 106 102 101 230 234 245 242 246 250 253 129 130 6 9 13 135 19 136 136 135 26 135 135 106 32 104 102 33 129 97 92 86 84 81 77 23 24 28 32 39 44 50 56 126 94 57 58 119 62 62 63 64 66 69 72 77 80 86 93 134 103 109
50 48 76 76 83 47 75 46 45 70 89 91 95 42 41 98 102 104 106 72 111 44 42 113 40 68 68 68 68 68 68 68 68 68 68 36 131 35 63 63 138 140 35 35 64 65 66 66 64 65 66 66 66 166 167 170 68 68 68 68 68 68 68 188 37 36 190 67 39 37 32 28 21 16 12 39 10 37 7 35 37 6 3 188 31 32 198 210 218 222 226 231 235 239 241 243 232 233 236 237 241 246 251 3 10 16 22 28 32 36 41 45 50 55 61 65 68 71 74 79 82 126 86 89 128 94 95 98 100 100 127 126 126 127 127 127 127 145 100 147 150 129 156 130 161 166 135 135 134 134 106 177 106 183 138 138 108 133 133 192 102 90 72 161 164 167 170 174 178 184 191 198 206 211 219 138 141 141 138 135 129 125 123 122 93 91 115 114 109 78 76 222 227 230 79 75 73 72 233 239 235 242 248 254 101 5 7 10 14 107 20 136 136 135 135 135 135 31 33 134 104 35 101 99 94 88 84 82 77 20 21 22 28 36 42 48 55 58 123 90 89 59 60 62 63 114 67 115 72 119 81 85 90 97 103 108
52 49 48 74 82 84 75 88 44 43 41 68 94 44 43 68 99 101 104 70 110 111 70 69 68 68 68 68 68 68 68 68 68 131 132 38 36 62 62 62 62 141 63 63 149 152 68 68 66 66 163 67 38 38 64 64 172 176 178 179 179 180 183 39 185 189 193 68 40 37 34 31 25 21 18 43 17 15 41 40 13 37 8 33 33 7 202 211 219 53 55 229 232 235 237 32 241 243 245 234 239 243 249 1 8 15 21 26 30 34 39 43 48 56 86 63 114 70 75 78 83 125 125 125 92 94 126 126 126 126 130 127 100 126 138 127 127 126 126 127 127 153 128 157 162 166 169 108 172 135 108 177 180 135 187 112 108 108 106 132 102 89 71 157 160 96 97 174 179 185 191 195 202 208 218 226 143 146 116 139 132 103 126 123 228 121 118 89 86 84 106 104 224 227 229 104 76 102 102 238 242 238 247 0 129 7 129 13 16 19 22 24 26 28 29 135 108 107 133 107 105 35 36 100 94 89 113 86 78 69 92 19 25 32 39 46 52 57 93 90 115 59 58 84 110 63 86 69 72 75 79 85 89 95 102 108
78 51 50 47 80 83 85 85 87 86 44 44 92 69 68 68 98 100 103 69 108 109 69 68 68 68 68 68 68 68 68 68 68 67 131 39 38 62 62 62 37 140 143 63 63 151 153 155 157 159 163 42 39 64 64 170 41 64 64 64 38 64 182 184 186 188 192 194 195 37 35 32 27 26 22 45 20 43 43 42 18 39 13 36 36 37 42 214 54 55 31 55 230 234 236 33 240 242 243 246 238 243 250 1 7 14 20 25 30 34 37 41 44 55 61 64 113 72 75 78 84 125 125 125 93 95 126 100 102 127 130 103 101 134 137 140 127 127 127 127 127 153 128 158 163 166 169 110 172 173 110 177 179 184 138 113 112 133 108 107 105 91 71 92 162 168 99 175 181 185 190 194 199 205 215 226 148 124 145 116 134 129 128 123 229 98 119 91 89 87 107 104 222 226 80 81 104 104 105 103 239 245 241 250 2 7 11 14 17 20 23 24 26 28 30 134 135 109 37 109 129 35 36 101 95 91 113 87 79 93 69 20 23 30 38 45 52 57 93 92 88 87 85 58 60 63 64 70 72 76 80 84 90 95 103 109
77 52 75 76 79 81 49 69 68 87 47 90 46 68 45 67 99 68 68 105 107 109 68 68 68 68 68 121 68 44 65 125 128 43 41 41 63 40 61 136 62 39 61 61 62 63 63 63 156 158 160 42 163 41 165 64 171 63 63 176 39 62 180 182 185 188 192 194 195 38 57 30 51 51 27 47 25 46 23 44 21 42 42 42 42 44 48 219 55 55 229 33 51 231 236 238 34 55 243 58 239 245 251 2 8 12 19 25 28 31 34 39 43 53 61 64 67 71 74 78 84 88 90 92 96 103 101 99 124 127 129 102 124 124 137 104 142 126 126 128 129 129 154 159 163 133 168 134 133 133 133 133 179 184 116 136 112 110 110 130 107 92 74 70 163 168 173 176 182 185 190 192 196 201 209 220 236 147 124 142 138 133 130 102 124 122 121 96 116 112 110 108 100 225 230 105 108 108 106 102 238 238 242 248 251 4 10 15 18 21 134 134 134 134 134 33 36 112 39 112 109 104 125 101 97 92 32 88 80 94 68 16 19 25 32 40 50 54 57 59 87 86 84 58 59 62 65 69 71 76 79 83 87 94 102 108
53 50 69 69 78 70 69 82 68 68 68 68 91 68 47 96 99 101 68 47 106 108 68 68 114 68 68 47 46 45 43 124 126 127 131 43 132 42 61 137 139 41 61 61 147 63 63 63 62 156 159 161 163 164 62 168 170 171 173 174 176 178 61 61 62 187 191 66 42 39 37 33 52 52 31 50 49 48 27 46 47 48 49 50 50 51 52 56 56 56 230 34 51 232 57 57 57 56 36 58 241 248 68 72 9 14 18 23 26 28 32 36 40 50 58 62 66 70 76 116 82 86 90 93 97 105 103 123 124 124 124 124 124 124 137 105 141 127 127 151 131 110 129 131 163 133 133 169 171 133 133 133 179 183 116 114 185 186 189 111 109 94 74 156 161 167 172 175 181 185 190 110 196 199 206 214 229 237 240 143 120 115 112 126 124 103 101 100 97 95 112 89 103 223 226 233 238 241 106 83 100 100 240 242 249 253 8 13 18 23 134 135 134 134 134 133 36 114 40 113 110 109 127 100 95 30 30 90 105 95 68 13 17 22 27 35 44 50 55 55 56 56 56 54 55 60 105 68 71 76 78 82 86 93 101 107
55 52 70 70 50 78 81 49 67 85 87 67 89 90 93 95 97 99 100 100 63 108 68 67 67 48 115 116 119 45 63 63 125 44 62 44 132 44 61 61 61 61 61 61 148 63 63 63 43 61 61 160 62 62 62 62 169 169 171 173 176 60 62 45 43 61 191 193 42 41 39 37 55 55 33 52 33 50 32 49 49 207 52 52 53 54 55 57 57 227 36 54 54 236 60 59 58 245 59 59 62 65 1 8 78 60 78 20 23 27 29 33 38 47 55 62 68 70 76 80 83 86 89 94 96 100 124 124 124 124 128 125 125 107 124 138 126 127 127 130 154 130 130 131 163 133 115 114 171 173 133 133 133 181 184 114 130 131 131 191 112 98 79 90 160 165 171 176 181 186 189 193 196 116 205 208 220 227 236 123 121 117 114 110 106 123 122 102 100 117 113 93 106 98 224 230 235 239 87 84 100 100 100 241 244 250 255 11 17 133 26 117 133 115 116 133 133 133 42 114 130 44 108 98 29 26 26 33 88 99 88 63 16 19 24 31 39 47 52 53 55 85 81 54 56 60 64 68 71 74 77 81 84 91 99 105
53 72 74 53 50 65 66 81 67 66 66 49 46 88 46 62 62 62 62 62 62 104 108 111 50 48 113 46 117 119 121 45 61 125 127 45 132 134 61 61 61 61 61 61 61 64 64 64 46 61 44 60 61 164 166 44 58 58 58 59 60 180 63 63 48 47 45 191 59 58 41 56 56 56 37 54 54 53 52 35 51 52 53 54 54 39 54 223 225 37 227 232 39 242 47 62 45 43 44 63 250 67 71 12 16 17 60 76 78 78 28 31 35 44 53 63 68 110 112 80 115 87 118 92 96 100 104 124 108 124 128 130 132 108 135 123 124 144 128 130 131 155 156 160 163 165 116 116 132 132 175 176 116 131 183 183 130 187 189 190 131 105 86 93 160 165 170 175 182 106 188 194 197 201 96 205 214 220 227 235 121 119 115 110 124 123 106 120 235 117 98 95 94 104 224 228 232 104 104 102 101 102 82 80 242 246 246 1 16 24 133 30 133 117 117 133 133 133 44 117 130 45 108 116 91 82 24 32 104 103 94 81 15 18 23 28 35 44 49 53 55 84 97 55 97 98 64 67 72 73 76 78 82 91 99 106
54 68 68 68 52 51 65 81 84 52 85 48 62 62 62 62 62 62 62 62 101 105 107 64 50 112 62 47 61 62 120 47 60 60 60 61 61 61 61 61 61 141 143 61 62 153 65 65 159 49 62 61 46 60 60 60 60 60 60 61 61 62 185 65 65 50 61 191 44 58 58 42 56 56 56 56 56 42 55 54 54 54 55 216 55 220 222 40 223 222 228 56 58 64 64 63 62 62 63 64 255 72 75 76 78 18 61 22 24 26 28 30 35 44 54 64 71 76 97 81 84 86 91 117 118 99 103 106 123 124 124 124 124 124 110 137 139 125 146 149 130 114 154 160 131 131 166 168 170 172 131 130 177 179 116 130 184 186 116 190 193 111 109 93 158 161 167 174 181 187 110 110 111 111 96 201 210 217 226 232 236 119 235 111 110 109 108 107 120 102 99 98 111 108 99 226 229 233 237 101 240 85 83 80 240 243 246 245 3 21 28 133 133 133 133 38 40 42 44 118 131 116 126 121 92 20 22 31 35 89 99 85 14 17 20 25 32 39 44 51 53 84 54 55 58 61 65 68 102 86 71 73 79 87 95 104
56 68 55 66 67 68 68 53 52 65 63 50 62 62 62 62 62 62 62 62 62 62 107 109 109 111 113 115 117 49 119 121 60 60 60 129 131 61 61 61 48 60 60 146 50 154 52 157 159 64 160 49 48 60 60 168 170 61 61 48 61 183 53 65 191 53 50 191 46 58 58 45 57 56 57 57 57 45 56 56 55 56 42 55 55 54 222 37 220 48 227 235 62 66 52 63 63 63 66 69 5 12 15 65 18 63 74 22 24 25 74 29 34 42 54 64 95 77 99 81 83 85 91 95 98 101 103 107 123 124 124 129 131 133 112 123 123 141 143 148 117 127 127 159 161 164 119 130 130 130 131 130 130 129 129 117 129 186 117 190 117 116 106 100 158 161 165 174 182 187 190 111 111 111 98 202 208 213 221 228 230 233 116 112 112 111 110 121 107 103 112 100 99 96 86 94 227 231 100 238 240 86 83 95 81 80 80 245 247 8 24 133 134 36 38 132 132 132 132 132 118 130 130 110 96 84 23 27 34 103 103 93 78 15 19 23 29 34 42 45 50 52 54 94 58 62 65 68 72 87 71 72 75 84 96 104
67 69 67 56 75 77 79 80 82 66 52 62 62 62 62 62 62 62 62 62 62 62 105 51 108 110 61 61 116 50 60 60 60 60 60 60 60 132 60 50 139 61 50 62 149 64 64 64 64 53 162 53 165 50 60 60 171 62 62 61 62 64 65 65 65 193 50 48 192 48 58 48 58 58 59 59 58 58 56 56 55 46 44 217 219 43 219 217 218 222 228 236 243 248 54 63 63 66 71 73 74 12 16 16 18 20 64 22 61 71 26 29 33 43 54 64 73 77 110 110 110 87 92 96 99 102 104 109 123 124 123 112 122 133 114 123 123 122 143 148 129 120 119 129 129 163 130 130 130 130 131 131 130 129 129 129 129 129 129 129 129 119 115 99 92 157 164 173 181 186 189 192 197 111 110 111 205 209 216 222 224 227 229 113 123 113 234 121 109 106 114 113 101 98 88 225 226 229 232 234 237 237 238 93 240 82 80 242 247 248 5 24 36 132 122 132 132 132 132 122 120 128 52 125 114 100 95 27 32 39 94 98 80 74 75 23 26 31 39 42 46 51 55 84 60 63 96 69 73 88 71 70 70 76 90 103
66 66 70 72 73 75 76 78 80 83 54 62 62 62 62 62 62 62 62 62 62 53 60 52 60 60 112 113 115 60 60 60 60 60 60 60 60 60 60 52 59 60 144 146 149 153 64 64 64 55 161 162 164 52 167 61 172 174 177 55 64 64 187 188 56 193 52 49 193 50 59 51 58 203 60 60 51 59 50 57 58 47 46 46 218 42 47 36 217 224 230 237 243 245 248 250 65 70 75 75 74 13 66 64 73 21 66 63 62 62 28 32 36 42 54 64 73 77 82 84 86 89 92 97 100 103 106 111 123 123 122 121 129 133 115 123 123 122 144 149 129 121 129 128 160 129 165 167 169 171 128 128 176 128 128 128 128 128 128 189 120 194 121 111 91 76 160 169 178 184 187 192 196 198 103 111 110 206 212 216 220 225 227 230 122 113 120 237 112 115 115 107 111 100 90 83 222 225 228 231 233 234 236 238 240 82 81 90 245 247 250 7 25 38 39 132 131 131 48 123 121 129 129 126 119 107 98 28 32 35 43 104 93 78 67 25 28 31 37 40 43 48 52 57 59 63 96 70 73 87 82 79 67 71 84 99
65 56 67 69 71 56 62 62 78 63 56 62 62 62 62 62 62 62 62 62 62 54 54 52 60 60 60 52 113 116 119 123 62 61 61 60 60 133 135 53 139 142 144 146 149 153 64 64 160 56 62 61 61 53 166 54 60 53 175 179 182 63 184 187 190 191 53 58 58 58 197 53 58 53 60 60 59 213 54 51 57 47 215 217 44 40 215 216 219 226 233 239 54 244 62 64 255 6 10 69 14 68 15 17 20 22 22 22 70 70 30 73 37 44 54 64 73 78 82 85 87 110 93 97 101 104 117 112 122 124 122 121 129 123 116 135 137 122 144 150 131 123 123 128 160 129 123 128 128 128 128 128 128 128 128 128 128 128 128 128 128 128 122 119 100 86 156 163 175 182 105 191 194 198 201 202 103 204 208 212 217 222 225 228 231 114 121 121 112 108 114 106 104 100 92 84 222 222 88 90 232 233 235 237 239 89 82 83 79 84 247 254 9 29 39 135 131 131 50 125 129 129 123 121 121 110 93 95 89 35 42 47 93 73 69 67 28 30 33 39 42 47 52 55 59 64 69 71 73 86 81 79 76 68 80 95
63 62 62 62 62 74 60 58 64 64 58 62 62 62 62 93 58 62 62 100 101 102 104 107 109 111 112 55 52 116 120 123 125 128 56 128 130 132 134 136 52 142 144 146 56 153 156 158 160 59 62 57 61 54 58 59 170 58 175 179 181 182 183 185 187 188 53 57 193 195 198 201 60 62 62 62 61 61 56 53 52 48 51 52 43 40 42 44 221 227 234 240 243 247 65 253 2 8 11 12 12 66 13 15 17 19 21 22 69 27 30 33 38 43 54 65 73 79 83 85 88 92 110 98 101 105 108 111 119 123 118 120 121 132 118 121 121 122 143 149 130 129 128 129 129 129 129 129 129 129 128 128 128 128 129 129 129 129 129 124 128 128 128 128 112 95 81 159 171 181 186 188 192 195 197 199 201 101 204 208 214 218 223 226 228 231 234 237 114 115 110 109 105 101 93 90 85 220 223 228 229 231 232 234 237 88 88 88 81 244 247 81 251 10 30 43 131 131 131 131 126 129 124 122 118 109 95 95 90 33 37 43 91 79 76 75 27 28 31 35 39 44 49 55 59 62 68 72 91 86 82 76 65 67 75 95
34 36 38 40 41 45 48 50 52 53 53 55 56 58 60 63 65 67 68 68 71 72 73 76 78 80 82 84 85 87 90 92 94 95 97 98 100 103 103 104 107 111 112 114 116 120 121 123 124 126 127 130 130 132 135 136 138 140 142 145 147 148 149 150 153 154 156 157 160 162 164 167 169 171 173 175 177 179 179 181 182 182 184 184 185 186 187 190 193 198 201 204 206 209 212 214 216 219 221 223 224 226 228 230 231 232 235 238 239 240 242 245 247 251 254 3 6 9 11 13 15 18 21 23 24 26 29 31 33 35 37 38 40 43 44 46 47 49 51 54 57 59 60 61 63 65 67 68 72 74 76 77 79 81 82 84 86 88 89 91 93 94 95 98 98 94 94 96 100 103 104 106 109 110 112 114 116 117 119 121 124 126 128 131 132 133 136 138 139 140 142 143 144 146 147 147 148 150 152 155 156 158 159 161 163 165 166 169 170 172 174 176 178 181 184 188 190 193 195 195 196 198 199 201 202 203 204 206 207 209 210 212 213 215 217 219 221 222 224 226 228 231 232 234 236 237 239 240 243 245 246 248 251 253 255 255
