Analysis & Elaboration report for ModoSecuencial
Sun Nov 30 22:48:37 2025
Quartus Prime Version 20.1.1 Build 720 11/11/2020 SJ Lite Edition


---------------------
; Table of Contents ;
---------------------
  1. Legal Notice
  2. Analysis & Elaboration Summary
  3. Parallel Compilation
  4. Analysis & Elaboration IP Cores Summary
  5. Source assignments for dsa_system:u_dsa_system|dsa_system_Jtag_master:jtag_master|altera_avalon_st_jtag_interface:jtag_phy_embedded_in_jtag_master|altera_jtag_dc_streaming:normal.jtag_dc_streaming|altera_std_synchronizer:synchronizer
  6. Source assignments for dsa_system:u_dsa_system|dsa_system_Jtag_master:jtag_master|altera_avalon_st_jtag_interface:jtag_phy_embedded_in_jtag_master|altera_jtag_dc_streaming:normal.jtag_dc_streaming|altera_jtag_streaming:jtag_streaming
  7. Source assignments for dsa_system:u_dsa_system|dsa_system_Jtag_master:jtag_master|altera_avalon_st_jtag_interface:jtag_phy_embedded_in_jtag_master|altera_jtag_dc_streaming:normal.jtag_dc_streaming|altera_jtag_streaming:jtag_streaming|altera_std_synchronizer:clock_sensor_synchronizer
  8. Source assignments for dsa_system:u_dsa_system|dsa_system_Jtag_master:jtag_master|altera_avalon_st_jtag_interface:jtag_phy_embedded_in_jtag_master|altera_jtag_dc_streaming:normal.jtag_dc_streaming|altera_jtag_streaming:jtag_streaming|altera_std_synchronizer:reset_to_sample_synchronizer
  9. Source assignments for dsa_system:u_dsa_system|dsa_system_Jtag_master:jtag_master|altera_avalon_st_jtag_interface:jtag_phy_embedded_in_jtag_master|altera_jtag_dc_streaming:normal.jtag_dc_streaming|altera_jtag_streaming:jtag_streaming|altera_std_synchronizer:clock_to_sample_div2_synchronizer
 10. Source assignments for dsa_system:u_dsa_system|dsa_system_Jtag_master:jtag_master|altera_avalon_st_jtag_interface:jtag_phy_embedded_in_jtag_master|altera_jtag_dc_streaming:normal.jtag_dc_streaming|altera_jtag_streaming:jtag_streaming|altera_std_synchronizer:clock_sense_reset_n_synchronizer
 11. Source assignments for dsa_system:u_dsa_system|dsa_system_Jtag_master:jtag_master|altera_avalon_st_jtag_interface:jtag_phy_embedded_in_jtag_master|altera_jtag_dc_streaming:normal.jtag_dc_streaming|altera_avalon_st_clock_crosser:sink_crosser|altera_std_synchronizer_nocut:in_to_out_synchronizer
 12. Source assignments for dsa_system:u_dsa_system|dsa_system_Jtag_master:jtag_master|altera_avalon_st_jtag_interface:jtag_phy_embedded_in_jtag_master|altera_jtag_dc_streaming:normal.jtag_dc_streaming|altera_avalon_st_clock_crosser:sink_crosser|altera_std_synchronizer_nocut:out_to_in_synchronizer
 13. Source assignments for dsa_system:u_dsa_system|dsa_system_Jtag_master:jtag_master|altera_avalon_st_jtag_interface:jtag_phy_embedded_in_jtag_master|altera_jtag_dc_streaming:normal.jtag_dc_streaming|altera_jtag_src_crosser:source_crosser
 14. Source assignments for dsa_system:u_dsa_system|dsa_system_Jtag_master:jtag_master|altera_avalon_st_jtag_interface:jtag_phy_embedded_in_jtag_master|altera_jtag_dc_streaming:normal.jtag_dc_streaming|altera_jtag_src_crosser:source_crosser|altera_jtag_control_signal_crosser:crosser|altera_std_synchronizer:synchronizer
 15. Source assignments for dsa_system:u_dsa_system|dsa_system_Jtag_master:jtag_master|altera_reset_controller:rst_controller|altera_reset_synchronizer:alt_rst_sync_uq1
 16. Source assignments for dsa_system:u_dsa_system|dsa_system_Jtag_master:jtag_master|altera_reset_controller:rst_controller|altera_reset_synchronizer:alt_rst_req_sync_uq1
 17. Source assignments for dsa_system:u_dsa_system|dsa_system_input_memory:input_memory|altsyncram:the_altsyncram|altsyncram_1tn1:auto_generated|altsyncram_bbi2:altsyncram1
 18. Source assignments for dsa_system:u_dsa_system|dsa_system_output_memory:output_memory|altsyncram:the_altsyncram|altsyncram_psn1:auto_generated|altsyncram_uai2:altsyncram1
 19. Source assignments for dsa_system:u_dsa_system|dsa_system_mm_interconnect_0:mm_interconnect_0|dsa_system_mm_interconnect_0_cmd_demux:cmd_demux
 20. Source assignments for dsa_system:u_dsa_system|dsa_system_mm_interconnect_0:mm_interconnect_0|dsa_system_mm_interconnect_0_rsp_demux:rsp_demux
 21. Source assignments for dsa_system:u_dsa_system|dsa_system_mm_interconnect_0:mm_interconnect_0|dsa_system_mm_interconnect_0_rsp_demux:rsp_demux_001
 22. Source assignments for dsa_system:u_dsa_system|dsa_system_mm_interconnect_0:mm_interconnect_0|dsa_system_mm_interconnect_0_rsp_demux:rsp_demux_002
 23. Source assignments for dsa_system:u_dsa_system|altera_reset_controller:rst_controller
 24. Source assignments for dsa_system:u_dsa_system|altera_reset_controller:rst_controller|altera_reset_synchronizer:alt_rst_sync_uq1
 25. Source assignments for dsa_system:u_dsa_system|altera_reset_controller:rst_controller|altera_reset_synchronizer:alt_rst_req_sync_uq1
 26. Source assignments for dsa_system:u_dsa_system|altera_reset_controller:rst_controller_001|altera_reset_synchronizer:alt_rst_sync_uq1
 27. Source assignments for dsa_system:u_dsa_system|altera_reset_controller:rst_controller_001|altera_reset_synchronizer:alt_rst_req_sync_uq1
 28. Parameter Settings for User Entity Instance: dsa_system:u_dsa_system|dsa_system_Jtag_master:jtag_master
 29. Parameter Settings for User Entity Instance: dsa_system:u_dsa_system|dsa_system_Jtag_master:jtag_master|altera_avalon_st_jtag_interface:jtag_phy_embedded_in_jtag_master
 30. Parameter Settings for User Entity Instance: dsa_system:u_dsa_system|dsa_system_Jtag_master:jtag_master|altera_avalon_st_jtag_interface:jtag_phy_embedded_in_jtag_master|altera_jtag_sld_node:node
 31. Parameter Settings for User Entity Instance: dsa_system:u_dsa_system|dsa_system_Jtag_master:jtag_master|altera_avalon_st_jtag_interface:jtag_phy_embedded_in_jtag_master|altera_jtag_sld_node:node|sld_virtual_jtag_basic:sld_virtual_jtag_component
 32. Parameter Settings for User Entity Instance: dsa_system:u_dsa_system|dsa_system_Jtag_master:jtag_master|altera_avalon_st_jtag_interface:jtag_phy_embedded_in_jtag_master|altera_jtag_dc_streaming:normal.jtag_dc_streaming
 33. Parameter Settings for User Entity Instance: dsa_system:u_dsa_system|dsa_system_Jtag_master:jtag_master|altera_avalon_st_jtag_interface:jtag_phy_embedded_in_jtag_master|altera_jtag_dc_streaming:normal.jtag_dc_streaming|altera_std_synchronizer:synchronizer
 34. Parameter Settings for User Entity Instance: dsa_system:u_dsa_system|dsa_system_Jtag_master:jtag_master|altera_avalon_st_jtag_interface:jtag_phy_embedded_in_jtag_master|altera_jtag_dc_streaming:normal.jtag_dc_streaming|altera_jtag_streaming:jtag_streaming
 35. Parameter Settings for User Entity Instance: dsa_system:u_dsa_system|dsa_system_Jtag_master:jtag_master|altera_avalon_st_jtag_interface:jtag_phy_embedded_in_jtag_master|altera_jtag_dc_streaming:normal.jtag_dc_streaming|altera_jtag_streaming:jtag_streaming|altera_std_synchronizer:clock_sensor_synchronizer
 36. Parameter Settings for User Entity Instance: dsa_system:u_dsa_system|dsa_system_Jtag_master:jtag_master|altera_avalon_st_jtag_interface:jtag_phy_embedded_in_jtag_master|altera_jtag_dc_streaming:normal.jtag_dc_streaming|altera_jtag_streaming:jtag_streaming|altera_std_synchronizer:reset_to_sample_synchronizer
 37. Parameter Settings for User Entity Instance: dsa_system:u_dsa_system|dsa_system_Jtag_master:jtag_master|altera_avalon_st_jtag_interface:jtag_phy_embedded_in_jtag_master|altera_jtag_dc_streaming:normal.jtag_dc_streaming|altera_jtag_streaming:jtag_streaming|altera_std_synchronizer:clock_to_sample_div2_synchronizer
 38. Parameter Settings for User Entity Instance: dsa_system:u_dsa_system|dsa_system_Jtag_master:jtag_master|altera_avalon_st_jtag_interface:jtag_phy_embedded_in_jtag_master|altera_jtag_dc_streaming:normal.jtag_dc_streaming|altera_jtag_streaming:jtag_streaming|altera_std_synchronizer:clock_sense_reset_n_synchronizer
 39. Parameter Settings for User Entity Instance: dsa_system:u_dsa_system|dsa_system_Jtag_master:jtag_master|altera_avalon_st_jtag_interface:jtag_phy_embedded_in_jtag_master|altera_jtag_dc_streaming:normal.jtag_dc_streaming|altera_avalon_st_clock_crosser:sink_crosser
 40. Parameter Settings for User Entity Instance: dsa_system:u_dsa_system|dsa_system_Jtag_master:jtag_master|altera_avalon_st_jtag_interface:jtag_phy_embedded_in_jtag_master|altera_jtag_dc_streaming:normal.jtag_dc_streaming|altera_avalon_st_clock_crosser:sink_crosser|altera_std_synchronizer_nocut:in_to_out_synchronizer
 41. Parameter Settings for User Entity Instance: dsa_system:u_dsa_system|dsa_system_Jtag_master:jtag_master|altera_avalon_st_jtag_interface:jtag_phy_embedded_in_jtag_master|altera_jtag_dc_streaming:normal.jtag_dc_streaming|altera_avalon_st_clock_crosser:sink_crosser|altera_std_synchronizer_nocut:out_to_in_synchronizer
 42. Parameter Settings for User Entity Instance: dsa_system:u_dsa_system|dsa_system_Jtag_master:jtag_master|altera_avalon_st_jtag_interface:jtag_phy_embedded_in_jtag_master|altera_jtag_dc_streaming:normal.jtag_dc_streaming|altera_avalon_st_clock_crosser:sink_crosser|altera_avalon_st_pipeline_base:output_stage
 43. Parameter Settings for User Entity Instance: dsa_system:u_dsa_system|dsa_system_Jtag_master:jtag_master|altera_avalon_st_jtag_interface:jtag_phy_embedded_in_jtag_master|altera_jtag_dc_streaming:normal.jtag_dc_streaming|altera_jtag_src_crosser:source_crosser
 44. Parameter Settings for User Entity Instance: dsa_system:u_dsa_system|dsa_system_Jtag_master:jtag_master|altera_avalon_st_jtag_interface:jtag_phy_embedded_in_jtag_master|altera_jtag_dc_streaming:normal.jtag_dc_streaming|altera_jtag_src_crosser:source_crosser|altera_jtag_control_signal_crosser:crosser
 45. Parameter Settings for User Entity Instance: dsa_system:u_dsa_system|dsa_system_Jtag_master:jtag_master|altera_avalon_st_jtag_interface:jtag_phy_embedded_in_jtag_master|altera_jtag_dc_streaming:normal.jtag_dc_streaming|altera_jtag_src_crosser:source_crosser|altera_jtag_control_signal_crosser:crosser|altera_std_synchronizer:synchronizer
 46. Parameter Settings for User Entity Instance: dsa_system:u_dsa_system|dsa_system_Jtag_master:jtag_master|altera_avalon_sc_fifo:fifo
 47. Parameter Settings for User Entity Instance: dsa_system:u_dsa_system|dsa_system_Jtag_master:jtag_master|altera_avalon_st_bytes_to_packets:b2p
 48. Parameter Settings for User Entity Instance: dsa_system:u_dsa_system|dsa_system_Jtag_master:jtag_master|altera_avalon_st_packets_to_bytes:p2b
 49. Parameter Settings for User Entity Instance: dsa_system:u_dsa_system|dsa_system_Jtag_master:jtag_master|altera_avalon_packets_to_master:transacto
 50. Parameter Settings for User Entity Instance: dsa_system:u_dsa_system|dsa_system_Jtag_master:jtag_master|altera_avalon_packets_to_master:transacto|packets_to_master:p2m
 51. Parameter Settings for User Entity Instance: dsa_system:u_dsa_system|dsa_system_Jtag_master:jtag_master|altera_reset_controller:rst_controller
 52. Parameter Settings for User Entity Instance: dsa_system:u_dsa_system|dsa_system_Jtag_master:jtag_master|altera_reset_controller:rst_controller|altera_reset_synchronizer:alt_rst_sync_uq1
 53. Parameter Settings for User Entity Instance: dsa_system:u_dsa_system|dsa_system_Jtag_master:jtag_master|altera_reset_controller:rst_controller|altera_reset_synchronizer:alt_rst_req_sync_uq1
 54. Parameter Settings for User Entity Instance: dsa_system:u_dsa_system|dsa_system_input_memory:input_memory|altsyncram:the_altsyncram
 55. Parameter Settings for User Entity Instance: dsa_system:u_dsa_system|dsa_system_output_memory:output_memory|altsyncram:the_altsyncram
 56. Parameter Settings for User Entity Instance: dsa_system:u_dsa_system|dsa_system_mm_interconnect_0:mm_interconnect_0|altera_merlin_master_translator:jtag_master_master_translator
 57. Parameter Settings for User Entity Instance: dsa_system:u_dsa_system|dsa_system_mm_interconnect_0:mm_interconnect_0|altera_merlin_slave_translator:input_memory_s1_translator
 58. Parameter Settings for User Entity Instance: dsa_system:u_dsa_system|dsa_system_mm_interconnect_0:mm_interconnect_0|altera_merlin_slave_translator:output_memory_s1_translator
 59. Parameter Settings for User Entity Instance: dsa_system:u_dsa_system|dsa_system_mm_interconnect_0:mm_interconnect_0|altera_merlin_slave_translator:pio_leds_s1_translator
 60. Parameter Settings for User Entity Instance: dsa_system:u_dsa_system|dsa_system_mm_interconnect_0:mm_interconnect_0|altera_merlin_master_agent:jtag_master_master_agent
 61. Parameter Settings for User Entity Instance: dsa_system:u_dsa_system|dsa_system_mm_interconnect_0:mm_interconnect_0|altera_merlin_slave_agent:input_memory_s1_agent
 62. Parameter Settings for User Entity Instance: dsa_system:u_dsa_system|dsa_system_mm_interconnect_0:mm_interconnect_0|altera_merlin_slave_agent:input_memory_s1_agent|altera_merlin_burst_uncompressor:uncompressor
 63. Parameter Settings for User Entity Instance: dsa_system:u_dsa_system|dsa_system_mm_interconnect_0:mm_interconnect_0|altera_avalon_sc_fifo:input_memory_s1_agent_rsp_fifo
 64. Parameter Settings for User Entity Instance: dsa_system:u_dsa_system|dsa_system_mm_interconnect_0:mm_interconnect_0|altera_merlin_slave_agent:output_memory_s1_agent
 65. Parameter Settings for User Entity Instance: dsa_system:u_dsa_system|dsa_system_mm_interconnect_0:mm_interconnect_0|altera_merlin_slave_agent:output_memory_s1_agent|altera_merlin_burst_uncompressor:uncompressor
 66. Parameter Settings for User Entity Instance: dsa_system:u_dsa_system|dsa_system_mm_interconnect_0:mm_interconnect_0|altera_avalon_sc_fifo:output_memory_s1_agent_rsp_fifo
 67. Parameter Settings for User Entity Instance: dsa_system:u_dsa_system|dsa_system_mm_interconnect_0:mm_interconnect_0|altera_merlin_slave_agent:pio_leds_s1_agent
 68. Parameter Settings for User Entity Instance: dsa_system:u_dsa_system|dsa_system_mm_interconnect_0:mm_interconnect_0|altera_merlin_slave_agent:pio_leds_s1_agent|altera_merlin_burst_uncompressor:uncompressor
 69. Parameter Settings for User Entity Instance: dsa_system:u_dsa_system|dsa_system_mm_interconnect_0:mm_interconnect_0|altera_avalon_sc_fifo:pio_leds_s1_agent_rsp_fifo
 70. Parameter Settings for User Entity Instance: dsa_system:u_dsa_system|dsa_system_mm_interconnect_0:mm_interconnect_0|dsa_system_mm_interconnect_0_router:router|dsa_system_mm_interconnect_0_router_default_decode:the_default_decode
 71. Parameter Settings for User Entity Instance: dsa_system:u_dsa_system|dsa_system_mm_interconnect_0:mm_interconnect_0|dsa_system_mm_interconnect_0_router_001:router_001|dsa_system_mm_interconnect_0_router_001_default_decode:the_default_decode
 72. Parameter Settings for User Entity Instance: dsa_system:u_dsa_system|dsa_system_mm_interconnect_0:mm_interconnect_0|dsa_system_mm_interconnect_0_router_001:router_002|dsa_system_mm_interconnect_0_router_001_default_decode:the_default_decode
 73. Parameter Settings for User Entity Instance: dsa_system:u_dsa_system|dsa_system_mm_interconnect_0:mm_interconnect_0|dsa_system_mm_interconnect_0_router_001:router_003|dsa_system_mm_interconnect_0_router_001_default_decode:the_default_decode
 74. Parameter Settings for User Entity Instance: dsa_system:u_dsa_system|dsa_system_mm_interconnect_0:mm_interconnect_0|altera_merlin_traffic_limiter:jtag_master_master_limiter
 75. Parameter Settings for User Entity Instance: dsa_system:u_dsa_system|dsa_system_mm_interconnect_0:mm_interconnect_0|dsa_system_mm_interconnect_0_rsp_mux:rsp_mux|altera_merlin_arbitrator:arb
 76. Parameter Settings for User Entity Instance: dsa_system:u_dsa_system|dsa_system_mm_interconnect_0:mm_interconnect_0|dsa_system_mm_interconnect_0_rsp_mux:rsp_mux|altera_merlin_arbitrator:arb|altera_merlin_arb_adder:adder
 77. Parameter Settings for User Entity Instance: dsa_system:u_dsa_system|dsa_system_mm_interconnect_0:mm_interconnect_0|dsa_system_mm_interconnect_0_avalon_st_adapter:avalon_st_adapter
 78. Parameter Settings for User Entity Instance: dsa_system:u_dsa_system|dsa_system_mm_interconnect_0:mm_interconnect_0|dsa_system_mm_interconnect_0_avalon_st_adapter:avalon_st_adapter_001
 79. Parameter Settings for User Entity Instance: dsa_system:u_dsa_system|dsa_system_mm_interconnect_0:mm_interconnect_0|dsa_system_mm_interconnect_0_avalon_st_adapter:avalon_st_adapter_002
 80. Parameter Settings for User Entity Instance: dsa_system:u_dsa_system|altera_reset_controller:rst_controller
 81. Parameter Settings for User Entity Instance: dsa_system:u_dsa_system|altera_reset_controller:rst_controller|altera_reset_synchronizer:alt_rst_sync_uq1
 82. Parameter Settings for User Entity Instance: dsa_system:u_dsa_system|altera_reset_controller:rst_controller|altera_reset_synchronizer:alt_rst_req_sync_uq1
 83. Parameter Settings for User Entity Instance: dsa_system:u_dsa_system|altera_reset_controller:rst_controller_001
 84. Parameter Settings for User Entity Instance: dsa_system:u_dsa_system|altera_reset_controller:rst_controller_001|altera_reset_synchronizer:alt_rst_sync_uq1
 85. Parameter Settings for User Entity Instance: dsa_system:u_dsa_system|altera_reset_controller:rst_controller_001|altera_reset_synchronizer:alt_rst_req_sync_uq1
 86. Analysis & Elaboration Settings
 87. Port Connectivity Checks: "dsa_system:u_dsa_system|altera_reset_controller:rst_controller_001"
 88. Port Connectivity Checks: "dsa_system:u_dsa_system|altera_reset_controller:rst_controller|altera_reset_synchronizer:alt_rst_req_sync_uq1"
 89. Port Connectivity Checks: "dsa_system:u_dsa_system|altera_reset_controller:rst_controller"
 90. Port Connectivity Checks: "dsa_system:u_dsa_system|dsa_system_mm_interconnect_0:mm_interconnect_0|dsa_system_mm_interconnect_0_rsp_mux:rsp_mux|altera_merlin_arbitrator:arb|altera_merlin_arb_adder:adder"
 91. Port Connectivity Checks: "dsa_system:u_dsa_system|dsa_system_mm_interconnect_0:mm_interconnect_0|dsa_system_mm_interconnect_0_router_001:router_001|dsa_system_mm_interconnect_0_router_001_default_decode:the_default_decode"
 92. Port Connectivity Checks: "dsa_system:u_dsa_system|dsa_system_mm_interconnect_0:mm_interconnect_0|dsa_system_mm_interconnect_0_router:router|dsa_system_mm_interconnect_0_router_default_decode:the_default_decode"
 93. Port Connectivity Checks: "dsa_system:u_dsa_system|dsa_system_mm_interconnect_0:mm_interconnect_0|altera_avalon_sc_fifo:pio_leds_s1_agent_rsp_fifo"
 94. Port Connectivity Checks: "dsa_system:u_dsa_system|dsa_system_mm_interconnect_0:mm_interconnect_0|altera_merlin_slave_agent:pio_leds_s1_agent"
 95. Port Connectivity Checks: "dsa_system:u_dsa_system|dsa_system_mm_interconnect_0:mm_interconnect_0|altera_avalon_sc_fifo:output_memory_s1_agent_rsp_fifo"
 96. Port Connectivity Checks: "dsa_system:u_dsa_system|dsa_system_mm_interconnect_0:mm_interconnect_0|altera_merlin_slave_agent:output_memory_s1_agent"
 97. Port Connectivity Checks: "dsa_system:u_dsa_system|dsa_system_mm_interconnect_0:mm_interconnect_0|altera_avalon_sc_fifo:input_memory_s1_agent_rsp_fifo"
 98. Port Connectivity Checks: "dsa_system:u_dsa_system|dsa_system_mm_interconnect_0:mm_interconnect_0|altera_merlin_slave_agent:input_memory_s1_agent"
 99. Port Connectivity Checks: "dsa_system:u_dsa_system|dsa_system_mm_interconnect_0:mm_interconnect_0|altera_merlin_master_agent:jtag_master_master_agent"
100. Port Connectivity Checks: "dsa_system:u_dsa_system|dsa_system_mm_interconnect_0:mm_interconnect_0|altera_merlin_slave_translator:pio_leds_s1_translator"
101. Port Connectivity Checks: "dsa_system:u_dsa_system|dsa_system_mm_interconnect_0:mm_interconnect_0|altera_merlin_slave_translator:output_memory_s1_translator"
102. Port Connectivity Checks: "dsa_system:u_dsa_system|dsa_system_mm_interconnect_0:mm_interconnect_0|altera_merlin_slave_translator:input_memory_s1_translator"
103. Port Connectivity Checks: "dsa_system:u_dsa_system|dsa_system_mm_interconnect_0:mm_interconnect_0|altera_merlin_master_translator:jtag_master_master_translator"
104. Port Connectivity Checks: "dsa_system:u_dsa_system|dsa_system_output_memory:output_memory"
105. Port Connectivity Checks: "dsa_system:u_dsa_system|dsa_system_input_memory:input_memory"
106. Port Connectivity Checks: "dsa_system:u_dsa_system|dsa_system_Jtag_master:jtag_master|altera_reset_controller:rst_controller|altera_reset_synchronizer:alt_rst_req_sync_uq1"
107. Port Connectivity Checks: "dsa_system:u_dsa_system|dsa_system_Jtag_master:jtag_master|altera_reset_controller:rst_controller"
108. Port Connectivity Checks: "dsa_system:u_dsa_system|dsa_system_Jtag_master:jtag_master|altera_avalon_sc_fifo:fifo"
109. Port Connectivity Checks: "dsa_system:u_dsa_system|dsa_system_Jtag_master:jtag_master|altera_avalon_st_jtag_interface:jtag_phy_embedded_in_jtag_master|altera_jtag_dc_streaming:normal.jtag_dc_streaming|altera_jtag_src_crosser:source_crosser|altera_jtag_control_signal_crosser:crosser"
110. Port Connectivity Checks: "dsa_system:u_dsa_system|dsa_system_Jtag_master:jtag_master|altera_avalon_st_jtag_interface:jtag_phy_embedded_in_jtag_master|altera_jtag_dc_streaming:normal.jtag_dc_streaming|altera_jtag_streaming:jtag_streaming|altera_avalon_st_idle_inserter:idle_inserter"
111. Port Connectivity Checks: "dsa_system:u_dsa_system|dsa_system_Jtag_master:jtag_master|altera_avalon_st_jtag_interface:jtag_phy_embedded_in_jtag_master|altera_jtag_dc_streaming:normal.jtag_dc_streaming|altera_jtag_streaming:jtag_streaming|altera_avalon_st_idle_remover:idle_remover"
112. Port Connectivity Checks: "dsa_system:u_dsa_system|dsa_system_Jtag_master:jtag_master|altera_avalon_st_jtag_interface:jtag_phy_embedded_in_jtag_master|altera_jtag_dc_streaming:normal.jtag_dc_streaming|altera_jtag_streaming:jtag_streaming|altera_std_synchronizer:clock_sense_reset_n_synchronizer"
113. Port Connectivity Checks: "dsa_system:u_dsa_system|dsa_system_Jtag_master:jtag_master|altera_avalon_st_jtag_interface:jtag_phy_embedded_in_jtag_master|altera_jtag_dc_streaming:normal.jtag_dc_streaming|altera_jtag_streaming:jtag_streaming|altera_std_synchronizer:clock_to_sample_div2_synchronizer"
114. Port Connectivity Checks: "dsa_system:u_dsa_system|dsa_system_Jtag_master:jtag_master|altera_avalon_st_jtag_interface:jtag_phy_embedded_in_jtag_master|altera_jtag_dc_streaming:normal.jtag_dc_streaming|altera_jtag_streaming:jtag_streaming|altera_std_synchronizer:reset_to_sample_synchronizer"
115. Port Connectivity Checks: "dsa_system:u_dsa_system|dsa_system_Jtag_master:jtag_master|altera_avalon_st_jtag_interface:jtag_phy_embedded_in_jtag_master|altera_jtag_dc_streaming:normal.jtag_dc_streaming|altera_jtag_streaming:jtag_streaming|altera_std_synchronizer:clock_sensor_synchronizer"
116. Port Connectivity Checks: "dsa_system:u_dsa_system|dsa_system_Jtag_master:jtag_master|altera_avalon_st_jtag_interface:jtag_phy_embedded_in_jtag_master|altera_jtag_dc_streaming:normal.jtag_dc_streaming|altera_std_synchronizer:synchronizer"
117. Port Connectivity Checks: "dsa_system:u_dsa_system|dsa_system_Jtag_master:jtag_master|altera_avalon_st_jtag_interface:jtag_phy_embedded_in_jtag_master|altera_jtag_sld_node:node|sld_virtual_jtag_basic:sld_virtual_jtag_component"
118. Port Connectivity Checks: "dsa_system:u_dsa_system|dsa_system_Jtag_master:jtag_master|altera_avalon_st_jtag_interface:jtag_phy_embedded_in_jtag_master|altera_jtag_sld_node:node"
119. Port Connectivity Checks: "dsa_system:u_dsa_system|dsa_system_Jtag_master:jtag_master|altera_avalon_st_jtag_interface:jtag_phy_embedded_in_jtag_master"
120. Port Connectivity Checks: "dsa_system:u_dsa_system|dsa_system_Jtag_master:jtag_master"
121. Port Connectivity Checks: "dsa_system:u_dsa_system"
122. Analysis & Elaboration Messages
123. Analysis & Elaboration Suppressed Messages



----------------
; Legal Notice ;
----------------
Copyright (C) 2020  Intel Corporation. All rights reserved.
Your use of Intel Corporation's design tools, logic functions 
and other software and tools, and any partner logic 
functions, and any output files from any of the foregoing 
(including device programming or simulation files), and any 
associated documentation or information are expressly subject 
to the terms and conditions of the Intel Program License 
Subscription Agreement, the Intel Quartus Prime License Agreement,
the Intel FPGA IP License Agreement, or other applicable license
agreement, including, without limitation, that your use is for
the sole purpose of programming logic devices manufactured by
Intel and sold by Intel or its authorized distributors.  Please
refer to the applicable agreement for further details, at
https://fpgasoftware.intel.com/eula.



+-----------------------------------------------------------------------------+
; Analysis & Elaboration Summary                                              ;
+-------------------------------+---------------------------------------------+
; Analysis & Elaboration Status ; Failed - Sun Nov 30 22:48:37 2025           ;
; Quartus Prime Version         ; 20.1.1 Build 720 11/11/2020 SJ Lite Edition ;
; Revision Name                 ; ModoSecuencial                              ;
; Top-level Entity Name         ; dsa_system_wrapper                          ;
; Family                        ; Cyclone V                                   ;
; Logic utilization (in ALMs)   ; N/A until Partition Merge                   ;
; Total registers               ; N/A until Partition Merge                   ;
; Total pins                    ; N/A until Partition Merge                   ;
; Total virtual pins            ; N/A until Partition Merge                   ;
; Total block memory bits       ; N/A until Partition Merge                   ;
; Total PLLs                    ; N/A until Partition Merge                   ;
; Total DLLs                    ; N/A until Partition Merge                   ;
+-------------------------------+---------------------------------------------+


+------------------------------------------+
; Parallel Compilation                     ;
+----------------------------+-------------+
; Processors                 ; Number      ;
+----------------------------+-------------+
; Number detected on machine ; 16          ;
; Maximum allowed            ; 16          ;
;                            ;             ;
; Average used               ; 1.00        ;
; Maximum used               ; 1           ;
;                            ;             ;
; Usage by Processor         ; % Time Used ;
;     Processor 1            ; 100.0%      ;
+----------------------------+-------------+


+------------------------------------------------------------------------------------------------------------------------------------------------------------------------------------------------------------------------------------------------------------------------------------------------------------------------------------------------------------+
; Analysis & Elaboration IP Cores Summary                                                                                                                                                                                                                                                                                                                    ;
+--------+-----------------------------------+---------+--------------+--------------+------------------------------------------------------------------------------------------------------------------------------------------------------------------------------------------------------------------------------------------------+----------------------+
; Vendor ; IP Core Name                      ; Version ; Release Date ; License Type ; Entity Instance                                                                                                                                                                                                                                ; IP Include File      ;
+--------+-----------------------------------+---------+--------------+--------------+------------------------------------------------------------------------------------------------------------------------------------------------------------------------------------------------------------------------------------------------+----------------------+
; N/A    ; Qsys                              ; 20.1    ; N/A          ; N/A          ; |dsa_system_wrapper|dsa_system:u_dsa_system                                                                                                                                                                                                    ; qsys/dsa_system.qsys ;
; Altera ; altera_avalon_onchip_memory2      ; 20.1    ; N/A          ; N/A          ; |dsa_system_wrapper|dsa_system:u_dsa_system|dsa_system_input_memory:input_memory                                                                                                                                                               ; qsys/dsa_system.qsys ;
; Altera ; altera_jtag_avalon_master         ; 20.1    ; N/A          ; N/A          ; |dsa_system_wrapper|dsa_system:u_dsa_system|dsa_system_Jtag_master:jtag_master                                                                                                                                                                 ; qsys/dsa_system.qsys ;
; Altera ; altera_avalon_st_bytes_to_packets ; 20.1    ; N/A          ; N/A          ; |dsa_system_wrapper|dsa_system:u_dsa_system|dsa_system_Jtag_master:jtag_master|altera_avalon_st_bytes_to_packets:b2p                                                                                                                           ; qsys/dsa_system.qsys ;
; Altera ; channel_adapter                   ; 20.1    ; N/A          ; N/A          ; |dsa_system_wrapper|dsa_system:u_dsa_system|dsa_system_Jtag_master:jtag_master|dsa_system_Jtag_master_b2p_adapter:b2p_adapter                                                                                                                  ; qsys/dsa_system.qsys ;
; Altera ; altera_avalon_sc_fifo             ; 20.1    ; N/A          ; N/A          ; |dsa_system_wrapper|dsa_system:u_dsa_system|dsa_system_Jtag_master:jtag_master|altera_avalon_sc_fifo:fifo                                                                                                                                      ; qsys/dsa_system.qsys ;
; Altera ; altera_jtag_dc_streaming          ; 20.1    ; N/A          ; N/A          ; |dsa_system_wrapper|dsa_system:u_dsa_system|dsa_system_Jtag_master:jtag_master|altera_avalon_st_jtag_interface:jtag_phy_embedded_in_jtag_master                                                                                                ; qsys/dsa_system.qsys ;
; Altera ; altera_avalon_st_packets_to_bytes ; 20.1    ; N/A          ; N/A          ; |dsa_system_wrapper|dsa_system:u_dsa_system|dsa_system_Jtag_master:jtag_master|altera_avalon_st_packets_to_bytes:p2b                                                                                                                           ; qsys/dsa_system.qsys ;
; Altera ; channel_adapter                   ; 20.1    ; N/A          ; N/A          ; |dsa_system_wrapper|dsa_system:u_dsa_system|dsa_system_Jtag_master:jtag_master|dsa_system_Jtag_master_p2b_adapter:p2b_adapter                                                                                                                  ; qsys/dsa_system.qsys ;
; Altera ; altera_reset_controller           ; 20.1    ; N/A          ; N/A          ; |dsa_system_wrapper|dsa_system:u_dsa_system|dsa_system_Jtag_master:jtag_master|altera_reset_controller:rst_controller                                                                                                                          ; qsys/dsa_system.qsys ;
; Altera ; timing_adapter                    ; 20.1    ; N/A          ; N/A          ; |dsa_system_wrapper|dsa_system:u_dsa_system|dsa_system_Jtag_master:jtag_master|dsa_system_Jtag_master_timing_adt:timing_adt                                                                                                                    ; qsys/dsa_system.qsys ;
; Altera ; altera_avalon_packets_to_master   ; 20.1    ; N/A          ; N/A          ; |dsa_system_wrapper|dsa_system:u_dsa_system|dsa_system_Jtag_master:jtag_master|altera_avalon_packets_to_master:transacto                                                                                                                       ; qsys/dsa_system.qsys ;
; Altera ; altera_mm_interconnect            ; 20.1    ; N/A          ; N/A          ; |dsa_system_wrapper|dsa_system:u_dsa_system|dsa_system_mm_interconnect_0:mm_interconnect_0                                                                                                                                                     ; qsys/dsa_system.qsys ;
; Altera ; altera_avalon_st_adapter          ; 20.1    ; N/A          ; N/A          ; |dsa_system_wrapper|dsa_system:u_dsa_system|dsa_system_mm_interconnect_0:mm_interconnect_0|dsa_system_mm_interconnect_0_avalon_st_adapter:avalon_st_adapter                                                                                    ; qsys/dsa_system.qsys ;
; Altera ; error_adapter                     ; 20.1    ; N/A          ; N/A          ; |dsa_system_wrapper|dsa_system:u_dsa_system|dsa_system_mm_interconnect_0:mm_interconnect_0|dsa_system_mm_interconnect_0_avalon_st_adapter:avalon_st_adapter|dsa_system_mm_interconnect_0_avalon_st_adapter_error_adapter_0:error_adapter_0     ; qsys/dsa_system.qsys ;
; Altera ; altera_avalon_st_adapter          ; 20.1    ; N/A          ; N/A          ; |dsa_system_wrapper|dsa_system:u_dsa_system|dsa_system_mm_interconnect_0:mm_interconnect_0|dsa_system_mm_interconnect_0_avalon_st_adapter:avalon_st_adapter_001                                                                                ; qsys/dsa_system.qsys ;
; Altera ; error_adapter                     ; 20.1    ; N/A          ; N/A          ; |dsa_system_wrapper|dsa_system:u_dsa_system|dsa_system_mm_interconnect_0:mm_interconnect_0|dsa_system_mm_interconnect_0_avalon_st_adapter:avalon_st_adapter_001|dsa_system_mm_interconnect_0_avalon_st_adapter_error_adapter_0:error_adapter_0 ; qsys/dsa_system.qsys ;
; Altera ; altera_avalon_st_adapter          ; 20.1    ; N/A          ; N/A          ; |dsa_system_wrapper|dsa_system:u_dsa_system|dsa_system_mm_interconnect_0:mm_interconnect_0|dsa_system_mm_interconnect_0_avalon_st_adapter:avalon_st_adapter_002                                                                                ; qsys/dsa_system.qsys ;
; Altera ; error_adapter                     ; 20.1    ; N/A          ; N/A          ; |dsa_system_wrapper|dsa_system:u_dsa_system|dsa_system_mm_interconnect_0:mm_interconnect_0|dsa_system_mm_interconnect_0_avalon_st_adapter:avalon_st_adapter_002|dsa_system_mm_interconnect_0_avalon_st_adapter_error_adapter_0:error_adapter_0 ; qsys/dsa_system.qsys ;
; Altera ; altera_merlin_demultiplexer       ; 20.1    ; N/A          ; N/A          ; |dsa_system_wrapper|dsa_system:u_dsa_system|dsa_system_mm_interconnect_0:mm_interconnect_0|dsa_system_mm_interconnect_0_cmd_demux:cmd_demux                                                                                                    ; qsys/dsa_system.qsys ;
; Altera ; altera_merlin_multiplexer         ; 20.1    ; N/A          ; N/A          ; |dsa_system_wrapper|dsa_system:u_dsa_system|dsa_system_mm_interconnect_0:mm_interconnect_0|dsa_system_mm_interconnect_0_cmd_mux:cmd_mux                                                                                                        ; qsys/dsa_system.qsys ;
; Altera ; altera_merlin_multiplexer         ; 20.1    ; N/A          ; N/A          ; |dsa_system_wrapper|dsa_system:u_dsa_system|dsa_system_mm_interconnect_0:mm_interconnect_0|dsa_system_mm_interconnect_0_cmd_mux:cmd_mux_001                                                                                                    ; qsys/dsa_system.qsys ;
; Altera ; altera_merlin_multiplexer         ; 20.1    ; N/A          ; N/A          ; |dsa_system_wrapper|dsa_system:u_dsa_system|dsa_system_mm_interconnect_0:mm_interconnect_0|dsa_system_mm_interconnect_0_cmd_mux:cmd_mux_002                                                                                                    ; qsys/dsa_system.qsys ;
; Altera ; altera_merlin_slave_agent         ; 20.1    ; N/A          ; N/A          ; |dsa_system_wrapper|dsa_system:u_dsa_system|dsa_system_mm_interconnect_0:mm_interconnect_0|altera_merlin_slave_agent:input_memory_s1_agent                                                                                                     ; qsys/dsa_system.qsys ;
; Altera ; altera_avalon_sc_fifo             ; 20.1    ; N/A          ; N/A          ; |dsa_system_wrapper|dsa_system:u_dsa_system|dsa_system_mm_interconnect_0:mm_interconnect_0|altera_avalon_sc_fifo:input_memory_s1_agent_rsp_fifo                                                                                                ; qsys/dsa_system.qsys ;
; Altera ; altera_merlin_slave_translator    ; 20.1    ; N/A          ; N/A          ; |dsa_system_wrapper|dsa_system:u_dsa_system|dsa_system_mm_interconnect_0:mm_interconnect_0|altera_merlin_slave_translator:input_memory_s1_translator                                                                                           ; qsys/dsa_system.qsys ;
; Altera ; altera_merlin_master_agent        ; 20.1    ; N/A          ; N/A          ; |dsa_system_wrapper|dsa_system:u_dsa_system|dsa_system_mm_interconnect_0:mm_interconnect_0|altera_merlin_master_agent:jtag_master_master_agent                                                                                                 ; qsys/dsa_system.qsys ;
; Altera ; altera_merlin_traffic_limiter     ; 20.1    ; N/A          ; N/A          ; |dsa_system_wrapper|dsa_system:u_dsa_system|dsa_system_mm_interconnect_0:mm_interconnect_0|altera_merlin_traffic_limiter:jtag_master_master_limiter                                                                                            ; qsys/dsa_system.qsys ;
; Altera ; altera_merlin_master_translator   ; 20.1    ; N/A          ; N/A          ; |dsa_system_wrapper|dsa_system:u_dsa_system|dsa_system_mm_interconnect_0:mm_interconnect_0|altera_merlin_master_translator:jtag_master_master_translator                                                                                       ; qsys/dsa_system.qsys ;
; Altera ; altera_merlin_slave_agent         ; 20.1    ; N/A          ; N/A          ; |dsa_system_wrapper|dsa_system:u_dsa_system|dsa_system_mm_interconnect_0:mm_interconnect_0|altera_merlin_slave_agent:output_memory_s1_agent                                                                                                    ; qsys/dsa_system.qsys ;
; Altera ; altera_avalon_sc_fifo             ; 20.1    ; N/A          ; N/A          ; |dsa_system_wrapper|dsa_system:u_dsa_system|dsa_system_mm_interconnect_0:mm_interconnect_0|altera_avalon_sc_fifo:output_memory_s1_agent_rsp_fifo                                                                                               ; qsys/dsa_system.qsys ;
; Altera ; altera_merlin_slave_translator    ; 20.1    ; N/A          ; N/A          ; |dsa_system_wrapper|dsa_system:u_dsa_system|dsa_system_mm_interconnect_0:mm_interconnect_0|altera_merlin_slave_translator:output_memory_s1_translator                                                                                          ; qsys/dsa_system.qsys ;
; Altera ; altera_merlin_slave_agent         ; 20.1    ; N/A          ; N/A          ; |dsa_system_wrapper|dsa_system:u_dsa_system|dsa_system_mm_interconnect_0:mm_interconnect_0|altera_merlin_slave_agent:pio_leds_s1_agent                                                                                                         ; qsys/dsa_system.qsys ;
; Altera ; altera_avalon_sc_fifo             ; 20.1    ; N/A          ; N/A          ; |dsa_system_wrapper|dsa_system:u_dsa_system|dsa_system_mm_interconnect_0:mm_interconnect_0|altera_avalon_sc_fifo:pio_leds_s1_agent_rsp_fifo                                                                                                    ; qsys/dsa_system.qsys ;
; Altera ; altera_merlin_slave_translator    ; 20.1    ; N/A          ; N/A          ; |dsa_system_wrapper|dsa_system:u_dsa_system|dsa_system_mm_interconnect_0:mm_interconnect_0|altera_merlin_slave_translator:pio_leds_s1_translator                                                                                               ; qsys/dsa_system.qsys ;
; Altera ; altera_merlin_router              ; 20.1    ; N/A          ; N/A          ; |dsa_system_wrapper|dsa_system:u_dsa_system|dsa_system_mm_interconnect_0:mm_interconnect_0|dsa_system_mm_interconnect_0_router:router                                                                                                          ; qsys/dsa_system.qsys ;
; Altera ; altera_merlin_router              ; 20.1    ; N/A          ; N/A          ; |dsa_system_wrapper|dsa_system:u_dsa_system|dsa_system_mm_interconnect_0:mm_interconnect_0|dsa_system_mm_interconnect_0_router_001:router_001                                                                                                  ; qsys/dsa_system.qsys ;
; Altera ; altera_merlin_router              ; 20.1    ; N/A          ; N/A          ; |dsa_system_wrapper|dsa_system:u_dsa_system|dsa_system_mm_interconnect_0:mm_interconnect_0|dsa_system_mm_interconnect_0_router_001:router_002                                                                                                  ; qsys/dsa_system.qsys ;
; Altera ; altera_merlin_router              ; 20.1    ; N/A          ; N/A          ; |dsa_system_wrapper|dsa_system:u_dsa_system|dsa_system_mm_interconnect_0:mm_interconnect_0|dsa_system_mm_interconnect_0_router_001:router_003                                                                                                  ; qsys/dsa_system.qsys ;
; Altera ; altera_merlin_demultiplexer       ; 20.1    ; N/A          ; N/A          ; |dsa_system_wrapper|dsa_system:u_dsa_system|dsa_system_mm_interconnect_0:mm_interconnect_0|dsa_system_mm_interconnect_0_rsp_demux:rsp_demux                                                                                                    ; qsys/dsa_system.qsys ;
; Altera ; altera_merlin_demultiplexer       ; 20.1    ; N/A          ; N/A          ; |dsa_system_wrapper|dsa_system:u_dsa_system|dsa_system_mm_interconnect_0:mm_interconnect_0|dsa_system_mm_interconnect_0_rsp_demux:rsp_demux_001                                                                                                ; qsys/dsa_system.qsys ;
; Altera ; altera_merlin_demultiplexer       ; 20.1    ; N/A          ; N/A          ; |dsa_system_wrapper|dsa_system:u_dsa_system|dsa_system_mm_interconnect_0:mm_interconnect_0|dsa_system_mm_interconnect_0_rsp_demux:rsp_demux_002                                                                                                ; qsys/dsa_system.qsys ;
; Altera ; altera_merlin_multiplexer         ; 20.1    ; N/A          ; N/A          ; |dsa_system_wrapper|dsa_system:u_dsa_system|dsa_system_mm_interconnect_0:mm_interconnect_0|dsa_system_mm_interconnect_0_rsp_mux:rsp_mux                                                                                                        ; qsys/dsa_system.qsys ;
; Altera ; altera_avalon_onchip_memory2      ; 20.1    ; N/A          ; N/A          ; |dsa_system_wrapper|dsa_system:u_dsa_system|dsa_system_output_memory:output_memory                                                                                                                                                             ; qsys/dsa_system.qsys ;
; Altera ; altera_avalon_pio                 ; 20.1    ; N/A          ; N/A          ; |dsa_system_wrapper|dsa_system:u_dsa_system|dsa_system_pio_leds:pio_leds                                                                                                                                                                       ; qsys/dsa_system.qsys ;
; Altera ; altera_reset_controller           ; 20.1    ; N/A          ; N/A          ; |dsa_system_wrapper|dsa_system:u_dsa_system|altera_reset_controller:rst_controller                                                                                                                                                             ; qsys/dsa_system.qsys ;
; Altera ; altera_reset_controller           ; 20.1    ; N/A          ; N/A          ; |dsa_system_wrapper|dsa_system:u_dsa_system|altera_reset_controller:rst_controller_001                                                                                                                                                         ; qsys/dsa_system.qsys ;
+--------+-----------------------------------+---------+--------------+--------------+------------------------------------------------------------------------------------------------------------------------------------------------------------------------------------------------------------------------------------------------+----------------------+


+-------------------------------------------------------------------------------------------------------------------------------------------------------------------------------------------------------------------------------------------+
; Source assignments for dsa_system:u_dsa_system|dsa_system_Jtag_master:jtag_master|altera_avalon_st_jtag_interface:jtag_phy_embedded_in_jtag_master|altera_jtag_dc_streaming:normal.jtag_dc_streaming|altera_std_synchronizer:synchronizer ;
+-----------------------------+------------------------+------+-----------------------------------------------------------------------------------------------------------------------------------------------------------------------------+
; Assignment                  ; Value                  ; From ; To                                                                                                                                                                          ;
+-----------------------------+------------------------+------+-----------------------------------------------------------------------------------------------------------------------------------------------------------------------------+
; ADV_NETLIST_OPT_ALLOWED     ; NEVER_ALLOW            ; -    ; dreg[0]                                                                                                                                                                     ;
; SYNCHRONIZER_IDENTIFICATION ; FORCED_IF_ASYNCHRONOUS ; -    ; dreg[0]                                                                                                                                                                     ;
; DONT_MERGE_REGISTER         ; ON                     ; -    ; dreg[0]                                                                                                                                                                     ;
; PRESERVE_REGISTER           ; ON                     ; -    ; dreg[0]                                                                                                                                                                     ;
; ADV_NETLIST_OPT_ALLOWED     ; NEVER_ALLOW            ; -    ; din_s1                                                                                                                                                                      ;
; SYNCHRONIZER_IDENTIFICATION ; FORCED_IF_ASYNCHRONOUS ; -    ; din_s1                                                                                                                                                                      ;
; DONT_MERGE_REGISTER         ; ON                     ; -    ; din_s1                                                                                                                                                                      ;
; PRESERVE_REGISTER           ; ON                     ; -    ; din_s1                                                                                                                                                                      ;
; ADV_NETLIST_OPT_ALLOWED     ; NEVER_ALLOW            ; -    ; dreg[1]                                                                                                                                                                     ;
; SYNCHRONIZER_IDENTIFICATION ; FORCED_IF_ASYNCHRONOUS ; -    ; dreg[1]                                                                                                                                                                     ;
; DONT_MERGE_REGISTER         ; ON                     ; -    ; dreg[1]                                                                                                                                                                     ;
; PRESERVE_REGISTER           ; ON                     ; -    ; dreg[1]                                                                                                                                                                     ;
+-----------------------------+------------------------+------+-----------------------------------------------------------------------------------------------------------------------------------------------------------------------------+


+-------------------------------------------------------------------------------------------------------------------------------------------------------------------------------------------------------------------------------------------+
; Source assignments for dsa_system:u_dsa_system|dsa_system_Jtag_master:jtag_master|altera_avalon_st_jtag_interface:jtag_phy_embedded_in_jtag_master|altera_jtag_dc_streaming:normal.jtag_dc_streaming|altera_jtag_streaming:jtag_streaming ;
+---------------+-------+------+------------------------------------------------------------------------------------------------------------------------------------------------------------------------------------------------------------+
; Assignment    ; Value ; From ; To                                                                                                                                                                                                         ;
+---------------+-------+------+------------------------------------------------------------------------------------------------------------------------------------------------------------------------------------------------------------+
; GLOBAL_SIGNAL ; OFF   ; -    ; clock_sense_reset_n                                                                                                                                                                                        ;
+---------------+-------+------+------------------------------------------------------------------------------------------------------------------------------------------------------------------------------------------------------------+


+---------------------------------------------------------------------------------------------------------------------------------------------------------------------------------------------------------------------------------------------------------------------------------------------+
; Source assignments for dsa_system:u_dsa_system|dsa_system_Jtag_master:jtag_master|altera_avalon_st_jtag_interface:jtag_phy_embedded_in_jtag_master|altera_jtag_dc_streaming:normal.jtag_dc_streaming|altera_jtag_streaming:jtag_streaming|altera_std_synchronizer:clock_sensor_synchronizer ;
+-----------------------------+------------------------+------+-------------------------------------------------------------------------------------------------------------------------------------------------------------------------------------------------------------------------------+
; Assignment                  ; Value                  ; From ; To                                                                                                                                                                                                                            ;
+-----------------------------+------------------------+------+-------------------------------------------------------------------------------------------------------------------------------------------------------------------------------------------------------------------------------+
; ADV_NETLIST_OPT_ALLOWED     ; NEVER_ALLOW            ; -    ; dreg[0]                                                                                                                                                                                                                       ;
; SYNCHRONIZER_IDENTIFICATION ; FORCED_IF_ASYNCHRONOUS ; -    ; dreg[0]                                                                                                                                                                                                                       ;
; DONT_MERGE_REGISTER         ; ON                     ; -    ; dreg[0]                                                                                                                                                                                                                       ;
; PRESERVE_REGISTER           ; ON                     ; -    ; dreg[0]                                                                                                                                                                                                                       ;
; ADV_NETLIST_OPT_ALLOWED     ; NEVER_ALLOW            ; -    ; din_s1                                                                                                                                                                                                                        ;
; SYNCHRONIZER_IDENTIFICATION ; FORCED_IF_ASYNCHRONOUS ; -    ; din_s1                                                                                                                                                                                                                        ;
; DONT_MERGE_REGISTER         ; ON                     ; -    ; din_s1                                                                                                                                                                                                                        ;
; PRESERVE_REGISTER           ; ON                     ; -    ; din_s1                                                                                                                                                                                                                        ;
; ADV_NETLIST_OPT_ALLOWED     ; NEVER_ALLOW            ; -    ; dreg[1]                                                                                                                                                                                                                       ;
; SYNCHRONIZER_IDENTIFICATION ; FORCED_IF_ASYNCHRONOUS ; -    ; dreg[1]                                                                                                                                                                                                                       ;
; DONT_MERGE_REGISTER         ; ON                     ; -    ; dreg[1]                                                                                                                                                                                                                       ;
; PRESERVE_REGISTER           ; ON                     ; -    ; dreg[1]                                                                                                                                                                                                                       ;
+-----------------------------+------------------------+------+-------------------------------------------------------------------------------------------------------------------------------------------------------------------------------------------------------------------------------+


+------------------------------------------------------------------------------------------------------------------------------------------------------------------------------------------------------------------------------------------------------------------------------------------------+
; Source assignments for dsa_system:u_dsa_system|dsa_system_Jtag_master:jtag_master|altera_avalon_st_jtag_interface:jtag_phy_embedded_in_jtag_master|altera_jtag_dc_streaming:normal.jtag_dc_streaming|altera_jtag_streaming:jtag_streaming|altera_std_synchronizer:reset_to_sample_synchronizer ;
+-----------------------------+------------------------+------+----------------------------------------------------------------------------------------------------------------------------------------------------------------------------------------------------------------------------------+
; Assignment                  ; Value                  ; From ; To                                                                                                                                                                                                                               ;
+-----------------------------+------------------------+------+----------------------------------------------------------------------------------------------------------------------------------------------------------------------------------------------------------------------------------+
; ADV_NETLIST_OPT_ALLOWED     ; NEVER_ALLOW            ; -    ; dreg[0]                                                                                                                                                                                                                          ;
; SYNCHRONIZER_IDENTIFICATION ; FORCED_IF_ASYNCHRONOUS ; -    ; dreg[0]                                                                                                                                                                                                                          ;
; DONT_MERGE_REGISTER         ; ON                     ; -    ; dreg[0]                                                                                                                                                                                                                          ;
; PRESERVE_REGISTER           ; ON                     ; -    ; dreg[0]                                                                                                                                                                                                                          ;
; ADV_NETLIST_OPT_ALLOWED     ; NEVER_ALLOW            ; -    ; din_s1                                                                                                                                                                                                                           ;
; SYNCHRONIZER_IDENTIFICATION ; FORCED_IF_ASYNCHRONOUS ; -    ; din_s1                                                                                                                                                                                                                           ;
; DONT_MERGE_REGISTER         ; ON                     ; -    ; din_s1                                                                                                                                                                                                                           ;
; PRESERVE_REGISTER           ; ON                     ; -    ; din_s1                                                                                                                                                                                                                           ;
; ADV_NETLIST_OPT_ALLOWED     ; NEVER_ALLOW            ; -    ; dreg[1]                                                                                                                                                                                                                          ;
; SYNCHRONIZER_IDENTIFICATION ; FORCED_IF_ASYNCHRONOUS ; -    ; dreg[1]                                                                                                                                                                                                                          ;
; DONT_MERGE_REGISTER         ; ON                     ; -    ; dreg[1]                                                                                                                                                                                                                          ;
; PRESERVE_REGISTER           ; ON                     ; -    ; dreg[1]                                                                                                                                                                                                                          ;
+-----------------------------+------------------------+------+----------------------------------------------------------------------------------------------------------------------------------------------------------------------------------------------------------------------------------+


+-----------------------------------------------------------------------------------------------------------------------------------------------------------------------------------------------------------------------------------------------------------------------------------------------------+
; Source assignments for dsa_system:u_dsa_system|dsa_system_Jtag_master:jtag_master|altera_avalon_st_jtag_interface:jtag_phy_embedded_in_jtag_master|altera_jtag_dc_streaming:normal.jtag_dc_streaming|altera_jtag_streaming:jtag_streaming|altera_std_synchronizer:clock_to_sample_div2_synchronizer ;
+-----------------------------+------------------------+------+---------------------------------------------------------------------------------------------------------------------------------------------------------------------------------------------------------------------------------------+
; Assignment                  ; Value                  ; From ; To                                                                                                                                                                                                                                    ;
+-----------------------------+------------------------+------+---------------------------------------------------------------------------------------------------------------------------------------------------------------------------------------------------------------------------------------+
; ADV_NETLIST_OPT_ALLOWED     ; NEVER_ALLOW            ; -    ; dreg[0]                                                                                                                                                                                                                               ;
; SYNCHRONIZER_IDENTIFICATION ; FORCED_IF_ASYNCHRONOUS ; -    ; dreg[0]                                                                                                                                                                                                                               ;
; DONT_MERGE_REGISTER         ; ON                     ; -    ; dreg[0]                                                                                                                                                                                                                               ;
; PRESERVE_REGISTER           ; ON                     ; -    ; dreg[0]                                                                                                                                                                                                                               ;
; ADV_NETLIST_OPT_ALLOWED     ; NEVER_ALLOW            ; -    ; din_s1                                                                                                                                                                                                                                ;
; SYNCHRONIZER_IDENTIFICATION ; FORCED_IF_ASYNCHRONOUS ; -    ; din_s1                                                                                                                                                                                                                                ;
; DONT_MERGE_REGISTER         ; ON                     ; -    ; din_s1                                                                                                                                                                                                                                ;
; PRESERVE_REGISTER           ; ON                     ; -    ; din_s1                                                                                                                                                                                                                                ;
; ADV_NETLIST_OPT_ALLOWED     ; NEVER_ALLOW            ; -    ; dreg[1]                                                                                                                                                                                                                               ;
; SYNCHRONIZER_IDENTIFICATION ; FORCED_IF_ASYNCHRONOUS ; -    ; dreg[1]                                                                                                                                                                                                                               ;
; DONT_MERGE_REGISTER         ; ON                     ; -    ; dreg[1]                                                                                                                                                                                                                               ;
; PRESERVE_REGISTER           ; ON                     ; -    ; dreg[1]                                                                                                                                                                                                                               ;
+-----------------------------+------------------------+------+---------------------------------------------------------------------------------------------------------------------------------------------------------------------------------------------------------------------------------------+


+----------------------------------------------------------------------------------------------------------------------------------------------------------------------------------------------------------------------------------------------------------------------------------------------------+
; Source assignments for dsa_system:u_dsa_system|dsa_system_Jtag_master:jtag_master|altera_avalon_st_jtag_interface:jtag_phy_embedded_in_jtag_master|altera_jtag_dc_streaming:normal.jtag_dc_streaming|altera_jtag_streaming:jtag_streaming|altera_std_synchronizer:clock_sense_reset_n_synchronizer ;
+-----------------------------+------------------------+------+--------------------------------------------------------------------------------------------------------------------------------------------------------------------------------------------------------------------------------------+
; Assignment                  ; Value                  ; From ; To                                                                                                                                                                                                                                   ;
+-----------------------------+------------------------+------+--------------------------------------------------------------------------------------------------------------------------------------------------------------------------------------------------------------------------------------+
; ADV_NETLIST_OPT_ALLOWED     ; NEVER_ALLOW            ; -    ; dreg[0]                                                                                                                                                                                                                              ;
; SYNCHRONIZER_IDENTIFICATION ; FORCED_IF_ASYNCHRONOUS ; -    ; dreg[0]                                                                                                                                                                                                                              ;
; DONT_MERGE_REGISTER         ; ON                     ; -    ; dreg[0]                                                                                                                                                                                                                              ;
; PRESERVE_REGISTER           ; ON                     ; -    ; dreg[0]                                                                                                                                                                                                                              ;
; ADV_NETLIST_OPT_ALLOWED     ; NEVER_ALLOW            ; -    ; din_s1                                                                                                                                                                                                                               ;
; SYNCHRONIZER_IDENTIFICATION ; FORCED_IF_ASYNCHRONOUS ; -    ; din_s1                                                                                                                                                                                                                               ;
; DONT_MERGE_REGISTER         ; ON                     ; -    ; din_s1                                                                                                                                                                                                                               ;
; PRESERVE_REGISTER           ; ON                     ; -    ; din_s1                                                                                                                                                                                                                               ;
; ADV_NETLIST_OPT_ALLOWED     ; NEVER_ALLOW            ; -    ; dreg[6]                                                                                                                                                                                                                              ;
; SYNCHRONIZER_IDENTIFICATION ; FORCED_IF_ASYNCHRONOUS ; -    ; dreg[6]                                                                                                                                                                                                                              ;
; DONT_MERGE_REGISTER         ; ON                     ; -    ; dreg[6]                                                                                                                                                                                                                              ;
; PRESERVE_REGISTER           ; ON                     ; -    ; dreg[6]                                                                                                                                                                                                                              ;
; ADV_NETLIST_OPT_ALLOWED     ; NEVER_ALLOW            ; -    ; dreg[5]                                                                                                                                                                                                                              ;
; SYNCHRONIZER_IDENTIFICATION ; FORCED_IF_ASYNCHRONOUS ; -    ; dreg[5]                                                                                                                                                                                                                              ;
; DONT_MERGE_REGISTER         ; ON                     ; -    ; dreg[5]                                                                                                                                                                                                                              ;
; PRESERVE_REGISTER           ; ON                     ; -    ; dreg[5]                                                                                                                                                                                                                              ;
; ADV_NETLIST_OPT_ALLOWED     ; NEVER_ALLOW            ; -    ; dreg[4]                                                                                                                                                                                                                              ;
; SYNCHRONIZER_IDENTIFICATION ; FORCED_IF_ASYNCHRONOUS ; -    ; dreg[4]                                                                                                                                                                                                                              ;
; DONT_MERGE_REGISTER         ; ON                     ; -    ; dreg[4]                                                                                                                                                                                                                              ;
; PRESERVE_REGISTER           ; ON                     ; -    ; dreg[4]                                                                                                                                                                                                                              ;
; ADV_NETLIST_OPT_ALLOWED     ; NEVER_ALLOW            ; -    ; dreg[3]                                                                                                                                                                                                                              ;
; SYNCHRONIZER_IDENTIFICATION ; FORCED_IF_ASYNCHRONOUS ; -    ; dreg[3]                                                                                                                                                                                                                              ;
; DONT_MERGE_REGISTER         ; ON                     ; -    ; dreg[3]                                                                                                                                                                                                                              ;
; PRESERVE_REGISTER           ; ON                     ; -    ; dreg[3]                                                                                                                                                                                                                              ;
; ADV_NETLIST_OPT_ALLOWED     ; NEVER_ALLOW            ; -    ; dreg[2]                                                                                                                                                                                                                              ;
; SYNCHRONIZER_IDENTIFICATION ; FORCED_IF_ASYNCHRONOUS ; -    ; dreg[2]                                                                                                                                                                                                                              ;
; DONT_MERGE_REGISTER         ; ON                     ; -    ; dreg[2]                                                                                                                                                                                                                              ;
; PRESERVE_REGISTER           ; ON                     ; -    ; dreg[2]                                                                                                                                                                                                                              ;
; ADV_NETLIST_OPT_ALLOWED     ; NEVER_ALLOW            ; -    ; dreg[1]                                                                                                                                                                                                                              ;
; SYNCHRONIZER_IDENTIFICATION ; FORCED_IF_ASYNCHRONOUS ; -    ; dreg[1]                                                                                                                                                                                                                              ;
; DONT_MERGE_REGISTER         ; ON                     ; -    ; dreg[1]                                                                                                                                                                                                                              ;
; PRESERVE_REGISTER           ; ON                     ; -    ; dreg[1]                                                                                                                                                                                                                              ;
+-----------------------------+------------------------+------+--------------------------------------------------------------------------------------------------------------------------------------------------------------------------------------------------------------------------------------+


+-------------------------------------------------------------------------------------------------------------------------------------------------------------------------------------------------------------------------------------------------------------------------------------------------------+
; Source assignments for dsa_system:u_dsa_system|dsa_system_Jtag_master:jtag_master|altera_avalon_st_jtag_interface:jtag_phy_embedded_in_jtag_master|altera_jtag_dc_streaming:normal.jtag_dc_streaming|altera_avalon_st_clock_crosser:sink_crosser|altera_std_synchronizer_nocut:in_to_out_synchronizer ;
+-----------------------------+-------------+------+----------------------------------------------------------------------------------------------------------------------------------------------------------------------------------------------------------------------------------------------------+
; Assignment                  ; Value       ; From ; To                                                                                                                                                                                                                                                 ;
+-----------------------------+-------------+------+----------------------------------------------------------------------------------------------------------------------------------------------------------------------------------------------------------------------------------------------------+
; ADV_NETLIST_OPT_ALLOWED     ; NEVER_ALLOW ; -    ; dreg[0]                                                                                                                                                                                                                                            ;
; DONT_MERGE_REGISTER         ; ON          ; -    ; dreg[0]                                                                                                                                                                                                                                            ;
; PRESERVE_REGISTER           ; ON          ; -    ; dreg[0]                                                                                                                                                                                                                                            ;
; ADV_NETLIST_OPT_ALLOWED     ; NEVER_ALLOW ; -    ; din_s1                                                                                                                                                                                                                                             ;
; SYNCHRONIZER_IDENTIFICATION ; FORCED      ; -    ; din_s1                                                                                                                                                                                                                                             ;
; DONT_MERGE_REGISTER         ; ON          ; -    ; din_s1                                                                                                                                                                                                                                             ;
; PRESERVE_REGISTER           ; ON          ; -    ; din_s1                                                                                                                                                                                                                                             ;
; ADV_NETLIST_OPT_ALLOWED     ; NEVER_ALLOW ; -    ; dreg[1]                                                                                                                                                                                                                                            ;
; DONT_MERGE_REGISTER         ; ON          ; -    ; dreg[1]                                                                                                                                                                                                                                            ;
; PRESERVE_REGISTER           ; ON          ; -    ; dreg[1]                                                                                                                                                                                                                                            ;
+-----------------------------+-------------+------+----------------------------------------------------------------------------------------------------------------------------------------------------------------------------------------------------------------------------------------------------+


+-------------------------------------------------------------------------------------------------------------------------------------------------------------------------------------------------------------------------------------------------------------------------------------------------------+
; Source assignments for dsa_system:u_dsa_system|dsa_system_Jtag_master:jtag_master|altera_avalon_st_jtag_interface:jtag_phy_embedded_in_jtag_master|altera_jtag_dc_streaming:normal.jtag_dc_streaming|altera_avalon_st_clock_crosser:sink_crosser|altera_std_synchronizer_nocut:out_to_in_synchronizer ;
+-----------------------------+-------------+------+----------------------------------------------------------------------------------------------------------------------------------------------------------------------------------------------------------------------------------------------------+
; Assignment                  ; Value       ; From ; To                                                                                                                                                                                                                                                 ;
+-----------------------------+-------------+------+----------------------------------------------------------------------------------------------------------------------------------------------------------------------------------------------------------------------------------------------------+
; ADV_NETLIST_OPT_ALLOWED     ; NEVER_ALLOW ; -    ; dreg[0]                                                                                                                                                                                                                                            ;
; DONT_MERGE_REGISTER         ; ON          ; -    ; dreg[0]                                                                                                                                                                                                                                            ;
; PRESERVE_REGISTER           ; ON          ; -    ; dreg[0]                                                                                                                                                                                                                                            ;
; ADV_NETLIST_OPT_ALLOWED     ; NEVER_ALLOW ; -    ; din_s1                                                                                                                                                                                                                                             ;
; SYNCHRONIZER_IDENTIFICATION ; FORCED      ; -    ; din_s1                                                                                                                                                                                                                                             ;
; DONT_MERGE_REGISTER         ; ON          ; -    ; din_s1                                                                                                                                                                                                                                             ;
; PRESERVE_REGISTER           ; ON          ; -    ; din_s1                                                                                                                                                                                                                                             ;
; ADV_NETLIST_OPT_ALLOWED     ; NEVER_ALLOW ; -    ; dreg[6]                                                                                                                                                                                                                                            ;
; DONT_MERGE_REGISTER         ; ON          ; -    ; dreg[6]                                                                                                                                                                                                                                            ;
; PRESERVE_REGISTER           ; ON          ; -    ; dreg[6]                                                                                                                                                                                                                                            ;
; ADV_NETLIST_OPT_ALLOWED     ; NEVER_ALLOW ; -    ; dreg[5]                                                                                                                                                                                                                                            ;
; DONT_MERGE_REGISTER         ; ON          ; -    ; dreg[5]                                                                                                                                                                                                                                            ;
; PRESERVE_REGISTER           ; ON          ; -    ; dreg[5]                                                                                                                                                                                                                                            ;
; ADV_NETLIST_OPT_ALLOWED     ; NEVER_ALLOW ; -    ; dreg[4]                                                                                                                                                                                                                                            ;
; DONT_MERGE_REGISTER         ; ON          ; -    ; dreg[4]                                                                                                                                                                                                                                            ;
; PRESERVE_REGISTER           ; ON          ; -    ; dreg[4]                                                                                                                                                                                                                                            ;
; ADV_NETLIST_OPT_ALLOWED     ; NEVER_ALLOW ; -    ; dreg[3]                                                                                                                                                                                                                                            ;
; DONT_MERGE_REGISTER         ; ON          ; -    ; dreg[3]                                                                                                                                                                                                                                            ;
; PRESERVE_REGISTER           ; ON          ; -    ; dreg[3]                                                                                                                                                                                                                                            ;
; ADV_NETLIST_OPT_ALLOWED     ; NEVER_ALLOW ; -    ; dreg[2]                                                                                                                                                                                                                                            ;
; DONT_MERGE_REGISTER         ; ON          ; -    ; dreg[2]                                                                                                                                                                                                                                            ;
; PRESERVE_REGISTER           ; ON          ; -    ; dreg[2]                                                                                                                                                                                                                                            ;
; ADV_NETLIST_OPT_ALLOWED     ; NEVER_ALLOW ; -    ; dreg[1]                                                                                                                                                                                                                                            ;
; DONT_MERGE_REGISTER         ; ON          ; -    ; dreg[1]                                                                                                                                                                                                                                            ;
; PRESERVE_REGISTER           ; ON          ; -    ; dreg[1]                                                                                                                                                                                                                                            ;
+-----------------------------+-------------+------+----------------------------------------------------------------------------------------------------------------------------------------------------------------------------------------------------------------------------------------------------+


+---------------------------------------------------------------------------------------------------------------------------------------------------------------------------------------------------------------------------------------------+
; Source assignments for dsa_system:u_dsa_system|dsa_system_Jtag_master:jtag_master|altera_avalon_st_jtag_interface:jtag_phy_embedded_in_jtag_master|altera_jtag_dc_streaming:normal.jtag_dc_streaming|altera_jtag_src_crosser:source_crosser ;
+-------------------+-------+------+----------------------------------------------------------------------------------------------------------------------------------------------------------------------------------------------------------+
; Assignment        ; Value ; From ; To                                                                                                                                                                                                       ;
+-------------------+-------+------+----------------------------------------------------------------------------------------------------------------------------------------------------------------------------------------------------------+
; PRESERVE_REGISTER ; ON    ; -    ; src_data[7]                                                                                                                                                                                              ;
; PRESERVE_REGISTER ; ON    ; -    ; src_data[6]                                                                                                                                                                                              ;
; PRESERVE_REGISTER ; ON    ; -    ; src_data[5]                                                                                                                                                                                              ;
; PRESERVE_REGISTER ; ON    ; -    ; src_data[4]                                                                                                                                                                                              ;
; PRESERVE_REGISTER ; ON    ; -    ; src_data[3]                                                                                                                                                                                              ;
; PRESERVE_REGISTER ; ON    ; -    ; src_data[2]                                                                                                                                                                                              ;
; PRESERVE_REGISTER ; ON    ; -    ; src_data[1]                                                                                                                                                                                              ;
; PRESERVE_REGISTER ; ON    ; -    ; src_data[0]                                                                                                                                                                                              ;
; PRESERVE_REGISTER ; ON    ; -    ; src_data[0]~reg0                                                                                                                                                                                         ;
; PRESERVE_REGISTER ; ON    ; -    ; src_data[7]~reg0                                                                                                                                                                                         ;
; PRESERVE_REGISTER ; ON    ; -    ; src_data[6]~reg0                                                                                                                                                                                         ;
; PRESERVE_REGISTER ; ON    ; -    ; src_data[5]~reg0                                                                                                                                                                                         ;
; PRESERVE_REGISTER ; ON    ; -    ; src_data[4]~reg0                                                                                                                                                                                         ;
; PRESERVE_REGISTER ; ON    ; -    ; src_data[3]~reg0                                                                                                                                                                                         ;
; PRESERVE_REGISTER ; ON    ; -    ; src_data[2]~reg0                                                                                                                                                                                         ;
; PRESERVE_REGISTER ; ON    ; -    ; src_data[1]~reg0                                                                                                                                                                                         ;
+-------------------+-------+------+----------------------------------------------------------------------------------------------------------------------------------------------------------------------------------------------------------+


+-----------------------------------------------------------------------------------------------------------------------------------------------------------------------------------------------------------------------------------------------------------------------------------------------------------------------------+
; Source assignments for dsa_system:u_dsa_system|dsa_system_Jtag_master:jtag_master|altera_avalon_st_jtag_interface:jtag_phy_embedded_in_jtag_master|altera_jtag_dc_streaming:normal.jtag_dc_streaming|altera_jtag_src_crosser:source_crosser|altera_jtag_control_signal_crosser:crosser|altera_std_synchronizer:synchronizer ;
+-----------------------------+------------------------+------+---------------------------------------------------------------------------------------------------------------------------------------------------------------------------------------------------------------------------------------------------------------+
; Assignment                  ; Value                  ; From ; To                                                                                                                                                                                                                                                            ;
+-----------------------------+------------------------+------+---------------------------------------------------------------------------------------------------------------------------------------------------------------------------------------------------------------------------------------------------------------+
; ADV_NETLIST_OPT_ALLOWED     ; NEVER_ALLOW            ; -    ; dreg[0]                                                                                                                                                                                                                                                       ;
; SYNCHRONIZER_IDENTIFICATION ; FORCED_IF_ASYNCHRONOUS ; -    ; dreg[0]                                                                                                                                                                                                                                                       ;
; DONT_MERGE_REGISTER         ; ON                     ; -    ; dreg[0]                                                                                                                                                                                                                                                       ;
; PRESERVE_REGISTER           ; ON                     ; -    ; dreg[0]                                                                                                                                                                                                                                                       ;
; ADV_NETLIST_OPT_ALLOWED     ; NEVER_ALLOW            ; -    ; din_s1                                                                                                                                                                                                                                                        ;
; SYNCHRONIZER_IDENTIFICATION ; FORCED_IF_ASYNCHRONOUS ; -    ; din_s1                                                                                                                                                                                                                                                        ;
; DONT_MERGE_REGISTER         ; ON                     ; -    ; din_s1                                                                                                                                                                                                                                                        ;
; PRESERVE_REGISTER           ; ON                     ; -    ; din_s1                                                                                                                                                                                                                                                        ;
; ADV_NETLIST_OPT_ALLOWED     ; NEVER_ALLOW            ; -    ; dreg[6]                                                                                                                                                                                                                                                       ;
; SYNCHRONIZER_IDENTIFICATION ; FORCED_IF_ASYNCHRONOUS ; -    ; dreg[6]                                                                                                                                                                                                                                                       ;
; DONT_MERGE_REGISTER         ; ON                     ; -    ; dreg[6]                                                                                                                                                                                                                                                       ;
; PRESERVE_REGISTER           ; ON                     ; -    ; dreg[6]                                                                                                                                                                                                                                                       ;
; ADV_NETLIST_OPT_ALLOWED     ; NEVER_ALLOW            ; -    ; dreg[5]                                                                                                                                                                                                                                                       ;
; SYNCHRONIZER_IDENTIFICATION ; FORCED_IF_ASYNCHRONOUS ; -    ; dreg[5]                                                                                                                                                                                                                                                       ;
; DONT_MERGE_REGISTER         ; ON                     ; -    ; dreg[5]                                                                                                                                                                                                                                                       ;
; PRESERVE_REGISTER           ; ON                     ; -    ; dreg[5]                                                                                                                                                                                                                                                       ;
; ADV_NETLIST_OPT_ALLOWED     ; NEVER_ALLOW            ; -    ; dreg[4]                                                                                                                                                                                                                                                       ;
; SYNCHRONIZER_IDENTIFICATION ; FORCED_IF_ASYNCHRONOUS ; -    ; dreg[4]                                                                                                                                                                                                                                                       ;
; DONT_MERGE_REGISTER         ; ON                     ; -    ; dreg[4]                                                                                                                                                                                                                                                       ;
; PRESERVE_REGISTER           ; ON                     ; -    ; dreg[4]                                                                                                                                                                                                                                                       ;
; ADV_NETLIST_OPT_ALLOWED     ; NEVER_ALLOW            ; -    ; dreg[3]                                                                                                                                                                                                                                                       ;
; SYNCHRONIZER_IDENTIFICATION ; FORCED_IF_ASYNCHRONOUS ; -    ; dreg[3]                                                                                                                                                                                                                                                       ;
; DONT_MERGE_REGISTER         ; ON                     ; -    ; dreg[3]                                                                                                                                                                                                                                                       ;
; PRESERVE_REGISTER           ; ON                     ; -    ; dreg[3]                                                                                                                                                                                                                                                       ;
; ADV_NETLIST_OPT_ALLOWED     ; NEVER_ALLOW            ; -    ; dreg[2]                                                                                                                                                                                                                                                       ;
; SYNCHRONIZER_IDENTIFICATION ; FORCED_IF_ASYNCHRONOUS ; -    ; dreg[2]                                                                                                                                                                                                                                                       ;
; DONT_MERGE_REGISTER         ; ON                     ; -    ; dreg[2]                                                                                                                                                                                                                                                       ;
; PRESERVE_REGISTER           ; ON                     ; -    ; dreg[2]                                                                                                                                                                                                                                                       ;
; ADV_NETLIST_OPT_ALLOWED     ; NEVER_ALLOW            ; -    ; dreg[1]                                                                                                                                                                                                                                                       ;
; SYNCHRONIZER_IDENTIFICATION ; FORCED_IF_ASYNCHRONOUS ; -    ; dreg[1]                                                                                                                                                                                                                                                       ;
; DONT_MERGE_REGISTER         ; ON                     ; -    ; dreg[1]                                                                                                                                                                                                                                                       ;
; PRESERVE_REGISTER           ; ON                     ; -    ; dreg[1]                                                                                                                                                                                                                                                       ;
+-----------------------------+------------------------+------+---------------------------------------------------------------------------------------------------------------------------------------------------------------------------------------------------------------------------------------------------------------+


+---------------------------------------------------------------------------------------------------------------------------------------------------------------------+
; Source assignments for dsa_system:u_dsa_system|dsa_system_Jtag_master:jtag_master|altera_reset_controller:rst_controller|altera_reset_synchronizer:alt_rst_sync_uq1 ;
+-------------------+-------+------+----------------------------------------------------------------------------------------------------------------------------------+
; Assignment        ; Value ; From ; To                                                                                                                               ;
+-------------------+-------+------+----------------------------------------------------------------------------------------------------------------------------------+
; PRESERVE_REGISTER ; on    ; -    ; altera_reset_synchronizer_int_chain[1]                                                                                           ;
; PRESERVE_REGISTER ; on    ; -    ; altera_reset_synchronizer_int_chain[0]                                                                                           ;
+-------------------+-------+------+----------------------------------------------------------------------------------------------------------------------------------+


+-------------------------------------------------------------------------------------------------------------------------------------------------------------------------+
; Source assignments for dsa_system:u_dsa_system|dsa_system_Jtag_master:jtag_master|altera_reset_controller:rst_controller|altera_reset_synchronizer:alt_rst_req_sync_uq1 ;
+-------------------+-------+------+--------------------------------------------------------------------------------------------------------------------------------------+
; Assignment        ; Value ; From ; To                                                                                                                                   ;
+-------------------+-------+------+--------------------------------------------------------------------------------------------------------------------------------------+
; PRESERVE_REGISTER ; on    ; -    ; altera_reset_synchronizer_int_chain[0]                                                                                               ;
; PRESERVE_REGISTER ; on    ; -    ; altera_reset_synchronizer_int_chain[1]                                                                                               ;
+-------------------+-------+------+--------------------------------------------------------------------------------------------------------------------------------------+


+--------------------------------------------------------------------------------------------------------------------------------------------------------------------------+
; Source assignments for dsa_system:u_dsa_system|dsa_system_input_memory:input_memory|altsyncram:the_altsyncram|altsyncram_1tn1:auto_generated|altsyncram_bbi2:altsyncram1 ;
+---------------------------------+--------------------+------+------------------------------------------------------------------------------------------------------------+
; Assignment                      ; Value              ; From ; To                                                                                                         ;
+---------------------------------+--------------------+------+------------------------------------------------------------------------------------------------------------+
; OPTIMIZE_POWER_DURING_SYNTHESIS ; NORMAL_COMPILATION ; -    ; -                                                                                                          ;
+---------------------------------+--------------------+------+------------------------------------------------------------------------------------------------------------+


+----------------------------------------------------------------------------------------------------------------------------------------------------------------------------+
; Source assignments for dsa_system:u_dsa_system|dsa_system_output_memory:output_memory|altsyncram:the_altsyncram|altsyncram_psn1:auto_generated|altsyncram_uai2:altsyncram1 ;
+---------------------------------+--------------------+------+--------------------------------------------------------------------------------------------------------------+
; Assignment                      ; Value              ; From ; To                                                                                                           ;
+---------------------------------+--------------------+------+--------------------------------------------------------------------------------------------------------------+
; OPTIMIZE_POWER_DURING_SYNTHESIS ; NORMAL_COMPILATION ; -    ; -                                                                                                            ;
+---------------------------------+--------------------+------+--------------------------------------------------------------------------------------------------------------+


+------------------------------------------------------------------------------------------------------------------------------------------------+
; Source assignments for dsa_system:u_dsa_system|dsa_system_mm_interconnect_0:mm_interconnect_0|dsa_system_mm_interconnect_0_cmd_demux:cmd_demux ;
+-----------------+-------+------+---------------------------------------------------------------------------------------------------------------+
; Assignment      ; Value ; From ; To                                                                                                            ;
+-----------------+-------+------+---------------------------------------------------------------------------------------------------------------+
; MESSAGE_DISABLE ; 15610 ; -    ; clk                                                                                                           ;
; MESSAGE_DISABLE ; 15610 ; -    ; reset                                                                                                         ;
+-----------------+-------+------+---------------------------------------------------------------------------------------------------------------+


+------------------------------------------------------------------------------------------------------------------------------------------------+
; Source assignments for dsa_system:u_dsa_system|dsa_system_mm_interconnect_0:mm_interconnect_0|dsa_system_mm_interconnect_0_rsp_demux:rsp_demux ;
+-----------------+-------+------+---------------------------------------------------------------------------------------------------------------+
; Assignment      ; Value ; From ; To                                                                                                            ;
+-----------------+-------+------+---------------------------------------------------------------------------------------------------------------+
; MESSAGE_DISABLE ; 15610 ; -    ; clk                                                                                                           ;
; MESSAGE_DISABLE ; 15610 ; -    ; reset                                                                                                         ;
+-----------------+-------+------+---------------------------------------------------------------------------------------------------------------+


+----------------------------------------------------------------------------------------------------------------------------------------------------+
; Source assignments for dsa_system:u_dsa_system|dsa_system_mm_interconnect_0:mm_interconnect_0|dsa_system_mm_interconnect_0_rsp_demux:rsp_demux_001 ;
+-----------------+-------+------+-------------------------------------------------------------------------------------------------------------------+
; Assignment      ; Value ; From ; To                                                                                                                ;
+-----------------+-------+------+-------------------------------------------------------------------------------------------------------------------+
; MESSAGE_DISABLE ; 15610 ; -    ; clk                                                                                                               ;
; MESSAGE_DISABLE ; 15610 ; -    ; reset                                                                                                             ;
+-----------------+-------+------+-------------------------------------------------------------------------------------------------------------------+


+----------------------------------------------------------------------------------------------------------------------------------------------------+
; Source assignments for dsa_system:u_dsa_system|dsa_system_mm_interconnect_0:mm_interconnect_0|dsa_system_mm_interconnect_0_rsp_demux:rsp_demux_002 ;
+-----------------+-------+------+-------------------------------------------------------------------------------------------------------------------+
; Assignment      ; Value ; From ; To                                                                                                                ;
+-----------------+-------+------+-------------------------------------------------------------------------------------------------------------------+
; MESSAGE_DISABLE ; 15610 ; -    ; clk                                                                                                               ;
; MESSAGE_DISABLE ; 15610 ; -    ; reset                                                                                                             ;
+-----------------+-------+------+-------------------------------------------------------------------------------------------------------------------+


+---------------------------------------------------------------------------------------+
; Source assignments for dsa_system:u_dsa_system|altera_reset_controller:rst_controller ;
+-------------------+-------+------+----------------------------------------------------+
; Assignment        ; Value ; From ; To                                                 ;
+-------------------+-------+------+----------------------------------------------------+
; PRESERVE_REGISTER ; on    ; -    ; altera_reset_synchronizer_int_chain[4]             ;
; PRESERVE_REGISTER ; on    ; -    ; altera_reset_synchronizer_int_chain[3]             ;
; PRESERVE_REGISTER ; on    ; -    ; altera_reset_synchronizer_int_chain[2]             ;
; PRESERVE_REGISTER ; on    ; -    ; altera_reset_synchronizer_int_chain[1]             ;
; PRESERVE_REGISTER ; on    ; -    ; altera_reset_synchronizer_int_chain[0]             ;
+-------------------+-------+------+----------------------------------------------------+


+----------------------------------------------------------------------------------------------------------------------------------+
; Source assignments for dsa_system:u_dsa_system|altera_reset_controller:rst_controller|altera_reset_synchronizer:alt_rst_sync_uq1 ;
+-------------------+-------+------+-----------------------------------------------------------------------------------------------+
; Assignment        ; Value ; From ; To                                                                                            ;
+-------------------+-------+------+-----------------------------------------------------------------------------------------------+
; PRESERVE_REGISTER ; on    ; -    ; altera_reset_synchronizer_int_chain[1]                                                        ;
; PRESERVE_REGISTER ; on    ; -    ; altera_reset_synchronizer_int_chain[0]                                                        ;
+-------------------+-------+------+-----------------------------------------------------------------------------------------------+


+--------------------------------------------------------------------------------------------------------------------------------------+
; Source assignments for dsa_system:u_dsa_system|altera_reset_controller:rst_controller|altera_reset_synchronizer:alt_rst_req_sync_uq1 ;
+-------------------+-------+------+---------------------------------------------------------------------------------------------------+
; Assignment        ; Value ; From ; To                                                                                                ;
+-------------------+-------+------+---------------------------------------------------------------------------------------------------+
; PRESERVE_REGISTER ; on    ; -    ; altera_reset_synchronizer_int_chain[0]                                                            ;
; PRESERVE_REGISTER ; on    ; -    ; altera_reset_synchronizer_int_chain[1]                                                            ;
+-------------------+-------+------+---------------------------------------------------------------------------------------------------+


+--------------------------------------------------------------------------------------------------------------------------------------+
; Source assignments for dsa_system:u_dsa_system|altera_reset_controller:rst_controller_001|altera_reset_synchronizer:alt_rst_sync_uq1 ;
+-------------------+-------+------+---------------------------------------------------------------------------------------------------+
; Assignment        ; Value ; From ; To                                                                                                ;
+-------------------+-------+------+---------------------------------------------------------------------------------------------------+
; PRESERVE_REGISTER ; on    ; -    ; altera_reset_synchronizer_int_chain[1]                                                            ;
; PRESERVE_REGISTER ; on    ; -    ; altera_reset_synchronizer_int_chain[0]                                                            ;
+-------------------+-------+------+---------------------------------------------------------------------------------------------------+


+------------------------------------------------------------------------------------------------------------------------------------------+
; Source assignments for dsa_system:u_dsa_system|altera_reset_controller:rst_controller_001|altera_reset_synchronizer:alt_rst_req_sync_uq1 ;
+-------------------+-------+------+-------------------------------------------------------------------------------------------------------+
; Assignment        ; Value ; From ; To                                                                                                    ;
+-------------------+-------+------+-------------------------------------------------------------------------------------------------------+
; PRESERVE_REGISTER ; on    ; -    ; altera_reset_synchronizer_int_chain[0]                                                                ;
; PRESERVE_REGISTER ; on    ; -    ; altera_reset_synchronizer_int_chain[1]                                                                ;
+-------------------+-------+------+-------------------------------------------------------------------------------------------------------+


+---------------------------------------------------------------------------------------------------------+
; Parameter Settings for User Entity Instance: dsa_system:u_dsa_system|dsa_system_Jtag_master:jtag_master ;
+----------------+-------+--------------------------------------------------------------------------------+
; Parameter Name ; Value ; Type                                                                           ;
+----------------+-------+--------------------------------------------------------------------------------+
; USE_PLI        ; 0     ; Signed Integer                                                                 ;
; PLI_PORT       ; 50000 ; Signed Integer                                                                 ;
; FIFO_DEPTHS    ; 2     ; Signed Integer                                                                 ;
+----------------+-------+--------------------------------------------------------------------------------+
Note: In order to hide this table in the UI and the text report file, please set the "Show Parameter Settings in Synthesis Report" option in "Analysis and Synthesis Settings -> More Settings" to "Off".


+--------------------------------------------------------------------------------------------------------------------------------------------------------------------------+
; Parameter Settings for User Entity Instance: dsa_system:u_dsa_system|dsa_system_Jtag_master:jtag_master|altera_avalon_st_jtag_interface:jtag_phy_embedded_in_jtag_master ;
+----------------------+-------+-------------------------------------------------------------------------------------------------------------------------------------------+
; Parameter Name       ; Value ; Type                                                                                                                                      ;
+----------------------+-------+-------------------------------------------------------------------------------------------------------------------------------------------+
; PURPOSE              ; 1     ; Signed Integer                                                                                                                            ;
; UPSTREAM_FIFO_SIZE   ; 0     ; Signed Integer                                                                                                                            ;
; DOWNSTREAM_FIFO_SIZE ; 64    ; Signed Integer                                                                                                                            ;
; MGMT_CHANNEL_WIDTH   ; -1    ; Signed Integer                                                                                                                            ;
; EXPORT_JTAG          ; 0     ; Signed Integer                                                                                                                            ;
; USE_PLI              ; 0     ; Signed Integer                                                                                                                            ;
; PLI_PORT             ; 50000 ; Signed Integer                                                                                                                            ;
+----------------------+-------+-------------------------------------------------------------------------------------------------------------------------------------------+
Note: In order to hide this table in the UI and the text report file, please set the "Show Parameter Settings in Synthesis Report" option in "Analysis and Synthesis Settings -> More Settings" to "Off".


+----------------------------------------------------------------------------------------------------------------------------------------------------------------------------------------------------+
; Parameter Settings for User Entity Instance: dsa_system:u_dsa_system|dsa_system_Jtag_master:jtag_master|altera_avalon_st_jtag_interface:jtag_phy_embedded_in_jtag_master|altera_jtag_sld_node:node ;
+----------------+-------+---------------------------------------------------------------------------------------------------------------------------------------------------------------------------+
; Parameter Name ; Value ; Type                                                                                                                                                                      ;
+----------------+-------+---------------------------------------------------------------------------------------------------------------------------------------------------------------------------+
; TCK_FREQ_MHZ   ; 20    ; Signed Integer                                                                                                                                                            ;
+----------------+-------+---------------------------------------------------------------------------------------------------------------------------------------------------------------------------+
Note: In order to hide this table in the UI and the text report file, please set the "Show Parameter Settings in Synthesis Report" option in "Analysis and Synthesis Settings -> More Settings" to "Off".


+------------------------------------------------------------------------------------------------------------------------------------------------------------------------------------------------------------------------------------------------------+
; Parameter Settings for User Entity Instance: dsa_system:u_dsa_system|dsa_system_Jtag_master:jtag_master|altera_avalon_st_jtag_interface:jtag_phy_embedded_in_jtag_master|altera_jtag_sld_node:node|sld_virtual_jtag_basic:sld_virtual_jtag_component ;
+-------------------------+------------------------+---------------------------------------------------------------------------------------------------------------------------------------------------------------------------------------------------+
; Parameter Name          ; Value                  ; Type                                                                                                                                                                                              ;
+-------------------------+------------------------+---------------------------------------------------------------------------------------------------------------------------------------------------------------------------------------------------+
; sld_mfg_id              ; 110                    ; Signed Integer                                                                                                                                                                                    ;
; sld_type_id             ; 132                    ; Signed Integer                                                                                                                                                                                    ;
; sld_version             ; 1                      ; Signed Integer                                                                                                                                                                                    ;
; sld_instance_index      ; 0                      ; Signed Integer                                                                                                                                                                                    ;
; sld_auto_instance_index ; YES                    ; String                                                                                                                                                                                            ;
; sld_ir_width            ; 3                      ; Signed Integer                                                                                                                                                                                    ;
; sld_sim_n_scan          ; 0                      ; Signed Integer                                                                                                                                                                                    ;
; sld_sim_action          ;                        ; String                                                                                                                                                                                            ;
; sld_sim_total_length    ; 0                      ; Signed Integer                                                                                                                                                                                    ;
; lpm_type                ; sld_virtual_jtag_basic ; String                                                                                                                                                                                            ;
; lpm_hint                ; UNUSED                 ; String                                                                                                                                                                                            ;
+-------------------------+------------------------+---------------------------------------------------------------------------------------------------------------------------------------------------------------------------------------------------+
Note: In order to hide this table in the UI and the text report file, please set the "Show Parameter Settings in Synthesis Report" option in "Analysis and Synthesis Settings -> More Settings" to "Off".


+----------------------------------------------------------------------------------------------------------------------------------------------------------------------------------------------------------------------------+
; Parameter Settings for User Entity Instance: dsa_system:u_dsa_system|dsa_system_Jtag_master:jtag_master|altera_avalon_st_jtag_interface:jtag_phy_embedded_in_jtag_master|altera_jtag_dc_streaming:normal.jtag_dc_streaming ;
+----------------------+-------+---------------------------------------------------------------------------------------------------------------------------------------------------------------------------------------------+
; Parameter Name       ; Value ; Type                                                                                                                                                                                        ;
+----------------------+-------+---------------------------------------------------------------------------------------------------------------------------------------------------------------------------------------------+
; PURPOSE              ; 1     ; Signed Integer                                                                                                                                                                              ;
; UPSTREAM_FIFO_SIZE   ; 0     ; Signed Integer                                                                                                                                                                              ;
; DOWNSTREAM_FIFO_SIZE ; 64    ; Signed Integer                                                                                                                                                                              ;
; MGMT_CHANNEL_WIDTH   ; -1    ; Signed Integer                                                                                                                                                                              ;
+----------------------+-------+---------------------------------------------------------------------------------------------------------------------------------------------------------------------------------------------+
Note: In order to hide this table in the UI and the text report file, please set the "Show Parameter Settings in Synthesis Report" option in "Analysis and Synthesis Settings -> More Settings" to "Off".


+-----------------------------------------------------------------------------------------------------------------------------------------------------------------------------------------------------------------------------------------------------------------+
; Parameter Settings for User Entity Instance: dsa_system:u_dsa_system|dsa_system_Jtag_master:jtag_master|altera_avalon_st_jtag_interface:jtag_phy_embedded_in_jtag_master|altera_jtag_dc_streaming:normal.jtag_dc_streaming|altera_std_synchronizer:synchronizer ;
+----------------+-------+----------------------------------------------------------------------------------------------------------------------------------------------------------------------------------------------------------------------------------------+
; Parameter Name ; Value ; Type                                                                                                                                                                                                                                   ;
+----------------+-------+----------------------------------------------------------------------------------------------------------------------------------------------------------------------------------------------------------------------------------------+
; depth          ; 3     ; Signed Integer                                                                                                                                                                                                                         ;
+----------------+-------+----------------------------------------------------------------------------------------------------------------------------------------------------------------------------------------------------------------------------------------+
Note: In order to hide this table in the UI and the text report file, please set the "Show Parameter Settings in Synthesis Report" option in "Analysis and Synthesis Settings -> More Settings" to "Off".


+-----------------------------------------------------------------------------------------------------------------------------------------------------------------------------------------------------------------------------------------------------------------+
; Parameter Settings for User Entity Instance: dsa_system:u_dsa_system|dsa_system_Jtag_master:jtag_master|altera_avalon_st_jtag_interface:jtag_phy_embedded_in_jtag_master|altera_jtag_dc_streaming:normal.jtag_dc_streaming|altera_jtag_streaming:jtag_streaming ;
+----------------------+-------+----------------------------------------------------------------------------------------------------------------------------------------------------------------------------------------------------------------------------------+
; Parameter Name       ; Value ; Type                                                                                                                                                                                                                             ;
+----------------------+-------+----------------------------------------------------------------------------------------------------------------------------------------------------------------------------------------------------------------------------------+
; PURPOSE              ; 1     ; Signed Integer                                                                                                                                                                                                                   ;
; UPSTREAM_FIFO_SIZE   ; 0     ; Signed Integer                                                                                                                                                                                                                   ;
; DOWNSTREAM_FIFO_SIZE ; 64    ; Signed Integer                                                                                                                                                                                                                   ;
; MGMT_CHANNEL_WIDTH   ; -1    ; Signed Integer                                                                                                                                                                                                                   ;
+----------------------+-------+----------------------------------------------------------------------------------------------------------------------------------------------------------------------------------------------------------------------------------+
Note: In order to hide this table in the UI and the text report file, please set the "Show Parameter Settings in Synthesis Report" option in "Analysis and Synthesis Settings -> More Settings" to "Off".


+-------------------------------------------------------------------------------------------------------------------------------------------------------------------------------------------------------------------------------------------------------------------------------------------------------------------+
; Parameter Settings for User Entity Instance: dsa_system:u_dsa_system|dsa_system_Jtag_master:jtag_master|altera_avalon_st_jtag_interface:jtag_phy_embedded_in_jtag_master|altera_jtag_dc_streaming:normal.jtag_dc_streaming|altera_jtag_streaming:jtag_streaming|altera_std_synchronizer:clock_sensor_synchronizer ;
+----------------+-------+------------------------------------------------------------------------------------------------------------------------------------------------------------------------------------------------------------------------------------------------------------------------------------------+
; Parameter Name ; Value ; Type                                                                                                                                                                                                                                                                                     ;
+----------------+-------+------------------------------------------------------------------------------------------------------------------------------------------------------------------------------------------------------------------------------------------------------------------------------------------+
; depth          ; 3     ; Signed Integer                                                                                                                                                                                                                                                                           ;
+----------------+-------+------------------------------------------------------------------------------------------------------------------------------------------------------------------------------------------------------------------------------------------------------------------------------------------+
Note: In order to hide this table in the UI and the text report file, please set the "Show Parameter Settings in Synthesis Report" option in "Analysis and Synthesis Settings -> More Settings" to "Off".


+----------------------------------------------------------------------------------------------------------------------------------------------------------------------------------------------------------------------------------------------------------------------------------------------------------------------+
; Parameter Settings for User Entity Instance: dsa_system:u_dsa_system|dsa_system_Jtag_master:jtag_master|altera_avalon_st_jtag_interface:jtag_phy_embedded_in_jtag_master|altera_jtag_dc_streaming:normal.jtag_dc_streaming|altera_jtag_streaming:jtag_streaming|altera_std_synchronizer:reset_to_sample_synchronizer ;
+----------------+-------+---------------------------------------------------------------------------------------------------------------------------------------------------------------------------------------------------------------------------------------------------------------------------------------------+
; Parameter Name ; Value ; Type                                                                                                                                                                                                                                                                                        ;
+----------------+-------+---------------------------------------------------------------------------------------------------------------------------------------------------------------------------------------------------------------------------------------------------------------------------------------------+
; depth          ; 3     ; Signed Integer                                                                                                                                                                                                                                                                              ;
+----------------+-------+---------------------------------------------------------------------------------------------------------------------------------------------------------------------------------------------------------------------------------------------------------------------------------------------+
Note: In order to hide this table in the UI and the text report file, please set the "Show Parameter Settings in Synthesis Report" option in "Analysis and Synthesis Settings -> More Settings" to "Off".


+---------------------------------------------------------------------------------------------------------------------------------------------------------------------------------------------------------------------------------------------------------------------------------------------------------------------------+
; Parameter Settings for User Entity Instance: dsa_system:u_dsa_system|dsa_system_Jtag_master:jtag_master|altera_avalon_st_jtag_interface:jtag_phy_embedded_in_jtag_master|altera_jtag_dc_streaming:normal.jtag_dc_streaming|altera_jtag_streaming:jtag_streaming|altera_std_synchronizer:clock_to_sample_div2_synchronizer ;
+----------------+-------+--------------------------------------------------------------------------------------------------------------------------------------------------------------------------------------------------------------------------------------------------------------------------------------------------+
; Parameter Name ; Value ; Type                                                                                                                                                                                                                                                                                             ;
+----------------+-------+--------------------------------------------------------------------------------------------------------------------------------------------------------------------------------------------------------------------------------------------------------------------------------------------------+
; depth          ; 3     ; Signed Integer                                                                                                                                                                                                                                                                                   ;
+----------------+-------+--------------------------------------------------------------------------------------------------------------------------------------------------------------------------------------------------------------------------------------------------------------------------------------------------+
Note: In order to hide this table in the UI and the text report file, please set the "Show Parameter Settings in Synthesis Report" option in "Analysis and Synthesis Settings -> More Settings" to "Off".


+--------------------------------------------------------------------------------------------------------------------------------------------------------------------------------------------------------------------------------------------------------------------------------------------------------------------------+
; Parameter Settings for User Entity Instance: dsa_system:u_dsa_system|dsa_system_Jtag_master:jtag_master|altera_avalon_st_jtag_interface:jtag_phy_embedded_in_jtag_master|altera_jtag_dc_streaming:normal.jtag_dc_streaming|altera_jtag_streaming:jtag_streaming|altera_std_synchronizer:clock_sense_reset_n_synchronizer ;
+----------------+-------+-------------------------------------------------------------------------------------------------------------------------------------------------------------------------------------------------------------------------------------------------------------------------------------------------+
; Parameter Name ; Value ; Type                                                                                                                                                                                                                                                                                            ;
+----------------+-------+-------------------------------------------------------------------------------------------------------------------------------------------------------------------------------------------------------------------------------------------------------------------------------------------------+
; depth          ; 8     ; Signed Integer                                                                                                                                                                                                                                                                                  ;
+----------------+-------+-------------------------------------------------------------------------------------------------------------------------------------------------------------------------------------------------------------------------------------------------------------------------------------------------+
Note: In order to hide this table in the UI and the text report file, please set the "Show Parameter Settings in Synthesis Report" option in "Analysis and Synthesis Settings -> More Settings" to "Off".


+------------------------------------------------------------------------------------------------------------------------------------------------------------------------------------------------------------------------------------------------------------------------+
; Parameter Settings for User Entity Instance: dsa_system:u_dsa_system|dsa_system_Jtag_master:jtag_master|altera_avalon_st_jtag_interface:jtag_phy_embedded_in_jtag_master|altera_jtag_dc_streaming:normal.jtag_dc_streaming|altera_avalon_st_clock_crosser:sink_crosser ;
+---------------------+-------+------------------------------------------------------------------------------------------------------------------------------------------------------------------------------------------------------------------------------------------+
; Parameter Name      ; Value ; Type                                                                                                                                                                                                                                     ;
+---------------------+-------+------------------------------------------------------------------------------------------------------------------------------------------------------------------------------------------------------------------------------------------+
; SYMBOLS_PER_BEAT    ; 1     ; Signed Integer                                                                                                                                                                                                                           ;
; BITS_PER_SYMBOL     ; 8     ; Signed Integer                                                                                                                                                                                                                           ;
; FORWARD_SYNC_DEPTH  ; 3     ; Signed Integer                                                                                                                                                                                                                           ;
; BACKWARD_SYNC_DEPTH ; 8     ; Signed Integer                                                                                                                                                                                                                           ;
; USE_OUTPUT_PIPELINE ; 1     ; Signed Integer                                                                                                                                                                                                                           ;
+---------------------+-------+------------------------------------------------------------------------------------------------------------------------------------------------------------------------------------------------------------------------------------------+
Note: In order to hide this table in the UI and the text report file, please set the "Show Parameter Settings in Synthesis Report" option in "Analysis and Synthesis Settings -> More Settings" to "Off".


+-----------------------------------------------------------------------------------------------------------------------------------------------------------------------------------------------------------------------------------------------------------------------------------------------------------------------------+
; Parameter Settings for User Entity Instance: dsa_system:u_dsa_system|dsa_system_Jtag_master:jtag_master|altera_avalon_st_jtag_interface:jtag_phy_embedded_in_jtag_master|altera_jtag_dc_streaming:normal.jtag_dc_streaming|altera_avalon_st_clock_crosser:sink_crosser|altera_std_synchronizer_nocut:in_to_out_synchronizer ;
+----------------+-------+----------------------------------------------------------------------------------------------------------------------------------------------------------------------------------------------------------------------------------------------------------------------------------------------------+
; Parameter Name ; Value ; Type                                                                                                                                                                                                                                                                                               ;
+----------------+-------+----------------------------------------------------------------------------------------------------------------------------------------------------------------------------------------------------------------------------------------------------------------------------------------------------+
; depth          ; 3     ; Signed Integer                                                                                                                                                                                                                                                                                     ;
; rst_value      ; 0     ; Signed Integer                                                                                                                                                                                                                                                                                     ;
+----------------+-------+----------------------------------------------------------------------------------------------------------------------------------------------------------------------------------------------------------------------------------------------------------------------------------------------------+
Note: In order to hide this table in the UI and the text report file, please set the "Show Parameter Settings in Synthesis Report" option in "Analysis and Synthesis Settings -> More Settings" to "Off".


+-----------------------------------------------------------------------------------------------------------------------------------------------------------------------------------------------------------------------------------------------------------------------------------------------------------------------------+
; Parameter Settings for User Entity Instance: dsa_system:u_dsa_system|dsa_system_Jtag_master:jtag_master|altera_avalon_st_jtag_interface:jtag_phy_embedded_in_jtag_master|altera_jtag_dc_streaming:normal.jtag_dc_streaming|altera_avalon_st_clock_crosser:sink_crosser|altera_std_synchronizer_nocut:out_to_in_synchronizer ;
+----------------+-------+----------------------------------------------------------------------------------------------------------------------------------------------------------------------------------------------------------------------------------------------------------------------------------------------------+
; Parameter Name ; Value ; Type                                                                                                                                                                                                                                                                                               ;
+----------------+-------+----------------------------------------------------------------------------------------------------------------------------------------------------------------------------------------------------------------------------------------------------------------------------------------------------+
; depth          ; 8     ; Signed Integer                                                                                                                                                                                                                                                                                     ;
; rst_value      ; 0     ; Signed Integer                                                                                                                                                                                                                                                                                     ;
+----------------+-------+----------------------------------------------------------------------------------------------------------------------------------------------------------------------------------------------------------------------------------------------------------------------------------------------------+
Note: In order to hide this table in the UI and the text report file, please set the "Show Parameter Settings in Synthesis Report" option in "Analysis and Synthesis Settings -> More Settings" to "Off".


+--------------------------------------------------------------------------------------------------------------------------------------------------------------------------------------------------------------------------------------------------------------------------------------------------------------------+
; Parameter Settings for User Entity Instance: dsa_system:u_dsa_system|dsa_system_Jtag_master:jtag_master|altera_avalon_st_jtag_interface:jtag_phy_embedded_in_jtag_master|altera_jtag_dc_streaming:normal.jtag_dc_streaming|altera_avalon_st_clock_crosser:sink_crosser|altera_avalon_st_pipeline_base:output_stage ;
+------------------+-------+-----------------------------------------------------------------------------------------------------------------------------------------------------------------------------------------------------------------------------------------------------------------------------------------+
; Parameter Name   ; Value ; Type                                                                                                                                                                                                                                                                                    ;
+------------------+-------+-----------------------------------------------------------------------------------------------------------------------------------------------------------------------------------------------------------------------------------------------------------------------------------------+
; SYMBOLS_PER_BEAT ; 1     ; Signed Integer                                                                                                                                                                                                                                                                          ;
; BITS_PER_SYMBOL  ; 8     ; Signed Integer                                                                                                                                                                                                                                                                          ;
; PIPELINE_READY   ; 1     ; Signed Integer                                                                                                                                                                                                                                                                          ;
+------------------+-------+-----------------------------------------------------------------------------------------------------------------------------------------------------------------------------------------------------------------------------------------------------------------------------------------+
Note: In order to hide this table in the UI and the text report file, please set the "Show Parameter Settings in Synthesis Report" option in "Analysis and Synthesis Settings -> More Settings" to "Off".


+-------------------------------------------------------------------------------------------------------------------------------------------------------------------------------------------------------------------------------------------------------------------+
; Parameter Settings for User Entity Instance: dsa_system:u_dsa_system|dsa_system_Jtag_master:jtag_master|altera_avalon_st_jtag_interface:jtag_phy_embedded_in_jtag_master|altera_jtag_dc_streaming:normal.jtag_dc_streaming|altera_jtag_src_crosser:source_crosser ;
+----------------+-------+------------------------------------------------------------------------------------------------------------------------------------------------------------------------------------------------------------------------------------------+
; Parameter Name ; Value ; Type                                                                                                                                                                                                                                     ;
+----------------+-------+------------------------------------------------------------------------------------------------------------------------------------------------------------------------------------------------------------------------------------------+
; WIDTH          ; 8     ; Signed Integer                                                                                                                                                                                                                           ;
; SYNC_DEPTH     ; 8     ; Signed Integer                                                                                                                                                                                                                           ;
+----------------+-------+------------------------------------------------------------------------------------------------------------------------------------------------------------------------------------------------------------------------------------------+
Note: In order to hide this table in the UI and the text report file, please set the "Show Parameter Settings in Synthesis Report" option in "Analysis and Synthesis Settings -> More Settings" to "Off".


+--------------------------------------------------------------------------------------------------------------------------------------------------------------------------------------------------------------------------------------------------------------------------------------------------------------+
; Parameter Settings for User Entity Instance: dsa_system:u_dsa_system|dsa_system_Jtag_master:jtag_master|altera_avalon_st_jtag_interface:jtag_phy_embedded_in_jtag_master|altera_jtag_dc_streaming:normal.jtag_dc_streaming|altera_jtag_src_crosser:source_crosser|altera_jtag_control_signal_crosser:crosser ;
+----------------+-------+-------------------------------------------------------------------------------------------------------------------------------------------------------------------------------------------------------------------------------------------------------------------------------------+
; Parameter Name ; Value ; Type                                                                                                                                                                                                                                                                                ;
+----------------+-------+-------------------------------------------------------------------------------------------------------------------------------------------------------------------------------------------------------------------------------------------------------------------------------------+
; SYNC_DEPTH     ; 8     ; Signed Integer                                                                                                                                                                                                                                                                      ;
+----------------+-------+-------------------------------------------------------------------------------------------------------------------------------------------------------------------------------------------------------------------------------------------------------------------------------------+
Note: In order to hide this table in the UI and the text report file, please set the "Show Parameter Settings in Synthesis Report" option in "Analysis and Synthesis Settings -> More Settings" to "Off".


+---------------------------------------------------------------------------------------------------------------------------------------------------------------------------------------------------------------------------------------------------------------------------------------------------------------------------------------------------+
; Parameter Settings for User Entity Instance: dsa_system:u_dsa_system|dsa_system_Jtag_master:jtag_master|altera_avalon_st_jtag_interface:jtag_phy_embedded_in_jtag_master|altera_jtag_dc_streaming:normal.jtag_dc_streaming|altera_jtag_src_crosser:source_crosser|altera_jtag_control_signal_crosser:crosser|altera_std_synchronizer:synchronizer ;
+----------------+-------+--------------------------------------------------------------------------------------------------------------------------------------------------------------------------------------------------------------------------------------------------------------------------------------------------------------------------+
; Parameter Name ; Value ; Type                                                                                                                                                                                                                                                                                                                     ;
+----------------+-------+--------------------------------------------------------------------------------------------------------------------------------------------------------------------------------------------------------------------------------------------------------------------------------------------------------------------------+
; depth          ; 8     ; Signed Integer                                                                                                                                                                                                                                                                                                           ;
+----------------+-------+--------------------------------------------------------------------------------------------------------------------------------------------------------------------------------------------------------------------------------------------------------------------------------------------------------------------------+
Note: In order to hide this table in the UI and the text report file, please set the "Show Parameter Settings in Synthesis Report" option in "Analysis and Synthesis Settings -> More Settings" to "Off".


+------------------------------------------------------------------------------------------------------------------------------------+
; Parameter Settings for User Entity Instance: dsa_system:u_dsa_system|dsa_system_Jtag_master:jtag_master|altera_avalon_sc_fifo:fifo ;
+---------------------+-------+------------------------------------------------------------------------------------------------------+
; Parameter Name      ; Value ; Type                                                                                                 ;
+---------------------+-------+------------------------------------------------------------------------------------------------------+
; SYMBOLS_PER_BEAT    ; 1     ; Signed Integer                                                                                       ;
; BITS_PER_SYMBOL     ; 8     ; Signed Integer                                                                                       ;
; FIFO_DEPTH          ; 64    ; Signed Integer                                                                                       ;
; CHANNEL_WIDTH       ; 0     ; Signed Integer                                                                                       ;
; ERROR_WIDTH         ; 0     ; Signed Integer                                                                                       ;
; USE_PACKETS         ; 0     ; Signed Integer                                                                                       ;
; USE_FILL_LEVEL      ; 0     ; Signed Integer                                                                                       ;
; USE_STORE_FORWARD   ; 0     ; Signed Integer                                                                                       ;
; USE_ALMOST_FULL_IF  ; 0     ; Signed Integer                                                                                       ;
; USE_ALMOST_EMPTY_IF ; 0     ; Signed Integer                                                                                       ;
; EMPTY_LATENCY       ; 3     ; Signed Integer                                                                                       ;
; USE_MEMORY_BLOCKS   ; 1     ; Signed Integer                                                                                       ;
; DATA_WIDTH          ; 8     ; Signed Integer                                                                                       ;
; EMPTY_WIDTH         ; 0     ; Signed Integer                                                                                       ;
+---------------------+-------+------------------------------------------------------------------------------------------------------+
Note: In order to hide this table in the UI and the text report file, please set the "Show Parameter Settings in Synthesis Report" option in "Analysis and Synthesis Settings -> More Settings" to "Off".


+-----------------------------------------------------------------------------------------------------------------------------------------------+
; Parameter Settings for User Entity Instance: dsa_system:u_dsa_system|dsa_system_Jtag_master:jtag_master|altera_avalon_st_bytes_to_packets:b2p ;
+----------------+-------+----------------------------------------------------------------------------------------------------------------------+
; Parameter Name ; Value ; Type                                                                                                                 ;
+----------------+-------+----------------------------------------------------------------------------------------------------------------------+
; CHANNEL_WIDTH  ; 8     ; Signed Integer                                                                                                       ;
; ENCODING       ; 0     ; Signed Integer                                                                                                       ;
+----------------+-------+----------------------------------------------------------------------------------------------------------------------+
Note: In order to hide this table in the UI and the text report file, please set the "Show Parameter Settings in Synthesis Report" option in "Analysis and Synthesis Settings -> More Settings" to "Off".


+-----------------------------------------------------------------------------------------------------------------------------------------------+
; Parameter Settings for User Entity Instance: dsa_system:u_dsa_system|dsa_system_Jtag_master:jtag_master|altera_avalon_st_packets_to_bytes:p2b ;
+----------------+-------+----------------------------------------------------------------------------------------------------------------------+
; Parameter Name ; Value ; Type                                                                                                                 ;
+----------------+-------+----------------------------------------------------------------------------------------------------------------------+
; CHANNEL_WIDTH  ; 8     ; Signed Integer                                                                                                       ;
; ENCODING       ; 0     ; Signed Integer                                                                                                       ;
+----------------+-------+----------------------------------------------------------------------------------------------------------------------+
Note: In order to hide this table in the UI and the text report file, please set the "Show Parameter Settings in Synthesis Report" option in "Analysis and Synthesis Settings -> More Settings" to "Off".


+---------------------------------------------------------------------------------------------------------------------------------------------------+
; Parameter Settings for User Entity Instance: dsa_system:u_dsa_system|dsa_system_Jtag_master:jtag_master|altera_avalon_packets_to_master:transacto ;
+-----------------------+-------+-------------------------------------------------------------------------------------------------------------------+
; Parameter Name        ; Value ; Type                                                                                                              ;
+-----------------------+-------+-------------------------------------------------------------------------------------------------------------------+
; EXPORT_MASTER_SIGNALS ; 0     ; Signed Integer                                                                                                    ;
; FIFO_DEPTHS           ; 2     ; Signed Integer                                                                                                    ;
; FIFO_WIDTHU           ; 1     ; Signed Integer                                                                                                    ;
; FAST_VER              ; 0     ; Signed Integer                                                                                                    ;
+-----------------------+-------+-------------------------------------------------------------------------------------------------------------------+
Note: In order to hide this table in the UI and the text report file, please set the "Show Parameter Settings in Synthesis Report" option in "Analysis and Synthesis Settings -> More Settings" to "Off".


+-------------------------------------------------------------------------------------------------------------------------------------------------------------------------+
; Parameter Settings for User Entity Instance: dsa_system:u_dsa_system|dsa_system_Jtag_master:jtag_master|altera_avalon_packets_to_master:transacto|packets_to_master:p2m ;
+-----------------------+-------+-----------------------------------------------------------------------------------------------------------------------------------------+
; Parameter Name        ; Value ; Type                                                                                                                                    ;
+-----------------------+-------+-----------------------------------------------------------------------------------------------------------------------------------------+
; EXPORT_MASTER_SIGNALS ; 0     ; Signed Integer                                                                                                                          ;
+-----------------------+-------+-----------------------------------------------------------------------------------------------------------------------------------------+
Note: In order to hide this table in the UI and the text report file, please set the "Show Parameter Settings in Synthesis Report" option in "Analysis and Synthesis Settings -> More Settings" to "Off".


+------------------------------------------------------------------------------------------------------------------------------------------------+
; Parameter Settings for User Entity Instance: dsa_system:u_dsa_system|dsa_system_Jtag_master:jtag_master|altera_reset_controller:rst_controller ;
+---------------------------+----------+---------------------------------------------------------------------------------------------------------+
; Parameter Name            ; Value    ; Type                                                                                                    ;
+---------------------------+----------+---------------------------------------------------------------------------------------------------------+
; NUM_RESET_INPUTS          ; 1        ; Signed Integer                                                                                          ;
; USE_RESET_REQUEST_IN0     ; 0        ; Signed Integer                                                                                          ;
; USE_RESET_REQUEST_IN1     ; 0        ; Signed Integer                                                                                          ;
; USE_RESET_REQUEST_IN2     ; 0        ; Signed Integer                                                                                          ;
; USE_RESET_REQUEST_IN3     ; 0        ; Signed Integer                                                                                          ;
; USE_RESET_REQUEST_IN4     ; 0        ; Signed Integer                                                                                          ;
; USE_RESET_REQUEST_IN5     ; 0        ; Signed Integer                                                                                          ;
; USE_RESET_REQUEST_IN6     ; 0        ; Signed Integer                                                                                          ;
; USE_RESET_REQUEST_IN7     ; 0        ; Signed Integer                                                                                          ;
; USE_RESET_REQUEST_IN8     ; 0        ; Signed Integer                                                                                          ;
; USE_RESET_REQUEST_IN9     ; 0        ; Signed Integer                                                                                          ;
; USE_RESET_REQUEST_IN10    ; 0        ; Signed Integer                                                                                          ;
; USE_RESET_REQUEST_IN11    ; 0        ; Signed Integer                                                                                          ;
; USE_RESET_REQUEST_IN12    ; 0        ; Signed Integer                                                                                          ;
; USE_RESET_REQUEST_IN13    ; 0        ; Signed Integer                                                                                          ;
; USE_RESET_REQUEST_IN14    ; 0        ; Signed Integer                                                                                          ;
; USE_RESET_REQUEST_IN15    ; 0        ; Signed Integer                                                                                          ;
; OUTPUT_RESET_SYNC_EDGES   ; deassert ; String                                                                                                  ;
; SYNC_DEPTH                ; 2        ; Signed Integer                                                                                          ;
; RESET_REQUEST_PRESENT     ; 0        ; Signed Integer                                                                                          ;
; RESET_REQ_WAIT_TIME       ; 1        ; Signed Integer                                                                                          ;
; MIN_RST_ASSERTION_TIME    ; 3        ; Signed Integer                                                                                          ;
; RESET_REQ_EARLY_DSRT_TIME ; 1        ; Signed Integer                                                                                          ;
; ADAPT_RESET_REQUEST       ; 0        ; Signed Integer                                                                                          ;
+---------------------------+----------+---------------------------------------------------------------------------------------------------------+
Note: In order to hide this table in the UI and the text report file, please set the "Show Parameter Settings in Synthesis Report" option in "Analysis and Synthesis Settings -> More Settings" to "Off".


+-------------------------------------------------------------------------------------------------------------------------------------------------------------------------------------------+
; Parameter Settings for User Entity Instance: dsa_system:u_dsa_system|dsa_system_Jtag_master:jtag_master|altera_reset_controller:rst_controller|altera_reset_synchronizer:alt_rst_sync_uq1 ;
+----------------+-------+------------------------------------------------------------------------------------------------------------------------------------------------------------------+
; Parameter Name ; Value ; Type                                                                                                                                                             ;
+----------------+-------+------------------------------------------------------------------------------------------------------------------------------------------------------------------+
; ASYNC_RESET    ; 1     ; Unsigned Binary                                                                                                                                                  ;
; DEPTH          ; 2     ; Signed Integer                                                                                                                                                   ;
+----------------+-------+------------------------------------------------------------------------------------------------------------------------------------------------------------------+
Note: In order to hide this table in the UI and the text report file, please set the "Show Parameter Settings in Synthesis Report" option in "Analysis and Synthesis Settings -> More Settings" to "Off".


+-----------------------------------------------------------------------------------------------------------------------------------------------------------------------------------------------+
; Parameter Settings for User Entity Instance: dsa_system:u_dsa_system|dsa_system_Jtag_master:jtag_master|altera_reset_controller:rst_controller|altera_reset_synchronizer:alt_rst_req_sync_uq1 ;
+----------------+-------+----------------------------------------------------------------------------------------------------------------------------------------------------------------------+
; Parameter Name ; Value ; Type                                                                                                                                                                 ;
+----------------+-------+----------------------------------------------------------------------------------------------------------------------------------------------------------------------+
; ASYNC_RESET    ; 0     ; Signed Integer                                                                                                                                                       ;
; DEPTH          ; 2     ; Signed Integer                                                                                                                                                       ;
+----------------+-------+----------------------------------------------------------------------------------------------------------------------------------------------------------------------+
Note: In order to hide this table in the UI and the text report file, please set the "Show Parameter Settings in Synthesis Report" option in "Analysis and Synthesis Settings -> More Settings" to "Off".


+-------------------------------------------------------------------------------------------------------------------------------------+
; Parameter Settings for User Entity Instance: dsa_system:u_dsa_system|dsa_system_input_memory:input_memory|altsyncram:the_altsyncram ;
+------------------------------------+----------------------+-------------------------------------------------------------------------+
; Parameter Name                     ; Value                ; Type                                                                    ;
+------------------------------------+----------------------+-------------------------------------------------------------------------+
; BYTE_SIZE_BLOCK                    ; 8                    ; Untyped                                                                 ;
; AUTO_CARRY_CHAINS                  ; ON                   ; AUTO_CARRY                                                              ;
; IGNORE_CARRY_BUFFERS               ; OFF                  ; IGNORE_CARRY                                                            ;
; AUTO_CASCADE_CHAINS                ; ON                   ; AUTO_CASCADE                                                            ;
; IGNORE_CASCADE_BUFFERS             ; OFF                  ; IGNORE_CASCADE                                                          ;
; WIDTH_BYTEENA                      ; 1                    ; Untyped                                                                 ;
; OPERATION_MODE                     ; SINGLE_PORT          ; Untyped                                                                 ;
; WIDTH_A                            ; 32                   ; Signed Integer                                                          ;
; WIDTHAD_A                          ; 16                   ; Signed Integer                                                          ;
; NUMWORDS_A                         ; 65536                ; Signed Integer                                                          ;
; OUTDATA_REG_A                      ; UNREGISTERED         ; Untyped                                                                 ;
; ADDRESS_ACLR_A                     ; NONE                 ; Untyped                                                                 ;
; OUTDATA_ACLR_A                     ; NONE                 ; Untyped                                                                 ;
; WRCONTROL_ACLR_A                   ; NONE                 ; Untyped                                                                 ;
; INDATA_ACLR_A                      ; NONE                 ; Untyped                                                                 ;
; BYTEENA_ACLR_A                     ; NONE                 ; Untyped                                                                 ;
; WIDTH_B                            ; 1                    ; Untyped                                                                 ;
; WIDTHAD_B                          ; 1                    ; Untyped                                                                 ;
; NUMWORDS_B                         ; 1                    ; Untyped                                                                 ;
; INDATA_REG_B                       ; CLOCK1               ; Untyped                                                                 ;
; WRCONTROL_WRADDRESS_REG_B          ; CLOCK1               ; Untyped                                                                 ;
; RDCONTROL_REG_B                    ; CLOCK1               ; Untyped                                                                 ;
; ADDRESS_REG_B                      ; CLOCK1               ; Untyped                                                                 ;
; OUTDATA_REG_B                      ; UNREGISTERED         ; Untyped                                                                 ;
; BYTEENA_REG_B                      ; CLOCK1               ; Untyped                                                                 ;
; INDATA_ACLR_B                      ; NONE                 ; Untyped                                                                 ;
; WRCONTROL_ACLR_B                   ; NONE                 ; Untyped                                                                 ;
; ADDRESS_ACLR_B                     ; NONE                 ; Untyped                                                                 ;
; OUTDATA_ACLR_B                     ; NONE                 ; Untyped                                                                 ;
; RDCONTROL_ACLR_B                   ; NONE                 ; Untyped                                                                 ;
; BYTEENA_ACLR_B                     ; NONE                 ; Untyped                                                                 ;
; WIDTH_BYTEENA_A                    ; 4                    ; Signed Integer                                                          ;
; WIDTH_BYTEENA_B                    ; 1                    ; Untyped                                                                 ;
; RAM_BLOCK_TYPE                     ; AUTO                 ; Untyped                                                                 ;
; BYTE_SIZE                          ; 8                    ; Signed Integer                                                          ;
; READ_DURING_WRITE_MODE_MIXED_PORTS ; DONT_CARE            ; Untyped                                                                 ;
; READ_DURING_WRITE_MODE_PORT_A      ; DONT_CARE            ; Untyped                                                                 ;
; READ_DURING_WRITE_MODE_PORT_B      ; NEW_DATA_NO_NBE_READ ; Untyped                                                                 ;
; INIT_FILE                          ; UNUSED               ; Untyped                                                                 ;
; INIT_FILE_LAYOUT                   ; PORT_A               ; Untyped                                                                 ;
; MAXIMUM_DEPTH                      ; 65536                ; Signed Integer                                                          ;
; CLOCK_ENABLE_INPUT_A               ; NORMAL               ; Untyped                                                                 ;
; CLOCK_ENABLE_INPUT_B               ; NORMAL               ; Untyped                                                                 ;
; CLOCK_ENABLE_OUTPUT_A              ; NORMAL               ; Untyped                                                                 ;
; CLOCK_ENABLE_OUTPUT_B              ; NORMAL               ; Untyped                                                                 ;
; CLOCK_ENABLE_CORE_A                ; USE_INPUT_CLKEN      ; Untyped                                                                 ;
; CLOCK_ENABLE_CORE_B                ; USE_INPUT_CLKEN      ; Untyped                                                                 ;
; ENABLE_ECC                         ; FALSE                ; Untyped                                                                 ;
; ECC_PIPELINE_STAGE_ENABLED         ; FALSE                ; Untyped                                                                 ;
; WIDTH_ECCSTATUS                    ; 3                    ; Untyped                                                                 ;
; DEVICE_FAMILY                      ; Cyclone V            ; Untyped                                                                 ;
; CBXI_PARAMETER                     ; altsyncram_1tn1      ; Untyped                                                                 ;
+------------------------------------+----------------------+-------------------------------------------------------------------------+
Note: In order to hide this table in the UI and the text report file, please set the "Show Parameter Settings in Synthesis Report" option in "Analysis and Synthesis Settings -> More Settings" to "Off".


+---------------------------------------------------------------------------------------------------------------------------------------+
; Parameter Settings for User Entity Instance: dsa_system:u_dsa_system|dsa_system_output_memory:output_memory|altsyncram:the_altsyncram ;
+------------------------------------+----------------------+---------------------------------------------------------------------------+
; Parameter Name                     ; Value                ; Type                                                                      ;
+------------------------------------+----------------------+---------------------------------------------------------------------------+
; BYTE_SIZE_BLOCK                    ; 8                    ; Untyped                                                                   ;
; AUTO_CARRY_CHAINS                  ; ON                   ; AUTO_CARRY                                                                ;
; IGNORE_CARRY_BUFFERS               ; OFF                  ; IGNORE_CARRY                                                              ;
; AUTO_CASCADE_CHAINS                ; ON                   ; AUTO_CASCADE                                                              ;
; IGNORE_CASCADE_BUFFERS             ; OFF                  ; IGNORE_CASCADE                                                            ;
; WIDTH_BYTEENA                      ; 1                    ; Untyped                                                                   ;
; OPERATION_MODE                     ; SINGLE_PORT          ; Untyped                                                                   ;
; WIDTH_A                            ; 32                   ; Signed Integer                                                            ;
; WIDTHAD_A                          ; 14                   ; Signed Integer                                                            ;
; NUMWORDS_A                         ; 16384                ; Signed Integer                                                            ;
; OUTDATA_REG_A                      ; UNREGISTERED         ; Untyped                                                                   ;
; ADDRESS_ACLR_A                     ; NONE                 ; Untyped                                                                   ;
; OUTDATA_ACLR_A                     ; NONE                 ; Untyped                                                                   ;
; WRCONTROL_ACLR_A                   ; NONE                 ; Untyped                                                                   ;
; INDATA_ACLR_A                      ; NONE                 ; Untyped                                                                   ;
; BYTEENA_ACLR_A                     ; NONE                 ; Untyped                                                                   ;
; WIDTH_B                            ; 1                    ; Untyped                                                                   ;
; WIDTHAD_B                          ; 1                    ; Untyped                                                                   ;
; NUMWORDS_B                         ; 1                    ; Untyped                                                                   ;
; INDATA_REG_B                       ; CLOCK1               ; Untyped                                                                   ;
; WRCONTROL_WRADDRESS_REG_B          ; CLOCK1               ; Untyped                                                                   ;
; RDCONTROL_REG_B                    ; CLOCK1               ; Untyped                                                                   ;
; ADDRESS_REG_B                      ; CLOCK1               ; Untyped                                                                   ;
; OUTDATA_REG_B                      ; UNREGISTERED         ; Untyped                                                                   ;
; BYTEENA_REG_B                      ; CLOCK1               ; Untyped                                                                   ;
; INDATA_ACLR_B                      ; NONE                 ; Untyped                                                                   ;
; WRCONTROL_ACLR_B                   ; NONE                 ; Untyped                                                                   ;
; ADDRESS_ACLR_B                     ; NONE                 ; Untyped                                                                   ;
; OUTDATA_ACLR_B                     ; NONE                 ; Untyped                                                                   ;
; RDCONTROL_ACLR_B                   ; NONE                 ; Untyped                                                                   ;
; BYTEENA_ACLR_B                     ; NONE                 ; Untyped                                                                   ;
; WIDTH_BYTEENA_A                    ; 4                    ; Signed Integer                                                            ;
; WIDTH_BYTEENA_B                    ; 1                    ; Untyped                                                                   ;
; RAM_BLOCK_TYPE                     ; AUTO                 ; Untyped                                                                   ;
; BYTE_SIZE                          ; 8                    ; Signed Integer                                                            ;
; READ_DURING_WRITE_MODE_MIXED_PORTS ; DONT_CARE            ; Untyped                                                                   ;
; READ_DURING_WRITE_MODE_PORT_A      ; DONT_CARE            ; Untyped                                                                   ;
; READ_DURING_WRITE_MODE_PORT_B      ; NEW_DATA_NO_NBE_READ ; Untyped                                                                   ;
; INIT_FILE                          ; UNUSED               ; Untyped                                                                   ;
; INIT_FILE_LAYOUT                   ; PORT_A               ; Untyped                                                                   ;
; MAXIMUM_DEPTH                      ; 16384                ; Signed Integer                                                            ;
; CLOCK_ENABLE_INPUT_A               ; NORMAL               ; Untyped                                                                   ;
; CLOCK_ENABLE_INPUT_B               ; NORMAL               ; Untyped                                                                   ;
; CLOCK_ENABLE_OUTPUT_A              ; NORMAL               ; Untyped                                                                   ;
; CLOCK_ENABLE_OUTPUT_B              ; NORMAL               ; Untyped                                                                   ;
; CLOCK_ENABLE_CORE_A                ; USE_INPUT_CLKEN      ; Untyped                                                                   ;
; CLOCK_ENABLE_CORE_B                ; USE_INPUT_CLKEN      ; Untyped                                                                   ;
; ENABLE_ECC                         ; FALSE                ; Untyped                                                                   ;
; ECC_PIPELINE_STAGE_ENABLED         ; FALSE                ; Untyped                                                                   ;
; WIDTH_ECCSTATUS                    ; 3                    ; Untyped                                                                   ;
; DEVICE_FAMILY                      ; Cyclone V            ; Untyped                                                                   ;
; CBXI_PARAMETER                     ; altsyncram_psn1      ; Untyped                                                                   ;
+------------------------------------+----------------------+---------------------------------------------------------------------------+
Note: In order to hide this table in the UI and the text report file, please set the "Show Parameter Settings in Synthesis Report" option in "Analysis and Synthesis Settings -> More Settings" to "Off".


+-----------------------------------------------------------------------------------------------------------------------------------------------------------------------------------+
; Parameter Settings for User Entity Instance: dsa_system:u_dsa_system|dsa_system_mm_interconnect_0:mm_interconnect_0|altera_merlin_master_translator:jtag_master_master_translator ;
+-----------------------------+-------+---------------------------------------------------------------------------------------------------------------------------------------------+
; Parameter Name              ; Value ; Type                                                                                                                                        ;
+-----------------------------+-------+---------------------------------------------------------------------------------------------------------------------------------------------+
; AV_ADDRESS_W                ; 32    ; Signed Integer                                                                                                                              ;
; AV_DATA_W                   ; 32    ; Signed Integer                                                                                                                              ;
; AV_BURSTCOUNT_W             ; 1     ; Signed Integer                                                                                                                              ;
; AV_BYTEENABLE_W             ; 4     ; Signed Integer                                                                                                                              ;
; UAV_ADDRESS_W               ; 32    ; Signed Integer                                                                                                                              ;
; UAV_BURSTCOUNT_W            ; 3     ; Signed Integer                                                                                                                              ;
; USE_BURSTCOUNT              ; 0     ; Signed Integer                                                                                                                              ;
; USE_BEGINBURSTTRANSFER      ; 0     ; Signed Integer                                                                                                                              ;
; USE_BEGINTRANSFER           ; 0     ; Signed Integer                                                                                                                              ;
; USE_CHIPSELECT              ; 0     ; Signed Integer                                                                                                                              ;
; USE_READ                    ; 1     ; Signed Integer                                                                                                                              ;
; USE_READDATAVALID           ; 1     ; Signed Integer                                                                                                                              ;
; USE_WRITE                   ; 1     ; Signed Integer                                                                                                                              ;
; USE_WAITREQUEST             ; 1     ; Signed Integer                                                                                                                              ;
; USE_WRITERESPONSE           ; 0     ; Signed Integer                                                                                                                              ;
; USE_READRESPONSE            ; 0     ; Signed Integer                                                                                                                              ;
; AV_REGISTERINCOMINGSIGNALS  ; 0     ; Signed Integer                                                                                                                              ;
; AV_SYMBOLS_PER_WORD         ; 4     ; Signed Integer                                                                                                                              ;
; AV_ADDRESS_SYMBOLS          ; 1     ; Signed Integer                                                                                                                              ;
; AV_CONSTANT_BURST_BEHAVIOR  ; 0     ; Signed Integer                                                                                                                              ;
; UAV_CONSTANT_BURST_BEHAVIOR ; 0     ; Signed Integer                                                                                                                              ;
; AV_BURSTCOUNT_SYMBOLS       ; 0     ; Signed Integer                                                                                                                              ;
; AV_LINEWRAPBURSTS           ; 0     ; Signed Integer                                                                                                                              ;
+-----------------------------+-------+---------------------------------------------------------------------------------------------------------------------------------------------+
Note: In order to hide this table in the UI and the text report file, please set the "Show Parameter Settings in Synthesis Report" option in "Analysis and Synthesis Settings -> More Settings" to "Off".


+-------------------------------------------------------------------------------------------------------------------------------------------------------------------------------+
; Parameter Settings for User Entity Instance: dsa_system:u_dsa_system|dsa_system_mm_interconnect_0:mm_interconnect_0|altera_merlin_slave_translator:input_memory_s1_translator ;
+--------------------------------+-------+--------------------------------------------------------------------------------------------------------------------------------------+
; Parameter Name                 ; Value ; Type                                                                                                                                 ;
+--------------------------------+-------+--------------------------------------------------------------------------------------------------------------------------------------+
; AV_ADDRESS_W                   ; 16    ; Signed Integer                                                                                                                       ;
; AV_DATA_W                      ; 32    ; Signed Integer                                                                                                                       ;
; AV_BURSTCOUNT_W                ; 1     ; Signed Integer                                                                                                                       ;
; AV_BYTEENABLE_W                ; 4     ; Signed Integer                                                                                                                       ;
; UAV_BYTEENABLE_W               ; 4     ; Signed Integer                                                                                                                       ;
; AV_READLATENCY                 ; 1     ; Signed Integer                                                                                                                       ;
; AV_READ_WAIT_CYCLES            ; 0     ; Signed Integer                                                                                                                       ;
; AV_WRITE_WAIT_CYCLES           ; 0     ; Signed Integer                                                                                                                       ;
; AV_SETUP_WAIT_CYCLES           ; 0     ; Signed Integer                                                                                                                       ;
; AV_DATA_HOLD_CYCLES            ; 0     ; Signed Integer                                                                                                                       ;
; USE_READDATAVALID              ; 0     ; Signed Integer                                                                                                                       ;
; USE_WAITREQUEST                ; 0     ; Signed Integer                                                                                                                       ;
; USE_READRESPONSE               ; 0     ; Signed Integer                                                                                                                       ;
; USE_WRITERESPONSE              ; 0     ; Signed Integer                                                                                                                       ;
; AV_SYMBOLS_PER_WORD            ; 4     ; Signed Integer                                                                                                                       ;
; AV_ADDRESS_SYMBOLS             ; 0     ; Signed Integer                                                                                                                       ;
; AV_BURSTCOUNT_SYMBOLS          ; 0     ; Signed Integer                                                                                                                       ;
; BITS_PER_WORD                  ; 2     ; Signed Integer                                                                                                                       ;
; UAV_ADDRESS_W                  ; 32    ; Signed Integer                                                                                                                       ;
; UAV_BURSTCOUNT_W               ; 3     ; Signed Integer                                                                                                                       ;
; UAV_DATA_W                     ; 32    ; Signed Integer                                                                                                                       ;
; AV_CONSTANT_BURST_BEHAVIOR     ; 0     ; Signed Integer                                                                                                                       ;
; UAV_CONSTANT_BURST_BEHAVIOR    ; 0     ; Signed Integer                                                                                                                       ;
; CHIPSELECT_THROUGH_READLATENCY ; 0     ; Signed Integer                                                                                                                       ;
; USE_UAV_CLKEN                  ; 0     ; Signed Integer                                                                                                                       ;
; AV_REQUIRE_UNALIGNED_ADDRESSES ; 0     ; Signed Integer                                                                                                                       ;
+--------------------------------+-------+--------------------------------------------------------------------------------------------------------------------------------------+
Note: In order to hide this table in the UI and the text report file, please set the "Show Parameter Settings in Synthesis Report" option in "Analysis and Synthesis Settings -> More Settings" to "Off".


+--------------------------------------------------------------------------------------------------------------------------------------------------------------------------------+
; Parameter Settings for User Entity Instance: dsa_system:u_dsa_system|dsa_system_mm_interconnect_0:mm_interconnect_0|altera_merlin_slave_translator:output_memory_s1_translator ;
+--------------------------------+-------+---------------------------------------------------------------------------------------------------------------------------------------+
; Parameter Name                 ; Value ; Type                                                                                                                                  ;
+--------------------------------+-------+---------------------------------------------------------------------------------------------------------------------------------------+
; AV_ADDRESS_W                   ; 14    ; Signed Integer                                                                                                                        ;
; AV_DATA_W                      ; 32    ; Signed Integer                                                                                                                        ;
; AV_BURSTCOUNT_W                ; 1     ; Signed Integer                                                                                                                        ;
; AV_BYTEENABLE_W                ; 4     ; Signed Integer                                                                                                                        ;
; UAV_BYTEENABLE_W               ; 4     ; Signed Integer                                                                                                                        ;
; AV_READLATENCY                 ; 1     ; Signed Integer                                                                                                                        ;
; AV_READ_WAIT_CYCLES            ; 0     ; Signed Integer                                                                                                                        ;
; AV_WRITE_WAIT_CYCLES           ; 0     ; Signed Integer                                                                                                                        ;
; AV_SETUP_WAIT_CYCLES           ; 0     ; Signed Integer                                                                                                                        ;
; AV_DATA_HOLD_CYCLES            ; 0     ; Signed Integer                                                                                                                        ;
; USE_READDATAVALID              ; 0     ; Signed Integer                                                                                                                        ;
; USE_WAITREQUEST                ; 0     ; Signed Integer                                                                                                                        ;
; USE_READRESPONSE               ; 0     ; Signed Integer                                                                                                                        ;
; USE_WRITERESPONSE              ; 0     ; Signed Integer                                                                                                                        ;
; AV_SYMBOLS_PER_WORD            ; 4     ; Signed Integer                                                                                                                        ;
; AV_ADDRESS_SYMBOLS             ; 0     ; Signed Integer                                                                                                                        ;
; AV_BURSTCOUNT_SYMBOLS          ; 0     ; Signed Integer                                                                                                                        ;
; BITS_PER_WORD                  ; 2     ; Signed Integer                                                                                                                        ;
; UAV_ADDRESS_W                  ; 32    ; Signed Integer                                                                                                                        ;
; UAV_BURSTCOUNT_W               ; 3     ; Signed Integer                                                                                                                        ;
; UAV_DATA_W                     ; 32    ; Signed Integer                                                                                                                        ;
; AV_CONSTANT_BURST_BEHAVIOR     ; 0     ; Signed Integer                                                                                                                        ;
; UAV_CONSTANT_BURST_BEHAVIOR    ; 0     ; Signed Integer                                                                                                                        ;
; CHIPSELECT_THROUGH_READLATENCY ; 0     ; Signed Integer                                                                                                                        ;
; USE_UAV_CLKEN                  ; 0     ; Signed Integer                                                                                                                        ;
; AV_REQUIRE_UNALIGNED_ADDRESSES ; 0     ; Signed Integer                                                                                                                        ;
+--------------------------------+-------+---------------------------------------------------------------------------------------------------------------------------------------+
Note: In order to hide this table in the UI and the text report file, please set the "Show Parameter Settings in Synthesis Report" option in "Analysis and Synthesis Settings -> More Settings" to "Off".


+---------------------------------------------------------------------------------------------------------------------------------------------------------------------------+
; Parameter Settings for User Entity Instance: dsa_system:u_dsa_system|dsa_system_mm_interconnect_0:mm_interconnect_0|altera_merlin_slave_translator:pio_leds_s1_translator ;
+--------------------------------+-------+----------------------------------------------------------------------------------------------------------------------------------+
; Parameter Name                 ; Value ; Type                                                                                                                             ;
+--------------------------------+-------+----------------------------------------------------------------------------------------------------------------------------------+
; AV_ADDRESS_W                   ; 2     ; Signed Integer                                                                                                                   ;
; AV_DATA_W                      ; 32    ; Signed Integer                                                                                                                   ;
; AV_BURSTCOUNT_W                ; 1     ; Signed Integer                                                                                                                   ;
; AV_BYTEENABLE_W                ; 1     ; Signed Integer                                                                                                                   ;
; UAV_BYTEENABLE_W               ; 4     ; Signed Integer                                                                                                                   ;
; AV_READLATENCY                 ; 0     ; Signed Integer                                                                                                                   ;
; AV_READ_WAIT_CYCLES            ; 1     ; Signed Integer                                                                                                                   ;
; AV_WRITE_WAIT_CYCLES           ; 0     ; Signed Integer                                                                                                                   ;
; AV_SETUP_WAIT_CYCLES           ; 0     ; Signed Integer                                                                                                                   ;
; AV_DATA_HOLD_CYCLES            ; 0     ; Signed Integer                                                                                                                   ;
; USE_READDATAVALID              ; 0     ; Signed Integer                                                                                                                   ;
; USE_WAITREQUEST                ; 0     ; Signed Integer                                                                                                                   ;
; USE_READRESPONSE               ; 0     ; Signed Integer                                                                                                                   ;
; USE_WRITERESPONSE              ; 0     ; Signed Integer                                                                                                                   ;
; AV_SYMBOLS_PER_WORD            ; 4     ; Signed Integer                                                                                                                   ;
; AV_ADDRESS_SYMBOLS             ; 0     ; Signed Integer                                                                                                                   ;
; AV_BURSTCOUNT_SYMBOLS          ; 0     ; Signed Integer                                                                                                                   ;
; BITS_PER_WORD                  ; 2     ; Signed Integer                                                                                                                   ;
; UAV_ADDRESS_W                  ; 32    ; Signed Integer                                                                                                                   ;
; UAV_BURSTCOUNT_W               ; 3     ; Signed Integer                                                                                                                   ;
; UAV_DATA_W                     ; 32    ; Signed Integer                                                                                                                   ;
; AV_CONSTANT_BURST_BEHAVIOR     ; 0     ; Signed Integer                                                                                                                   ;
; UAV_CONSTANT_BURST_BEHAVIOR    ; 0     ; Signed Integer                                                                                                                   ;
; CHIPSELECT_THROUGH_READLATENCY ; 0     ; Signed Integer                                                                                                                   ;
; USE_UAV_CLKEN                  ; 0     ; Signed Integer                                                                                                                   ;
; AV_REQUIRE_UNALIGNED_ADDRESSES ; 0     ; Signed Integer                                                                                                                   ;
+--------------------------------+-------+----------------------------------------------------------------------------------------------------------------------------------+
Note: In order to hide this table in the UI and the text report file, please set the "Show Parameter Settings in Synthesis Report" option in "Analysis and Synthesis Settings -> More Settings" to "Off".


+-------------------------------------------------------------------------------------------------------------------------------------------------------------------------+
; Parameter Settings for User Entity Instance: dsa_system:u_dsa_system|dsa_system_mm_interconnect_0:mm_interconnect_0|altera_merlin_master_agent:jtag_master_master_agent ;
+---------------------------+-------+-------------------------------------------------------------------------------------------------------------------------------------+
; Parameter Name            ; Value ; Type                                                                                                                                ;
+---------------------------+-------+-------------------------------------------------------------------------------------------------------------------------------------+
; PKT_QOS_H                 ; 86    ; Signed Integer                                                                                                                      ;
; PKT_QOS_L                 ; 86    ; Signed Integer                                                                                                                      ;
; PKT_DATA_SIDEBAND_H       ; 84    ; Signed Integer                                                                                                                      ;
; PKT_DATA_SIDEBAND_L       ; 84    ; Signed Integer                                                                                                                      ;
; PKT_ADDR_SIDEBAND_H       ; 83    ; Signed Integer                                                                                                                      ;
; PKT_ADDR_SIDEBAND_L       ; 83    ; Signed Integer                                                                                                                      ;
; PKT_CACHE_H               ; 98    ; Signed Integer                                                                                                                      ;
; PKT_CACHE_L               ; 95    ; Signed Integer                                                                                                                      ;
; PKT_THREAD_ID_H           ; 91    ; Signed Integer                                                                                                                      ;
; PKT_THREAD_ID_L           ; 91    ; Signed Integer                                                                                                                      ;
; PKT_BEGIN_BURST           ; 85    ; Signed Integer                                                                                                                      ;
; PKT_PROTECTION_H          ; 94    ; Signed Integer                                                                                                                      ;
; PKT_PROTECTION_L          ; 92    ; Signed Integer                                                                                                                      ;
; PKT_BURSTWRAP_H           ; 77    ; Signed Integer                                                                                                                      ;
; PKT_BURSTWRAP_L           ; 77    ; Signed Integer                                                                                                                      ;
; PKT_BYTE_CNT_H            ; 76    ; Signed Integer                                                                                                                      ;
; PKT_BYTE_CNT_L            ; 74    ; Signed Integer                                                                                                                      ;
; PKT_ADDR_H                ; 67    ; Signed Integer                                                                                                                      ;
; PKT_ADDR_L                ; 36    ; Signed Integer                                                                                                                      ;
; PKT_BURST_SIZE_H          ; 80    ; Signed Integer                                                                                                                      ;
; PKT_BURST_SIZE_L          ; 78    ; Signed Integer                                                                                                                      ;
; PKT_BURST_TYPE_H          ; 82    ; Signed Integer                                                                                                                      ;
; PKT_BURST_TYPE_L          ; 81    ; Signed Integer                                                                                                                      ;
; PKT_TRANS_EXCLUSIVE       ; 73    ; Signed Integer                                                                                                                      ;
; PKT_TRANS_LOCK            ; 72    ; Signed Integer                                                                                                                      ;
; PKT_TRANS_COMPRESSED_READ ; 68    ; Signed Integer                                                                                                                      ;
; PKT_TRANS_POSTED          ; 69    ; Signed Integer                                                                                                                      ;
; PKT_TRANS_WRITE           ; 70    ; Signed Integer                                                                                                                      ;
; PKT_TRANS_READ            ; 71    ; Signed Integer                                                                                                                      ;
; PKT_DATA_H                ; 31    ; Signed Integer                                                                                                                      ;
; PKT_DATA_L                ; 0     ; Signed Integer                                                                                                                      ;
; PKT_BYTEEN_H              ; 35    ; Signed Integer                                                                                                                      ;
; PKT_BYTEEN_L              ; 32    ; Signed Integer                                                                                                                      ;
; PKT_SRC_ID_H              ; 88    ; Signed Integer                                                                                                                      ;
; PKT_SRC_ID_L              ; 87    ; Signed Integer                                                                                                                      ;
; PKT_DEST_ID_H             ; 90    ; Signed Integer                                                                                                                      ;
; PKT_DEST_ID_L             ; 89    ; Signed Integer                                                                                                                      ;
; PKT_RESPONSE_STATUS_L     ; 99    ; Signed Integer                                                                                                                      ;
; PKT_RESPONSE_STATUS_H     ; 100   ; Signed Integer                                                                                                                      ;
; PKT_ORI_BURST_SIZE_L      ; 101   ; Signed Integer                                                                                                                      ;
; PKT_ORI_BURST_SIZE_H      ; 103   ; Signed Integer                                                                                                                      ;
; ST_DATA_W                 ; 104   ; Signed Integer                                                                                                                      ;
; ST_CHANNEL_W              ; 3     ; Signed Integer                                                                                                                      ;
; AV_BURSTCOUNT_W           ; 3     ; Signed Integer                                                                                                                      ;
; ID                        ; 0     ; Signed Integer                                                                                                                      ;
; SUPPRESS_0_BYTEEN_RSP     ; 0     ; Signed Integer                                                                                                                      ;
; BURSTWRAP_VALUE           ; 1     ; Signed Integer                                                                                                                      ;
; CACHE_VALUE               ; 0     ; Signed Integer                                                                                                                      ;
; SECURE_ACCESS_BIT         ; 1     ; Signed Integer                                                                                                                      ;
; USE_READRESPONSE          ; 0     ; Signed Integer                                                                                                                      ;
; USE_WRITERESPONSE         ; 0     ; Signed Integer                                                                                                                      ;
; PKT_BURSTWRAP_W           ; 1     ; Signed Integer                                                                                                                      ;
; PKT_BYTE_CNT_W            ; 3     ; Signed Integer                                                                                                                      ;
; PKT_PROTECTION_W          ; 3     ; Signed Integer                                                                                                                      ;
; PKT_ADDR_W                ; 32    ; Signed Integer                                                                                                                      ;
; PKT_DATA_W                ; 32    ; Signed Integer                                                                                                                      ;
; PKT_BYTEEN_W              ; 4     ; Signed Integer                                                                                                                      ;
; PKT_SRC_ID_W              ; 2     ; Signed Integer                                                                                                                      ;
; PKT_DEST_ID_W             ; 2     ; Signed Integer                                                                                                                      ;
; PKT_BURST_SIZE_W          ; 3     ; Signed Integer                                                                                                                      ;
+---------------------------+-------+-------------------------------------------------------------------------------------------------------------------------------------+
Note: In order to hide this table in the UI and the text report file, please set the "Show Parameter Settings in Synthesis Report" option in "Analysis and Synthesis Settings -> More Settings" to "Off".


+---------------------------------------------------------------------------------------------------------------------------------------------------------------------+
; Parameter Settings for User Entity Instance: dsa_system:u_dsa_system|dsa_system_mm_interconnect_0:mm_interconnect_0|altera_merlin_slave_agent:input_memory_s1_agent ;
+---------------------------+-------+---------------------------------------------------------------------------------------------------------------------------------+
; Parameter Name            ; Value ; Type                                                                                                                            ;
+---------------------------+-------+---------------------------------------------------------------------------------------------------------------------------------+
; PKT_BEGIN_BURST           ; 85    ; Signed Integer                                                                                                                  ;
; PKT_DATA_H                ; 31    ; Signed Integer                                                                                                                  ;
; PKT_DATA_L                ; 0     ; Signed Integer                                                                                                                  ;
; PKT_SYMBOL_W              ; 8     ; Signed Integer                                                                                                                  ;
; PKT_BYTEEN_H              ; 35    ; Signed Integer                                                                                                                  ;
; PKT_BYTEEN_L              ; 32    ; Signed Integer                                                                                                                  ;
; PKT_ADDR_H                ; 67    ; Signed Integer                                                                                                                  ;
; PKT_ADDR_L                ; 36    ; Signed Integer                                                                                                                  ;
; PKT_TRANS_LOCK            ; 72    ; Signed Integer                                                                                                                  ;
; PKT_TRANS_COMPRESSED_READ ; 68    ; Signed Integer                                                                                                                  ;
; PKT_TRANS_POSTED          ; 69    ; Signed Integer                                                                                                                  ;
; PKT_TRANS_WRITE           ; 70    ; Signed Integer                                                                                                                  ;
; PKT_TRANS_READ            ; 71    ; Signed Integer                                                                                                                  ;
; PKT_SRC_ID_H              ; 88    ; Signed Integer                                                                                                                  ;
; PKT_SRC_ID_L              ; 87    ; Signed Integer                                                                                                                  ;
; PKT_DEST_ID_H             ; 90    ; Signed Integer                                                                                                                  ;
; PKT_DEST_ID_L             ; 89    ; Signed Integer                                                                                                                  ;
; PKT_BURSTWRAP_H           ; 77    ; Signed Integer                                                                                                                  ;
; PKT_BURSTWRAP_L           ; 77    ; Signed Integer                                                                                                                  ;
; PKT_BYTE_CNT_H            ; 76    ; Signed Integer                                                                                                                  ;
; PKT_BYTE_CNT_L            ; 74    ; Signed Integer                                                                                                                  ;
; PKT_PROTECTION_H          ; 94    ; Signed Integer                                                                                                                  ;
; PKT_PROTECTION_L          ; 92    ; Signed Integer                                                                                                                  ;
; PKT_RESPONSE_STATUS_H     ; 100   ; Signed Integer                                                                                                                  ;
; PKT_RESPONSE_STATUS_L     ; 99    ; Signed Integer                                                                                                                  ;
; PKT_BURST_SIZE_H          ; 80    ; Signed Integer                                                                                                                  ;
; PKT_BURST_SIZE_L          ; 78    ; Signed Integer                                                                                                                  ;
; PKT_ORI_BURST_SIZE_L      ; 101   ; Signed Integer                                                                                                                  ;
; PKT_ORI_BURST_SIZE_H      ; 103   ; Signed Integer                                                                                                                  ;
; ST_DATA_W                 ; 104   ; Signed Integer                                                                                                                  ;
; ST_CHANNEL_W              ; 3     ; Signed Integer                                                                                                                  ;
; ADDR_W                    ; 32    ; Signed Integer                                                                                                                  ;
; AVS_DATA_W                ; 32    ; Signed Integer                                                                                                                  ;
; AVS_BURSTCOUNT_W          ; 3     ; Signed Integer                                                                                                                  ;
; PKT_SYMBOLS               ; 4     ; Signed Integer                                                                                                                  ;
; PREVENT_FIFO_OVERFLOW     ; 1     ; Signed Integer                                                                                                                  ;
; SUPPRESS_0_BYTEEN_CMD     ; 0     ; Signed Integer                                                                                                                  ;
; USE_READRESPONSE          ; 0     ; Signed Integer                                                                                                                  ;
; USE_WRITERESPONSE         ; 0     ; Signed Integer                                                                                                                  ;
; AVS_BE_W                  ; 4     ; Signed Integer                                                                                                                  ;
; BURST_SIZE_W              ; 3     ; Signed Integer                                                                                                                  ;
; FIFO_DATA_W               ; 105   ; Signed Integer                                                                                                                  ;
; ECC_ENABLE                ; 0     ; Signed Integer                                                                                                                  ;
+---------------------------+-------+---------------------------------------------------------------------------------------------------------------------------------+
Note: In order to hide this table in the UI and the text report file, please set the "Show Parameter Settings in Synthesis Report" option in "Analysis and Synthesis Settings -> More Settings" to "Off".


+-------------------------------------------------------------------------------------------------------------------------------------------------------------------------------------------------------------------+
; Parameter Settings for User Entity Instance: dsa_system:u_dsa_system|dsa_system_mm_interconnect_0:mm_interconnect_0|altera_merlin_slave_agent:input_memory_s1_agent|altera_merlin_burst_uncompressor:uncompressor ;
+----------------+-------+------------------------------------------------------------------------------------------------------------------------------------------------------------------------------------------+
; Parameter Name ; Value ; Type                                                                                                                                                                                     ;
+----------------+-------+------------------------------------------------------------------------------------------------------------------------------------------------------------------------------------------+
; ADDR_W         ; 32    ; Signed Integer                                                                                                                                                                           ;
; BURSTWRAP_W    ; 1     ; Signed Integer                                                                                                                                                                           ;
; BYTE_CNT_W     ; 3     ; Signed Integer                                                                                                                                                                           ;
; PKT_SYMBOLS    ; 4     ; Signed Integer                                                                                                                                                                           ;
; BURST_SIZE_W   ; 3     ; Signed Integer                                                                                                                                                                           ;
+----------------+-------+------------------------------------------------------------------------------------------------------------------------------------------------------------------------------------------+
Note: In order to hide this table in the UI and the text report file, please set the "Show Parameter Settings in Synthesis Report" option in "Analysis and Synthesis Settings -> More Settings" to "Off".


+--------------------------------------------------------------------------------------------------------------------------------------------------------------------------+
; Parameter Settings for User Entity Instance: dsa_system:u_dsa_system|dsa_system_mm_interconnect_0:mm_interconnect_0|altera_avalon_sc_fifo:input_memory_s1_agent_rsp_fifo ;
+---------------------+-------+--------------------------------------------------------------------------------------------------------------------------------------------+
; Parameter Name      ; Value ; Type                                                                                                                                       ;
+---------------------+-------+--------------------------------------------------------------------------------------------------------------------------------------------+
; SYMBOLS_PER_BEAT    ; 1     ; Signed Integer                                                                                                                             ;
; BITS_PER_SYMBOL     ; 105   ; Signed Integer                                                                                                                             ;
; FIFO_DEPTH          ; 2     ; Signed Integer                                                                                                                             ;
; CHANNEL_WIDTH       ; 0     ; Signed Integer                                                                                                                             ;
; ERROR_WIDTH         ; 0     ; Signed Integer                                                                                                                             ;
; USE_PACKETS         ; 1     ; Signed Integer                                                                                                                             ;
; USE_FILL_LEVEL      ; 0     ; Signed Integer                                                                                                                             ;
; USE_STORE_FORWARD   ; 0     ; Signed Integer                                                                                                                             ;
; USE_ALMOST_FULL_IF  ; 0     ; Signed Integer                                                                                                                             ;
; USE_ALMOST_EMPTY_IF ; 0     ; Signed Integer                                                                                                                             ;
; EMPTY_LATENCY       ; 1     ; Signed Integer                                                                                                                             ;
; USE_MEMORY_BLOCKS   ; 0     ; Signed Integer                                                                                                                             ;
; DATA_WIDTH          ; 105   ; Signed Integer                                                                                                                             ;
; EMPTY_WIDTH         ; 0     ; Signed Integer                                                                                                                             ;
+---------------------+-------+--------------------------------------------------------------------------------------------------------------------------------------------+
Note: In order to hide this table in the UI and the text report file, please set the "Show Parameter Settings in Synthesis Report" option in "Analysis and Synthesis Settings -> More Settings" to "Off".


+----------------------------------------------------------------------------------------------------------------------------------------------------------------------+
; Parameter Settings for User Entity Instance: dsa_system:u_dsa_system|dsa_system_mm_interconnect_0:mm_interconnect_0|altera_merlin_slave_agent:output_memory_s1_agent ;
+---------------------------+-------+----------------------------------------------------------------------------------------------------------------------------------+
; Parameter Name            ; Value ; Type                                                                                                                             ;
+---------------------------+-------+----------------------------------------------------------------------------------------------------------------------------------+
; PKT_BEGIN_BURST           ; 85    ; Signed Integer                                                                                                                   ;
; PKT_DATA_H                ; 31    ; Signed Integer                                                                                                                   ;
; PKT_DATA_L                ; 0     ; Signed Integer                                                                                                                   ;
; PKT_SYMBOL_W              ; 8     ; Signed Integer                                                                                                                   ;
; PKT_BYTEEN_H              ; 35    ; Signed Integer                                                                                                                   ;
; PKT_BYTEEN_L              ; 32    ; Signed Integer                                                                                                                   ;
; PKT_ADDR_H                ; 67    ; Signed Integer                                                                                                                   ;
; PKT_ADDR_L                ; 36    ; Signed Integer                                                                                                                   ;
; PKT_TRANS_LOCK            ; 72    ; Signed Integer                                                                                                                   ;
; PKT_TRANS_COMPRESSED_READ ; 68    ; Signed Integer                                                                                                                   ;
; PKT_TRANS_POSTED          ; 69    ; Signed Integer                                                                                                                   ;
; PKT_TRANS_WRITE           ; 70    ; Signed Integer                                                                                                                   ;
; PKT_TRANS_READ            ; 71    ; Signed Integer                                                                                                                   ;
; PKT_SRC_ID_H              ; 88    ; Signed Integer                                                                                                                   ;
; PKT_SRC_ID_L              ; 87    ; Signed Integer                                                                                                                   ;
; PKT_DEST_ID_H             ; 90    ; Signed Integer                                                                                                                   ;
; PKT_DEST_ID_L             ; 89    ; Signed Integer                                                                                                                   ;
; PKT_BURSTWRAP_H           ; 77    ; Signed Integer                                                                                                                   ;
; PKT_BURSTWRAP_L           ; 77    ; Signed Integer                                                                                                                   ;
; PKT_BYTE_CNT_H            ; 76    ; Signed Integer                                                                                                                   ;
; PKT_BYTE_CNT_L            ; 74    ; Signed Integer                                                                                                                   ;
; PKT_PROTECTION_H          ; 94    ; Signed Integer                                                                                                                   ;
; PKT_PROTECTION_L          ; 92    ; Signed Integer                                                                                                                   ;
; PKT_RESPONSE_STATUS_H     ; 100   ; Signed Integer                                                                                                                   ;
; PKT_RESPONSE_STATUS_L     ; 99    ; Signed Integer                                                                                                                   ;
; PKT_BURST_SIZE_H          ; 80    ; Signed Integer                                                                                                                   ;
; PKT_BURST_SIZE_L          ; 78    ; Signed Integer                                                                                                                   ;
; PKT_ORI_BURST_SIZE_L      ; 101   ; Signed Integer                                                                                                                   ;
; PKT_ORI_BURST_SIZE_H      ; 103   ; Signed Integer                                                                                                                   ;
; ST_DATA_W                 ; 104   ; Signed Integer                                                                                                                   ;
; ST_CHANNEL_W              ; 3     ; Signed Integer                                                                                                                   ;
; ADDR_W                    ; 32    ; Signed Integer                                                                                                                   ;
; AVS_DATA_W                ; 32    ; Signed Integer                                                                                                                   ;
; AVS_BURSTCOUNT_W          ; 3     ; Signed Integer                                                                                                                   ;
; PKT_SYMBOLS               ; 4     ; Signed Integer                                                                                                                   ;
; PREVENT_FIFO_OVERFLOW     ; 1     ; Signed Integer                                                                                                                   ;
; SUPPRESS_0_BYTEEN_CMD     ; 0     ; Signed Integer                                                                                                                   ;
; USE_READRESPONSE          ; 0     ; Signed Integer                                                                                                                   ;
; USE_WRITERESPONSE         ; 0     ; Signed Integer                                                                                                                   ;
; AVS_BE_W                  ; 4     ; Signed Integer                                                                                                                   ;
; BURST_SIZE_W              ; 3     ; Signed Integer                                                                                                                   ;
; FIFO_DATA_W               ; 105   ; Signed Integer                                                                                                                   ;
; ECC_ENABLE                ; 0     ; Signed Integer                                                                                                                   ;
+---------------------------+-------+----------------------------------------------------------------------------------------------------------------------------------+
Note: In order to hide this table in the UI and the text report file, please set the "Show Parameter Settings in Synthesis Report" option in "Analysis and Synthesis Settings -> More Settings" to "Off".


+--------------------------------------------------------------------------------------------------------------------------------------------------------------------------------------------------------------------+
; Parameter Settings for User Entity Instance: dsa_system:u_dsa_system|dsa_system_mm_interconnect_0:mm_interconnect_0|altera_merlin_slave_agent:output_memory_s1_agent|altera_merlin_burst_uncompressor:uncompressor ;
+----------------+-------+-------------------------------------------------------------------------------------------------------------------------------------------------------------------------------------------+
; Parameter Name ; Value ; Type                                                                                                                                                                                      ;
+----------------+-------+-------------------------------------------------------------------------------------------------------------------------------------------------------------------------------------------+
; ADDR_W         ; 32    ; Signed Integer                                                                                                                                                                            ;
; BURSTWRAP_W    ; 1     ; Signed Integer                                                                                                                                                                            ;
; BYTE_CNT_W     ; 3     ; Signed Integer                                                                                                                                                                            ;
; PKT_SYMBOLS    ; 4     ; Signed Integer                                                                                                                                                                            ;
; BURST_SIZE_W   ; 3     ; Signed Integer                                                                                                                                                                            ;
+----------------+-------+-------------------------------------------------------------------------------------------------------------------------------------------------------------------------------------------+
Note: In order to hide this table in the UI and the text report file, please set the "Show Parameter Settings in Synthesis Report" option in "Analysis and Synthesis Settings -> More Settings" to "Off".


+---------------------------------------------------------------------------------------------------------------------------------------------------------------------------+
; Parameter Settings for User Entity Instance: dsa_system:u_dsa_system|dsa_system_mm_interconnect_0:mm_interconnect_0|altera_avalon_sc_fifo:output_memory_s1_agent_rsp_fifo ;
+---------------------+-------+---------------------------------------------------------------------------------------------------------------------------------------------+
; Parameter Name      ; Value ; Type                                                                                                                                        ;
+---------------------+-------+---------------------------------------------------------------------------------------------------------------------------------------------+
; SYMBOLS_PER_BEAT    ; 1     ; Signed Integer                                                                                                                              ;
; BITS_PER_SYMBOL     ; 105   ; Signed Integer                                                                                                                              ;
; FIFO_DEPTH          ; 2     ; Signed Integer                                                                                                                              ;
; CHANNEL_WIDTH       ; 0     ; Signed Integer                                                                                                                              ;
; ERROR_WIDTH         ; 0     ; Signed Integer                                                                                                                              ;
; USE_PACKETS         ; 1     ; Signed Integer                                                                                                                              ;
; USE_FILL_LEVEL      ; 0     ; Signed Integer                                                                                                                              ;
; USE_STORE_FORWARD   ; 0     ; Signed Integer                                                                                                                              ;
; USE_ALMOST_FULL_IF  ; 0     ; Signed Integer                                                                                                                              ;
; USE_ALMOST_EMPTY_IF ; 0     ; Signed Integer                                                                                                                              ;
; EMPTY_LATENCY       ; 1     ; Signed Integer                                                                                                                              ;
; USE_MEMORY_BLOCKS   ; 0     ; Signed Integer                                                                                                                              ;
; DATA_WIDTH          ; 105   ; Signed Integer                                                                                                                              ;
; EMPTY_WIDTH         ; 0     ; Signed Integer                                                                                                                              ;
+---------------------+-------+---------------------------------------------------------------------------------------------------------------------------------------------+
Note: In order to hide this table in the UI and the text report file, please set the "Show Parameter Settings in Synthesis Report" option in "Analysis and Synthesis Settings -> More Settings" to "Off".


+-----------------------------------------------------------------------------------------------------------------------------------------------------------------+
; Parameter Settings for User Entity Instance: dsa_system:u_dsa_system|dsa_system_mm_interconnect_0:mm_interconnect_0|altera_merlin_slave_agent:pio_leds_s1_agent ;
+---------------------------+-------+-----------------------------------------------------------------------------------------------------------------------------+
; Parameter Name            ; Value ; Type                                                                                                                        ;
+---------------------------+-------+-----------------------------------------------------------------------------------------------------------------------------+
; PKT_BEGIN_BURST           ; 85    ; Signed Integer                                                                                                              ;
; PKT_DATA_H                ; 31    ; Signed Integer                                                                                                              ;
; PKT_DATA_L                ; 0     ; Signed Integer                                                                                                              ;
; PKT_SYMBOL_W              ; 8     ; Signed Integer                                                                                                              ;
; PKT_BYTEEN_H              ; 35    ; Signed Integer                                                                                                              ;
; PKT_BYTEEN_L              ; 32    ; Signed Integer                                                                                                              ;
; PKT_ADDR_H                ; 67    ; Signed Integer                                                                                                              ;
; PKT_ADDR_L                ; 36    ; Signed Integer                                                                                                              ;
; PKT_TRANS_LOCK            ; 72    ; Signed Integer                                                                                                              ;
; PKT_TRANS_COMPRESSED_READ ; 68    ; Signed Integer                                                                                                              ;
; PKT_TRANS_POSTED          ; 69    ; Signed Integer                                                                                                              ;
; PKT_TRANS_WRITE           ; 70    ; Signed Integer                                                                                                              ;
; PKT_TRANS_READ            ; 71    ; Signed Integer                                                                                                              ;
; PKT_SRC_ID_H              ; 88    ; Signed Integer                                                                                                              ;
; PKT_SRC_ID_L              ; 87    ; Signed Integer                                                                                                              ;
; PKT_DEST_ID_H             ; 90    ; Signed Integer                                                                                                              ;
; PKT_DEST_ID_L             ; 89    ; Signed Integer                                                                                                              ;
; PKT_BURSTWRAP_H           ; 77    ; Signed Integer                                                                                                              ;
; PKT_BURSTWRAP_L           ; 77    ; Signed Integer                                                                                                              ;
; PKT_BYTE_CNT_H            ; 76    ; Signed Integer                                                                                                              ;
; PKT_BYTE_CNT_L            ; 74    ; Signed Integer                                                                                                              ;
; PKT_PROTECTION_H          ; 94    ; Signed Integer                                                                                                              ;
; PKT_PROTECTION_L          ; 92    ; Signed Integer                                                                                                              ;
; PKT_RESPONSE_STATUS_H     ; 100   ; Signed Integer                                                                                                              ;
; PKT_RESPONSE_STATUS_L     ; 99    ; Signed Integer                                                                                                              ;
; PKT_BURST_SIZE_H          ; 80    ; Signed Integer                                                                                                              ;
; PKT_BURST_SIZE_L          ; 78    ; Signed Integer                                                                                                              ;
; PKT_ORI_BURST_SIZE_L      ; 101   ; Signed Integer                                                                                                              ;
; PKT_ORI_BURST_SIZE_H      ; 103   ; Signed Integer                                                                                                              ;
; ST_DATA_W                 ; 104   ; Signed Integer                                                                                                              ;
; ST_CHANNEL_W              ; 3     ; Signed Integer                                                                                                              ;
; ADDR_W                    ; 32    ; Signed Integer                                                                                                              ;
; AVS_DATA_W                ; 32    ; Signed Integer                                                                                                              ;
; AVS_BURSTCOUNT_W          ; 3     ; Signed Integer                                                                                                              ;
; PKT_SYMBOLS               ; 4     ; Signed Integer                                                                                                              ;
; PREVENT_FIFO_OVERFLOW     ; 1     ; Signed Integer                                                                                                              ;
; SUPPRESS_0_BYTEEN_CMD     ; 0     ; Signed Integer                                                                                                              ;
; USE_READRESPONSE          ; 0     ; Signed Integer                                                                                                              ;
; USE_WRITERESPONSE         ; 0     ; Signed Integer                                                                                                              ;
; AVS_BE_W                  ; 4     ; Signed Integer                                                                                                              ;
; BURST_SIZE_W              ; 3     ; Signed Integer                                                                                                              ;
; FIFO_DATA_W               ; 105   ; Signed Integer                                                                                                              ;
; ECC_ENABLE                ; 0     ; Signed Integer                                                                                                              ;
+---------------------------+-------+-----------------------------------------------------------------------------------------------------------------------------+
Note: In order to hide this table in the UI and the text report file, please set the "Show Parameter Settings in Synthesis Report" option in "Analysis and Synthesis Settings -> More Settings" to "Off".


+---------------------------------------------------------------------------------------------------------------------------------------------------------------------------------------------------------------+
; Parameter Settings for User Entity Instance: dsa_system:u_dsa_system|dsa_system_mm_interconnect_0:mm_interconnect_0|altera_merlin_slave_agent:pio_leds_s1_agent|altera_merlin_burst_uncompressor:uncompressor ;
+----------------+-------+--------------------------------------------------------------------------------------------------------------------------------------------------------------------------------------+
; Parameter Name ; Value ; Type                                                                                                                                                                                 ;
+----------------+-------+--------------------------------------------------------------------------------------------------------------------------------------------------------------------------------------+
; ADDR_W         ; 32    ; Signed Integer                                                                                                                                                                       ;
; BURSTWRAP_W    ; 1     ; Signed Integer                                                                                                                                                                       ;
; BYTE_CNT_W     ; 3     ; Signed Integer                                                                                                                                                                       ;
; PKT_SYMBOLS    ; 4     ; Signed Integer                                                                                                                                                                       ;
; BURST_SIZE_W   ; 3     ; Signed Integer                                                                                                                                                                       ;
+----------------+-------+--------------------------------------------------------------------------------------------------------------------------------------------------------------------------------------+
Note: In order to hide this table in the UI and the text report file, please set the "Show Parameter Settings in Synthesis Report" option in "Analysis and Synthesis Settings -> More Settings" to "Off".


+----------------------------------------------------------------------------------------------------------------------------------------------------------------------+
; Parameter Settings for User Entity Instance: dsa_system:u_dsa_system|dsa_system_mm_interconnect_0:mm_interconnect_0|altera_avalon_sc_fifo:pio_leds_s1_agent_rsp_fifo ;
+---------------------+-------+----------------------------------------------------------------------------------------------------------------------------------------+
; Parameter Name      ; Value ; Type                                                                                                                                   ;
+---------------------+-------+----------------------------------------------------------------------------------------------------------------------------------------+
; SYMBOLS_PER_BEAT    ; 1     ; Signed Integer                                                                                                                         ;
; BITS_PER_SYMBOL     ; 105   ; Signed Integer                                                                                                                         ;
; FIFO_DEPTH          ; 2     ; Signed Integer                                                                                                                         ;
; CHANNEL_WIDTH       ; 0     ; Signed Integer                                                                                                                         ;
; ERROR_WIDTH         ; 0     ; Signed Integer                                                                                                                         ;
; USE_PACKETS         ; 1     ; Signed Integer                                                                                                                         ;
; USE_FILL_LEVEL      ; 0     ; Signed Integer                                                                                                                         ;
; USE_STORE_FORWARD   ; 0     ; Signed Integer                                                                                                                         ;
; USE_ALMOST_FULL_IF  ; 0     ; Signed Integer                                                                                                                         ;
; USE_ALMOST_EMPTY_IF ; 0     ; Signed Integer                                                                                                                         ;
; EMPTY_LATENCY       ; 1     ; Signed Integer                                                                                                                         ;
; USE_MEMORY_BLOCKS   ; 0     ; Signed Integer                                                                                                                         ;
; DATA_WIDTH          ; 105   ; Signed Integer                                                                                                                         ;
; EMPTY_WIDTH         ; 0     ; Signed Integer                                                                                                                         ;
+---------------------+-------+----------------------------------------------------------------------------------------------------------------------------------------+
Note: In order to hide this table in the UI and the text report file, please set the "Show Parameter Settings in Synthesis Report" option in "Analysis and Synthesis Settings -> More Settings" to "Off".


+--------------------------------------------------------------------------------------------------------------------------------------------------------------------------------------------------------------------------------------+
; Parameter Settings for User Entity Instance: dsa_system:u_dsa_system|dsa_system_mm_interconnect_0:mm_interconnect_0|dsa_system_mm_interconnect_0_router:router|dsa_system_mm_interconnect_0_router_default_decode:the_default_decode ;
+--------------------+-------+---------------------------------------------------------------------------------------------------------------------------------------------------------------------------------------------------------+
; Parameter Name     ; Value ; Type                                                                                                                                                                                                    ;
+--------------------+-------+---------------------------------------------------------------------------------------------------------------------------------------------------------------------------------------------------------+
; DEFAULT_CHANNEL    ; 0     ; Signed Integer                                                                                                                                                                                          ;
; DEFAULT_WR_CHANNEL ; -1    ; Signed Integer                                                                                                                                                                                          ;
; DEFAULT_RD_CHANNEL ; -1    ; Signed Integer                                                                                                                                                                                          ;
; DEFAULT_DESTID     ; 0     ; Signed Integer                                                                                                                                                                                          ;
+--------------------+-------+---------------------------------------------------------------------------------------------------------------------------------------------------------------------------------------------------------+
Note: In order to hide this table in the UI and the text report file, please set the "Show Parameter Settings in Synthesis Report" option in "Analysis and Synthesis Settings -> More Settings" to "Off".


+--------------------------------------------------------------------------------------------------------------------------------------------------------------------------------------------------------------------------------------------------+
; Parameter Settings for User Entity Instance: dsa_system:u_dsa_system|dsa_system_mm_interconnect_0:mm_interconnect_0|dsa_system_mm_interconnect_0_router_001:router_001|dsa_system_mm_interconnect_0_router_001_default_decode:the_default_decode ;
+--------------------+-------+---------------------------------------------------------------------------------------------------------------------------------------------------------------------------------------------------------------------+
; Parameter Name     ; Value ; Type                                                                                                                                                                                                                ;
+--------------------+-------+---------------------------------------------------------------------------------------------------------------------------------------------------------------------------------------------------------------------+
; DEFAULT_CHANNEL    ; 0     ; Signed Integer                                                                                                                                                                                                      ;
; DEFAULT_WR_CHANNEL ; -1    ; Signed Integer                                                                                                                                                                                                      ;
; DEFAULT_RD_CHANNEL ; -1    ; Signed Integer                                                                                                                                                                                                      ;
; DEFAULT_DESTID     ; 0     ; Signed Integer                                                                                                                                                                                                      ;
+--------------------+-------+---------------------------------------------------------------------------------------------------------------------------------------------------------------------------------------------------------------------+
Note: In order to hide this table in the UI and the text report file, please set the "Show Parameter Settings in Synthesis Report" option in "Analysis and Synthesis Settings -> More Settings" to "Off".


+--------------------------------------------------------------------------------------------------------------------------------------------------------------------------------------------------------------------------------------------------+
; Parameter Settings for User Entity Instance: dsa_system:u_dsa_system|dsa_system_mm_interconnect_0:mm_interconnect_0|dsa_system_mm_interconnect_0_router_001:router_002|dsa_system_mm_interconnect_0_router_001_default_decode:the_default_decode ;
+--------------------+-------+---------------------------------------------------------------------------------------------------------------------------------------------------------------------------------------------------------------------+
; Parameter Name     ; Value ; Type                                                                                                                                                                                                                ;
+--------------------+-------+---------------------------------------------------------------------------------------------------------------------------------------------------------------------------------------------------------------------+
; DEFAULT_CHANNEL    ; 0     ; Signed Integer                                                                                                                                                                                                      ;
; DEFAULT_WR_CHANNEL ; -1    ; Signed Integer                                                                                                                                                                                                      ;
; DEFAULT_RD_CHANNEL ; -1    ; Signed Integer                                                                                                                                                                                                      ;
; DEFAULT_DESTID     ; 0     ; Signed Integer                                                                                                                                                                                                      ;
+--------------------+-------+---------------------------------------------------------------------------------------------------------------------------------------------------------------------------------------------------------------------+
Note: In order to hide this table in the UI and the text report file, please set the "Show Parameter Settings in Synthesis Report" option in "Analysis and Synthesis Settings -> More Settings" to "Off".


+--------------------------------------------------------------------------------------------------------------------------------------------------------------------------------------------------------------------------------------------------+
; Parameter Settings for User Entity Instance: dsa_system:u_dsa_system|dsa_system_mm_interconnect_0:mm_interconnect_0|dsa_system_mm_interconnect_0_router_001:router_003|dsa_system_mm_interconnect_0_router_001_default_decode:the_default_decode ;
+--------------------+-------+---------------------------------------------------------------------------------------------------------------------------------------------------------------------------------------------------------------------+
; Parameter Name     ; Value ; Type                                                                                                                                                                                                                ;
+--------------------+-------+---------------------------------------------------------------------------------------------------------------------------------------------------------------------------------------------------------------------+
; DEFAULT_CHANNEL    ; 0     ; Signed Integer                                                                                                                                                                                                      ;
; DEFAULT_WR_CHANNEL ; -1    ; Signed Integer                                                                                                                                                                                                      ;
; DEFAULT_RD_CHANNEL ; -1    ; Signed Integer                                                                                                                                                                                                      ;
; DEFAULT_DESTID     ; 0     ; Signed Integer                                                                                                                                                                                                      ;
+--------------------+-------+---------------------------------------------------------------------------------------------------------------------------------------------------------------------------------------------------------------------+
Note: In order to hide this table in the UI and the text report file, please set the "Show Parameter Settings in Synthesis Report" option in "Analysis and Synthesis Settings -> More Settings" to "Off".


+------------------------------------------------------------------------------------------------------------------------------------------------------------------------------+
; Parameter Settings for User Entity Instance: dsa_system:u_dsa_system|dsa_system_mm_interconnect_0:mm_interconnect_0|altera_merlin_traffic_limiter:jtag_master_master_limiter ;
+---------------------------+-------+------------------------------------------------------------------------------------------------------------------------------------------+
; Parameter Name            ; Value ; Type                                                                                                                                     ;
+---------------------------+-------+------------------------------------------------------------------------------------------------------------------------------------------+
; PKT_TRANS_POSTED          ; 69    ; Signed Integer                                                                                                                           ;
; PKT_DEST_ID_H             ; 90    ; Signed Integer                                                                                                                           ;
; PKT_DEST_ID_L             ; 89    ; Signed Integer                                                                                                                           ;
; PKT_SRC_ID_H              ; 88    ; Signed Integer                                                                                                                           ;
; PKT_SRC_ID_L              ; 87    ; Signed Integer                                                                                                                           ;
; PKT_BYTE_CNT_H            ; 76    ; Signed Integer                                                                                                                           ;
; PKT_BYTE_CNT_L            ; 74    ; Signed Integer                                                                                                                           ;
; PKT_BYTEEN_H              ; 35    ; Signed Integer                                                                                                                           ;
; PKT_BYTEEN_L              ; 32    ; Signed Integer                                                                                                                           ;
; PKT_TRANS_WRITE           ; 70    ; Signed Integer                                                                                                                           ;
; PKT_TRANS_READ            ; 0     ; Signed Integer                                                                                                                           ;
; ST_DATA_W                 ; 104   ; Signed Integer                                                                                                                           ;
; ST_CHANNEL_W              ; 3     ; Signed Integer                                                                                                                           ;
; MAX_OUTSTANDING_RESPONSES ; 1     ; Signed Integer                                                                                                                           ;
; PIPELINED                 ; 0     ; Signed Integer                                                                                                                           ;
; ENFORCE_ORDER             ; 1     ; Signed Integer                                                                                                                           ;
; VALID_WIDTH               ; 3     ; Signed Integer                                                                                                                           ;
; PREVENT_HAZARDS           ; 0     ; Signed Integer                                                                                                                           ;
; SUPPORTS_POSTED_WRITES    ; 1     ; Signed Integer                                                                                                                           ;
; SUPPORTS_NONPOSTED_WRITES ; 0     ; Signed Integer                                                                                                                           ;
; REORDER                   ; 0     ; Signed Integer                                                                                                                           ;
+---------------------------+-------+------------------------------------------------------------------------------------------------------------------------------------------+
Note: In order to hide this table in the UI and the text report file, please set the "Show Parameter Settings in Synthesis Report" option in "Analysis and Synthesis Settings -> More Settings" to "Off".


+-----------------------------------------------------------------------------------------------------------------------------------------------------------------------------------------------+
; Parameter Settings for User Entity Instance: dsa_system:u_dsa_system|dsa_system_mm_interconnect_0:mm_interconnect_0|dsa_system_mm_interconnect_0_rsp_mux:rsp_mux|altera_merlin_arbitrator:arb ;
+----------------+--------+---------------------------------------------------------------------------------------------------------------------------------------------------------------------+
; Parameter Name ; Value  ; Type                                                                                                                                                                ;
+----------------+--------+---------------------------------------------------------------------------------------------------------------------------------------------------------------------+
; NUM_REQUESTERS ; 3      ; Signed Integer                                                                                                                                                      ;
; SCHEME         ; no-arb ; String                                                                                                                                                              ;
; PIPELINE       ; 0      ; Signed Integer                                                                                                                                                      ;
+----------------+--------+---------------------------------------------------------------------------------------------------------------------------------------------------------------------+
Note: In order to hide this table in the UI and the text report file, please set the "Show Parameter Settings in Synthesis Report" option in "Analysis and Synthesis Settings -> More Settings" to "Off".


+-----------------------------------------------------------------------------------------------------------------------------------------------------------------------------------------------------------------------------+
; Parameter Settings for User Entity Instance: dsa_system:u_dsa_system|dsa_system_mm_interconnect_0:mm_interconnect_0|dsa_system_mm_interconnect_0_rsp_mux:rsp_mux|altera_merlin_arbitrator:arb|altera_merlin_arb_adder:adder ;
+----------------+-------+----------------------------------------------------------------------------------------------------------------------------------------------------------------------------------------------------+
; Parameter Name ; Value ; Type                                                                                                                                                                                               ;
+----------------+-------+----------------------------------------------------------------------------------------------------------------------------------------------------------------------------------------------------+
; WIDTH          ; 6     ; Signed Integer                                                                                                                                                                                     ;
+----------------+-------+----------------------------------------------------------------------------------------------------------------------------------------------------------------------------------------------------+
Note: In order to hide this table in the UI and the text report file, please set the "Show Parameter Settings in Synthesis Report" option in "Analysis and Synthesis Settings -> More Settings" to "Off".


+--------------------------------------------------------------------------------------------------------------------------------------------------------------------------------------+
; Parameter Settings for User Entity Instance: dsa_system:u_dsa_system|dsa_system_mm_interconnect_0:mm_interconnect_0|dsa_system_mm_interconnect_0_avalon_st_adapter:avalon_st_adapter ;
+-----------------+-------+------------------------------------------------------------------------------------------------------------------------------------------------------------+
; Parameter Name  ; Value ; Type                                                                                                                                                       ;
+-----------------+-------+------------------------------------------------------------------------------------------------------------------------------------------------------------+
; inBitsPerSymbol ; 34    ; Signed Integer                                                                                                                                             ;
; inUsePackets    ; 0     ; Signed Integer                                                                                                                                             ;
; inDataWidth     ; 34    ; Signed Integer                                                                                                                                             ;
; inChannelWidth  ; 0     ; Signed Integer                                                                                                                                             ;
; inErrorWidth    ; 0     ; Signed Integer                                                                                                                                             ;
; inUseEmptyPort  ; 0     ; Signed Integer                                                                                                                                             ;
; inUseValid      ; 1     ; Signed Integer                                                                                                                                             ;
; inUseReady      ; 1     ; Signed Integer                                                                                                                                             ;
; inReadyLatency  ; 0     ; Signed Integer                                                                                                                                             ;
; outDataWidth    ; 34    ; Signed Integer                                                                                                                                             ;
; outChannelWidth ; 0     ; Signed Integer                                                                                                                                             ;
; outErrorWidth   ; 1     ; Signed Integer                                                                                                                                             ;
; outUseEmptyPort ; 0     ; Signed Integer                                                                                                                                             ;
; outUseValid     ; 1     ; Signed Integer                                                                                                                                             ;
; outUseReady     ; 1     ; Signed Integer                                                                                                                                             ;
; outReadyLatency ; 0     ; Signed Integer                                                                                                                                             ;
+-----------------+-------+------------------------------------------------------------------------------------------------------------------------------------------------------------+
Note: In order to hide this table in the UI and the text report file, please set the "Show Parameter Settings in Synthesis Report" option in "Analysis and Synthesis Settings -> More Settings" to "Off".


+------------------------------------------------------------------------------------------------------------------------------------------------------------------------------------------+
; Parameter Settings for User Entity Instance: dsa_system:u_dsa_system|dsa_system_mm_interconnect_0:mm_interconnect_0|dsa_system_mm_interconnect_0_avalon_st_adapter:avalon_st_adapter_001 ;
+-----------------+-------+----------------------------------------------------------------------------------------------------------------------------------------------------------------+
; Parameter Name  ; Value ; Type                                                                                                                                                           ;
+-----------------+-------+----------------------------------------------------------------------------------------------------------------------------------------------------------------+
; inBitsPerSymbol ; 34    ; Signed Integer                                                                                                                                                 ;
; inUsePackets    ; 0     ; Signed Integer                                                                                                                                                 ;
; inDataWidth     ; 34    ; Signed Integer                                                                                                                                                 ;
; inChannelWidth  ; 0     ; Signed Integer                                                                                                                                                 ;
; inErrorWidth    ; 0     ; Signed Integer                                                                                                                                                 ;
; inUseEmptyPort  ; 0     ; Signed Integer                                                                                                                                                 ;
; inUseValid      ; 1     ; Signed Integer                                                                                                                                                 ;
; inUseReady      ; 1     ; Signed Integer                                                                                                                                                 ;
; inReadyLatency  ; 0     ; Signed Integer                                                                                                                                                 ;
; outDataWidth    ; 34    ; Signed Integer                                                                                                                                                 ;
; outChannelWidth ; 0     ; Signed Integer                                                                                                                                                 ;
; outErrorWidth   ; 1     ; Signed Integer                                                                                                                                                 ;
; outUseEmptyPort ; 0     ; Signed Integer                                                                                                                                                 ;
; outUseValid     ; 1     ; Signed Integer                                                                                                                                                 ;
; outUseReady     ; 1     ; Signed Integer                                                                                                                                                 ;
; outReadyLatency ; 0     ; Signed Integer                                                                                                                                                 ;
+-----------------+-------+----------------------------------------------------------------------------------------------------------------------------------------------------------------+
Note: In order to hide this table in the UI and the text report file, please set the "Show Parameter Settings in Synthesis Report" option in "Analysis and Synthesis Settings -> More Settings" to "Off".


+------------------------------------------------------------------------------------------------------------------------------------------------------------------------------------------+
; Parameter Settings for User Entity Instance: dsa_system:u_dsa_system|dsa_system_mm_interconnect_0:mm_interconnect_0|dsa_system_mm_interconnect_0_avalon_st_adapter:avalon_st_adapter_002 ;
+-----------------+-------+----------------------------------------------------------------------------------------------------------------------------------------------------------------+
; Parameter Name  ; Value ; Type                                                                                                                                                           ;
+-----------------+-------+----------------------------------------------------------------------------------------------------------------------------------------------------------------+
; inBitsPerSymbol ; 34    ; Signed Integer                                                                                                                                                 ;
; inUsePackets    ; 0     ; Signed Integer                                                                                                                                                 ;
; inDataWidth     ; 34    ; Signed Integer                                                                                                                                                 ;
; inChannelWidth  ; 0     ; Signed Integer                                                                                                                                                 ;
; inErrorWidth    ; 0     ; Signed Integer                                                                                                                                                 ;
; inUseEmptyPort  ; 0     ; Signed Integer                                                                                                                                                 ;
; inUseValid      ; 1     ; Signed Integer                                                                                                                                                 ;
; inUseReady      ; 1     ; Signed Integer                                                                                                                                                 ;
; inReadyLatency  ; 0     ; Signed Integer                                                                                                                                                 ;
; outDataWidth    ; 34    ; Signed Integer                                                                                                                                                 ;
; outChannelWidth ; 0     ; Signed Integer                                                                                                                                                 ;
; outErrorWidth   ; 1     ; Signed Integer                                                                                                                                                 ;
; outUseEmptyPort ; 0     ; Signed Integer                                                                                                                                                 ;
; outUseValid     ; 1     ; Signed Integer                                                                                                                                                 ;
; outUseReady     ; 1     ; Signed Integer                                                                                                                                                 ;
; outReadyLatency ; 0     ; Signed Integer                                                                                                                                                 ;
+-----------------+-------+----------------------------------------------------------------------------------------------------------------------------------------------------------------+
Note: In order to hide this table in the UI and the text report file, please set the "Show Parameter Settings in Synthesis Report" option in "Analysis and Synthesis Settings -> More Settings" to "Off".


+-------------------------------------------------------------------------------------------------------------+
; Parameter Settings for User Entity Instance: dsa_system:u_dsa_system|altera_reset_controller:rst_controller ;
+---------------------------+----------+----------------------------------------------------------------------+
; Parameter Name            ; Value    ; Type                                                                 ;
+---------------------------+----------+----------------------------------------------------------------------+
; NUM_RESET_INPUTS          ; 1        ; Signed Integer                                                       ;
; USE_RESET_REQUEST_IN0     ; 0        ; Signed Integer                                                       ;
; USE_RESET_REQUEST_IN1     ; 0        ; Signed Integer                                                       ;
; USE_RESET_REQUEST_IN2     ; 0        ; Signed Integer                                                       ;
; USE_RESET_REQUEST_IN3     ; 0        ; Signed Integer                                                       ;
; USE_RESET_REQUEST_IN4     ; 0        ; Signed Integer                                                       ;
; USE_RESET_REQUEST_IN5     ; 0        ; Signed Integer                                                       ;
; USE_RESET_REQUEST_IN6     ; 0        ; Signed Integer                                                       ;
; USE_RESET_REQUEST_IN7     ; 0        ; Signed Integer                                                       ;
; USE_RESET_REQUEST_IN8     ; 0        ; Signed Integer                                                       ;
; USE_RESET_REQUEST_IN9     ; 0        ; Signed Integer                                                       ;
; USE_RESET_REQUEST_IN10    ; 0        ; Signed Integer                                                       ;
; USE_RESET_REQUEST_IN11    ; 0        ; Signed Integer                                                       ;
; USE_RESET_REQUEST_IN12    ; 0        ; Signed Integer                                                       ;
; USE_RESET_REQUEST_IN13    ; 0        ; Signed Integer                                                       ;
; USE_RESET_REQUEST_IN14    ; 0        ; Signed Integer                                                       ;
; USE_RESET_REQUEST_IN15    ; 0        ; Signed Integer                                                       ;
; OUTPUT_RESET_SYNC_EDGES   ; deassert ; String                                                               ;
; SYNC_DEPTH                ; 2        ; Signed Integer                                                       ;
; RESET_REQUEST_PRESENT     ; 1        ; Signed Integer                                                       ;
; RESET_REQ_WAIT_TIME       ; 1        ; Signed Integer                                                       ;
; MIN_RST_ASSERTION_TIME    ; 3        ; Signed Integer                                                       ;
; RESET_REQ_EARLY_DSRT_TIME ; 1        ; Signed Integer                                                       ;
; ADAPT_RESET_REQUEST       ; 0        ; Signed Integer                                                       ;
+---------------------------+----------+----------------------------------------------------------------------+
Note: In order to hide this table in the UI and the text report file, please set the "Show Parameter Settings in Synthesis Report" option in "Analysis and Synthesis Settings -> More Settings" to "Off".


+--------------------------------------------------------------------------------------------------------------------------------------------------------+
; Parameter Settings for User Entity Instance: dsa_system:u_dsa_system|altera_reset_controller:rst_controller|altera_reset_synchronizer:alt_rst_sync_uq1 ;
+----------------+-------+-------------------------------------------------------------------------------------------------------------------------------+
; Parameter Name ; Value ; Type                                                                                                                          ;
+----------------+-------+-------------------------------------------------------------------------------------------------------------------------------+
; ASYNC_RESET    ; 1     ; Unsigned Binary                                                                                                               ;
; DEPTH          ; 2     ; Signed Integer                                                                                                                ;
+----------------+-------+-------------------------------------------------------------------------------------------------------------------------------+
Note: In order to hide this table in the UI and the text report file, please set the "Show Parameter Settings in Synthesis Report" option in "Analysis and Synthesis Settings -> More Settings" to "Off".


+------------------------------------------------------------------------------------------------------------------------------------------------------------+
; Parameter Settings for User Entity Instance: dsa_system:u_dsa_system|altera_reset_controller:rst_controller|altera_reset_synchronizer:alt_rst_req_sync_uq1 ;
+----------------+-------+-----------------------------------------------------------------------------------------------------------------------------------+
; Parameter Name ; Value ; Type                                                                                                                              ;
+----------------+-------+-----------------------------------------------------------------------------------------------------------------------------------+
; ASYNC_RESET    ; 0     ; Signed Integer                                                                                                                    ;
; DEPTH          ; 2     ; Signed Integer                                                                                                                    ;
+----------------+-------+-----------------------------------------------------------------------------------------------------------------------------------+
Note: In order to hide this table in the UI and the text report file, please set the "Show Parameter Settings in Synthesis Report" option in "Analysis and Synthesis Settings -> More Settings" to "Off".


+-----------------------------------------------------------------------------------------------------------------+
; Parameter Settings for User Entity Instance: dsa_system:u_dsa_system|altera_reset_controller:rst_controller_001 ;
+---------------------------+----------+--------------------------------------------------------------------------+
; Parameter Name            ; Value    ; Type                                                                     ;
+---------------------------+----------+--------------------------------------------------------------------------+
; NUM_RESET_INPUTS          ; 1        ; Signed Integer                                                           ;
; USE_RESET_REQUEST_IN0     ; 0        ; Signed Integer                                                           ;
; USE_RESET_REQUEST_IN1     ; 0        ; Signed Integer                                                           ;
; USE_RESET_REQUEST_IN2     ; 0        ; Signed Integer                                                           ;
; USE_RESET_REQUEST_IN3     ; 0        ; Signed Integer                                                           ;
; USE_RESET_REQUEST_IN4     ; 0        ; Signed Integer                                                           ;
; USE_RESET_REQUEST_IN5     ; 0        ; Signed Integer                                                           ;
; USE_RESET_REQUEST_IN6     ; 0        ; Signed Integer                                                           ;
; USE_RESET_REQUEST_IN7     ; 0        ; Signed Integer                                                           ;
; USE_RESET_REQUEST_IN8     ; 0        ; Signed Integer                                                           ;
; USE_RESET_REQUEST_IN9     ; 0        ; Signed Integer                                                           ;
; USE_RESET_REQUEST_IN10    ; 0        ; Signed Integer                                                           ;
; USE_RESET_REQUEST_IN11    ; 0        ; Signed Integer                                                           ;
; USE_RESET_REQUEST_IN12    ; 0        ; Signed Integer                                                           ;
; USE_RESET_REQUEST_IN13    ; 0        ; Signed Integer                                                           ;
; USE_RESET_REQUEST_IN14    ; 0        ; Signed Integer                                                           ;
; USE_RESET_REQUEST_IN15    ; 0        ; Signed Integer                                                           ;
; OUTPUT_RESET_SYNC_EDGES   ; deassert ; String                                                                   ;
; SYNC_DEPTH                ; 2        ; Signed Integer                                                           ;
; RESET_REQUEST_PRESENT     ; 0        ; Signed Integer                                                           ;
; RESET_REQ_WAIT_TIME       ; 1        ; Signed Integer                                                           ;
; MIN_RST_ASSERTION_TIME    ; 3        ; Signed Integer                                                           ;
; RESET_REQ_EARLY_DSRT_TIME ; 1        ; Signed Integer                                                           ;
; ADAPT_RESET_REQUEST       ; 0        ; Signed Integer                                                           ;
+---------------------------+----------+--------------------------------------------------------------------------+
Note: In order to hide this table in the UI and the text report file, please set the "Show Parameter Settings in Synthesis Report" option in "Analysis and Synthesis Settings -> More Settings" to "Off".


+------------------------------------------------------------------------------------------------------------------------------------------------------------+
; Parameter Settings for User Entity Instance: dsa_system:u_dsa_system|altera_reset_controller:rst_controller_001|altera_reset_synchronizer:alt_rst_sync_uq1 ;
+----------------+-------+-----------------------------------------------------------------------------------------------------------------------------------+
; Parameter Name ; Value ; Type                                                                                                                              ;
+----------------+-------+-----------------------------------------------------------------------------------------------------------------------------------+
; ASYNC_RESET    ; 1     ; Unsigned Binary                                                                                                                   ;
; DEPTH          ; 2     ; Signed Integer                                                                                                                    ;
+----------------+-------+-----------------------------------------------------------------------------------------------------------------------------------+
Note: In order to hide this table in the UI and the text report file, please set the "Show Parameter Settings in Synthesis Report" option in "Analysis and Synthesis Settings -> More Settings" to "Off".


+----------------------------------------------------------------------------------------------------------------------------------------------------------------+
; Parameter Settings for User Entity Instance: dsa_system:u_dsa_system|altera_reset_controller:rst_controller_001|altera_reset_synchronizer:alt_rst_req_sync_uq1 ;
+----------------+-------+---------------------------------------------------------------------------------------------------------------------------------------+
; Parameter Name ; Value ; Type                                                                                                                                  ;
+----------------+-------+---------------------------------------------------------------------------------------------------------------------------------------+
; ASYNC_RESET    ; 0     ; Signed Integer                                                                                                                        ;
; DEPTH          ; 2     ; Signed Integer                                                                                                                        ;
+----------------+-------+---------------------------------------------------------------------------------------------------------------------------------------+
Note: In order to hide this table in the UI and the text report file, please set the "Show Parameter Settings in Synthesis Report" option in "Analysis and Synthesis Settings -> More Settings" to "Off".


+---------------------------------------------------------------------------------------------------------------------------+
; Analysis & Elaboration Settings                                                                                           ;
+---------------------------------------------------------------------------------+--------------------+--------------------+
; Option                                                                          ; Setting            ; Default Value      ;
+---------------------------------------------------------------------------------+--------------------+--------------------+
; Device                                                                          ; 5CGXFC7C7F23C8     ;                    ;
; Top-level entity name                                                           ; dsa_system_wrapper ; ModoSecuencial     ;
; Family name                                                                     ; Cyclone V          ; Cyclone V          ;
; Use smart compilation                                                           ; Off                ; Off                ;
; Enable parallel Assembler and Timing Analyzer during compilation                ; On                 ; On                 ;
; Enable compact report table                                                     ; Off                ; Off                ;
; Restructure Multiplexers                                                        ; Auto               ; Auto               ;
; MLAB Add Timing Constraints For Mixed-Port Feed-Through Mode Setting Don't Care ; Off                ; Off                ;
; Create Debugging Nodes for IP Cores                                             ; Off                ; Off                ;
; Preserve fewer node names                                                       ; On                 ; On                 ;
; Intel FPGA IP Evaluation Mode                                                   ; Enable             ; Enable             ;
; Verilog Version                                                                 ; Verilog_2001       ; Verilog_2001       ;
; VHDL Version                                                                    ; VHDL_1993          ; VHDL_1993          ;
; State Machine Processing                                                        ; Auto               ; Auto               ;
; Safe State Machine                                                              ; Off                ; Off                ;
; Extract Verilog State Machines                                                  ; On                 ; On                 ;
; Extract VHDL State Machines                                                     ; On                 ; On                 ;
; Ignore Verilog initial constructs                                               ; Off                ; Off                ;
; Iteration limit for constant Verilog loops                                      ; 5000               ; 5000               ;
; Iteration limit for non-constant Verilog loops                                  ; 250                ; 250                ;
; Add Pass-Through Logic to Inferred RAMs                                         ; On                 ; On                 ;
; Infer RAMs from Raw Logic                                                       ; On                 ; On                 ;
; Parallel Synthesis                                                              ; On                 ; On                 ;
; DSP Block Balancing                                                             ; Auto               ; Auto               ;
; NOT Gate Push-Back                                                              ; On                 ; On                 ;
; Power-Up Don't Care                                                             ; On                 ; On                 ;
; Remove Redundant Logic Cells                                                    ; Off                ; Off                ;
; Remove Duplicate Registers                                                      ; On                 ; On                 ;
; Ignore CARRY Buffers                                                            ; Off                ; Off                ;
; Ignore CASCADE Buffers                                                          ; Off                ; Off                ;
; Ignore GLOBAL Buffers                                                           ; Off                ; Off                ;
; Ignore ROW GLOBAL Buffers                                                       ; Off                ; Off                ;
; Ignore LCELL Buffers                                                            ; Off                ; Off                ;
; Ignore SOFT Buffers                                                             ; On                 ; On                 ;
; Limit AHDL Integers to 32 Bits                                                  ; Off                ; Off                ;
; Optimization Technique                                                          ; Balanced           ; Balanced           ;
; Carry Chain Length                                                              ; 70                 ; 70                 ;
; Auto Carry Chains                                                               ; On                 ; On                 ;
; Auto Open-Drain Pins                                                            ; On                 ; On                 ;
; Perform WYSIWYG Primitive Resynthesis                                           ; Off                ; Off                ;
; Auto ROM Replacement                                                            ; On                 ; On                 ;
; Auto RAM Replacement                                                            ; On                 ; On                 ;
; Auto DSP Block Replacement                                                      ; On                 ; On                 ;
; Auto Shift Register Replacement                                                 ; Auto               ; Auto               ;
; Allow Shift Register Merging across Hierarchies                                 ; Auto               ; Auto               ;
; Auto Clock Enable Replacement                                                   ; On                 ; On                 ;
; Strict RAM Replacement                                                          ; Off                ; Off                ;
; Allow Synchronous Control Signals                                               ; On                 ; On                 ;
; Force Use of Synchronous Clear Signals                                          ; Off                ; Off                ;
; Auto Resource Sharing                                                           ; Off                ; Off                ;
; Allow Any RAM Size For Recognition                                              ; Off                ; Off                ;
; Allow Any ROM Size For Recognition                                              ; Off                ; Off                ;
; Allow Any Shift Register Size For Recognition                                   ; Off                ; Off                ;
; Use LogicLock Constraints during Resource Balancing                             ; On                 ; On                 ;
; Ignore translate_off and synthesis_off directives                               ; Off                ; Off                ;
; Timing-Driven Synthesis                                                         ; On                 ; On                 ;
; Report Parameter Settings                                                       ; On                 ; On                 ;
; Report Source Assignments                                                       ; On                 ; On                 ;
; Report Connectivity Checks                                                      ; On                 ; On                 ;
; Ignore Maximum Fan-Out Assignments                                              ; Off                ; Off                ;
; Synchronization Register Chain Length                                           ; 3                  ; 3                  ;
; Power Optimization During Synthesis                                             ; Normal compilation ; Normal compilation ;
; HDL message level                                                               ; Level2             ; Level2             ;
; Suppress Register Optimization Related Messages                                 ; Off                ; Off                ;
; Number of Removed Registers Reported in Synthesis Report                        ; 5000               ; 5000               ;
; Number of Swept Nodes Reported in Synthesis Report                              ; 5000               ; 5000               ;
; Number of Inverted Registers Reported in Synthesis Report                       ; 100                ; 100                ;
; Clock MUX Protection                                                            ; On                 ; On                 ;
; Auto Gated Clock Conversion                                                     ; Off                ; Off                ;
; Block Design Naming                                                             ; Auto               ; Auto               ;
; SDC constraint protection                                                       ; Off                ; Off                ;
; Synthesis Effort                                                                ; Auto               ; Auto               ;
; Shift Register Replacement - Allow Asynchronous Clear Signal                    ; On                 ; On                 ;
; Pre-Mapping Resynthesis Optimization                                            ; Off                ; Off                ;
; Analysis & Synthesis Message Level                                              ; Medium             ; Medium             ;
; Disable Register Merging Across Hierarchies                                     ; Auto               ; Auto               ;
; Resource Aware Inference For Block RAM                                          ; On                 ; On                 ;
; Automatic Parallel Synthesis                                                    ; On                 ; On                 ;
; Partial Reconfiguration Bitstream ID                                            ; Off                ; Off                ;
+---------------------------------------------------------------------------------+--------------------+--------------------+


+------------------------------------------------------------------------------------------------+
; Port Connectivity Checks: "dsa_system:u_dsa_system|altera_reset_controller:rst_controller_001" ;
+----------------+--------+----------+-----------------------------------------------------------+
; Port           ; Type   ; Severity ; Details                                                   ;
+----------------+--------+----------+-----------------------------------------------------------+
; reset_req      ; Output ; Info     ; Explicitly unconnected                                    ;
; reset_req_in0  ; Input  ; Info     ; Stuck at GND                                              ;
; reset_in1      ; Input  ; Info     ; Stuck at GND                                              ;
; reset_req_in1  ; Input  ; Info     ; Stuck at GND                                              ;
; reset_in2      ; Input  ; Info     ; Stuck at GND                                              ;
; reset_req_in2  ; Input  ; Info     ; Stuck at GND                                              ;
; reset_in3      ; Input  ; Info     ; Stuck at GND                                              ;
; reset_req_in3  ; Input  ; Info     ; Stuck at GND                                              ;
; reset_in4      ; Input  ; Info     ; Stuck at GND                                              ;
; reset_req_in4  ; Input  ; Info     ; Stuck at GND                                              ;
; reset_in5      ; Input  ; Info     ; Stuck at GND                                              ;
; reset_req_in5  ; Input  ; Info     ; Stuck at GND                                              ;
; reset_in6      ; Input  ; Info     ; Stuck at GND                                              ;
; reset_req_in6  ; Input  ; Info     ; Stuck at GND                                              ;
; reset_in7      ; Input  ; Info     ; Stuck at GND                                              ;
; reset_req_in7  ; Input  ; Info     ; Stuck at GND                                              ;
; reset_in8      ; Input  ; Info     ; Stuck at GND                                              ;
; reset_req_in8  ; Input  ; Info     ; Stuck at GND                                              ;
; reset_in9      ; Input  ; Info     ; Stuck at GND                                              ;
; reset_req_in9  ; Input  ; Info     ; Stuck at GND                                              ;
; reset_in10     ; Input  ; Info     ; Stuck at GND                                              ;
; reset_req_in10 ; Input  ; Info     ; Stuck at GND                                              ;
; reset_in11     ; Input  ; Info     ; Stuck at GND                                              ;
; reset_req_in11 ; Input  ; Info     ; Stuck at GND                                              ;
; reset_in12     ; Input  ; Info     ; Stuck at GND                                              ;
; reset_req_in12 ; Input  ; Info     ; Stuck at GND                                              ;
; reset_in13     ; Input  ; Info     ; Stuck at GND                                              ;
; reset_req_in13 ; Input  ; Info     ; Stuck at GND                                              ;
; reset_in14     ; Input  ; Info     ; Stuck at GND                                              ;
; reset_req_in14 ; Input  ; Info     ; Stuck at GND                                              ;
; reset_in15     ; Input  ; Info     ; Stuck at GND                                              ;
; reset_req_in15 ; Input  ; Info     ; Stuck at GND                                              ;
+----------------+--------+----------+-----------------------------------------------------------+


+-------------------------------------------------------------------------------------------------------------------------------------------+
; Port Connectivity Checks: "dsa_system:u_dsa_system|altera_reset_controller:rst_controller|altera_reset_synchronizer:alt_rst_req_sync_uq1" ;
+----------+-------+----------+-------------------------------------------------------------------------------------------------------------+
; Port     ; Type  ; Severity ; Details                                                                                                     ;
+----------+-------+----------+-------------------------------------------------------------------------------------------------------------+
; reset_in ; Input ; Info     ; Stuck at GND                                                                                                ;
+----------+-------+----------+-------------------------------------------------------------------------------------------------------------+


+--------------------------------------------------------------------------------------------+
; Port Connectivity Checks: "dsa_system:u_dsa_system|altera_reset_controller:rst_controller" ;
+----------------+-------+----------+--------------------------------------------------------+
; Port           ; Type  ; Severity ; Details                                                ;
+----------------+-------+----------+--------------------------------------------------------+
; reset_req_in0  ; Input ; Info     ; Stuck at GND                                           ;
; reset_in1      ; Input ; Info     ; Stuck at GND                                           ;
; reset_req_in1  ; Input ; Info     ; Stuck at GND                                           ;
; reset_in2      ; Input ; Info     ; Stuck at GND                                           ;
; reset_req_in2  ; Input ; Info     ; Stuck at GND                                           ;
; reset_in3      ; Input ; Info     ; Stuck at GND                                           ;
; reset_req_in3  ; Input ; Info     ; Stuck at GND                                           ;
; reset_in4      ; Input ; Info     ; Stuck at GND                                           ;
; reset_req_in4  ; Input ; Info     ; Stuck at GND                                           ;
; reset_in5      ; Input ; Info     ; Stuck at GND                                           ;
; reset_req_in5  ; Input ; Info     ; Stuck at GND                                           ;
; reset_in6      ; Input ; Info     ; Stuck at GND                                           ;
; reset_req_in6  ; Input ; Info     ; Stuck at GND                                           ;
; reset_in7      ; Input ; Info     ; Stuck at GND                                           ;
; reset_req_in7  ; Input ; Info     ; Stuck at GND                                           ;
; reset_in8      ; Input ; Info     ; Stuck at GND                                           ;
; reset_req_in8  ; Input ; Info     ; Stuck at GND                                           ;
; reset_in9      ; Input ; Info     ; Stuck at GND                                           ;
; reset_req_in9  ; Input ; Info     ; Stuck at GND                                           ;
; reset_in10     ; Input ; Info     ; Stuck at GND                                           ;
; reset_req_in10 ; Input ; Info     ; Stuck at GND                                           ;
; reset_in11     ; Input ; Info     ; Stuck at GND                                           ;
; reset_req_in11 ; Input ; Info     ; Stuck at GND                                           ;
; reset_in12     ; Input ; Info     ; Stuck at GND                                           ;
; reset_req_in12 ; Input ; Info     ; Stuck at GND                                           ;
; reset_in13     ; Input ; Info     ; Stuck at GND                                           ;
; reset_req_in13 ; Input ; Info     ; Stuck at GND                                           ;
; reset_in14     ; Input ; Info     ; Stuck at GND                                           ;
; reset_req_in14 ; Input ; Info     ; Stuck at GND                                           ;
; reset_in15     ; Input ; Info     ; Stuck at GND                                           ;
; reset_req_in15 ; Input ; Info     ; Stuck at GND                                           ;
+----------------+-------+----------+--------------------------------------------------------+


+------------------------------------------------------------------------------------------------------------------------------------------------------------------------------------------------------------+
; Port Connectivity Checks: "dsa_system:u_dsa_system|dsa_system_mm_interconnect_0:mm_interconnect_0|dsa_system_mm_interconnect_0_rsp_mux:rsp_mux|altera_merlin_arbitrator:arb|altera_merlin_arb_adder:adder" ;
+---------+--------+----------+------------------------------------------------------------------------------------------------------------------------------------------------------------------------------+
; Port    ; Type   ; Severity ; Details                                                                                                                                                                      ;
+---------+--------+----------+------------------------------------------------------------------------------------------------------------------------------------------------------------------------------+
; b[5..1] ; Input  ; Info     ; Stuck at GND                                                                                                                                                                 ;
; b[0]    ; Input  ; Info     ; Stuck at VCC                                                                                                                                                                 ;
; sum     ; Output ; Info     ; Connected to dangling logic. Logic that only feeds a dangling port will be removed.                                                                                          ;
+---------+--------+----------+------------------------------------------------------------------------------------------------------------------------------------------------------------------------------+


+---------------------------------------------------------------------------------------------------------------------------------------------------------------------------------------------------------------------------------+
; Port Connectivity Checks: "dsa_system:u_dsa_system|dsa_system_mm_interconnect_0:mm_interconnect_0|dsa_system_mm_interconnect_0_router_001:router_001|dsa_system_mm_interconnect_0_router_001_default_decode:the_default_decode" ;
+------------------------+--------+----------+------------------------------------------------------------------------------------------------------------------------------------------------------------------------------------+
; Port                   ; Type   ; Severity ; Details                                                                                                                                                                            ;
+------------------------+--------+----------+------------------------------------------------------------------------------------------------------------------------------------------------------------------------------------+
; default_destination_id ; Output ; Info     ; Explicitly unconnected                                                                                                                                                             ;
; default_wr_channel     ; Output ; Info     ; Explicitly unconnected                                                                                                                                                             ;
; default_rd_channel     ; Output ; Info     ; Explicitly unconnected                                                                                                                                                             ;
+------------------------+--------+----------+------------------------------------------------------------------------------------------------------------------------------------------------------------------------------------+


+---------------------------------------------------------------------------------------------------------------------------------------------------------------------------------------------------------------------+
; Port Connectivity Checks: "dsa_system:u_dsa_system|dsa_system_mm_interconnect_0:mm_interconnect_0|dsa_system_mm_interconnect_0_router:router|dsa_system_mm_interconnect_0_router_default_decode:the_default_decode" ;
+--------------------+--------+----------+----------------------------------------------------------------------------------------------------------------------------------------------------------------------------+
; Port               ; Type   ; Severity ; Details                                                                                                                                                                    ;
+--------------------+--------+----------+----------------------------------------------------------------------------------------------------------------------------------------------------------------------------+
; default_wr_channel ; Output ; Info     ; Explicitly unconnected                                                                                                                                                     ;
; default_rd_channel ; Output ; Info     ; Explicitly unconnected                                                                                                                                                     ;
+--------------------+--------+----------+----------------------------------------------------------------------------------------------------------------------------------------------------------------------------+


+-----------------------------------------------------------------------------------------------------------------------------------------------------+
; Port Connectivity Checks: "dsa_system:u_dsa_system|dsa_system_mm_interconnect_0:mm_interconnect_0|altera_avalon_sc_fifo:pio_leds_s1_agent_rsp_fifo" ;
+-------------------+--------+----------+-------------------------------------------------------------------------------------------------------------+
; Port              ; Type   ; Severity ; Details                                                                                                     ;
+-------------------+--------+----------+-------------------------------------------------------------------------------------------------------------+
; csr_address       ; Input  ; Info     ; Stuck at GND                                                                                                ;
; csr_read          ; Input  ; Info     ; Stuck at GND                                                                                                ;
; csr_write         ; Input  ; Info     ; Stuck at GND                                                                                                ;
; csr_readdata      ; Output ; Info     ; Explicitly unconnected                                                                                      ;
; csr_writedata     ; Input  ; Info     ; Stuck at GND                                                                                                ;
; almost_full_data  ; Output ; Info     ; Explicitly unconnected                                                                                      ;
; almost_empty_data ; Output ; Info     ; Explicitly unconnected                                                                                      ;
; in_empty          ; Input  ; Info     ; Stuck at GND                                                                                                ;
; out_empty         ; Output ; Info     ; Explicitly unconnected                                                                                      ;
; in_error          ; Input  ; Info     ; Stuck at GND                                                                                                ;
; out_error         ; Output ; Info     ; Explicitly unconnected                                                                                      ;
; in_channel        ; Input  ; Info     ; Stuck at GND                                                                                                ;
; out_channel       ; Output ; Info     ; Explicitly unconnected                                                                                      ;
+-------------------+--------+----------+-------------------------------------------------------------------------------------------------------------+


+------------------------------------------------------------------------------------------------------------------------------------------------+
; Port Connectivity Checks: "dsa_system:u_dsa_system|dsa_system_mm_interconnect_0:mm_interconnect_0|altera_merlin_slave_agent:pio_leds_s1_agent" ;
+-----------------------+-------+----------+-----------------------------------------------------------------------------------------------------+
; Port                  ; Type  ; Severity ; Details                                                                                             ;
+-----------------------+-------+----------+-----------------------------------------------------------------------------------------------------+
; m0_response           ; Input ; Info     ; Stuck at GND                                                                                        ;
; m0_writeresponsevalid ; Input ; Info     ; Stuck at GND                                                                                        ;
+-----------------------+-------+----------+-----------------------------------------------------------------------------------------------------+


+----------------------------------------------------------------------------------------------------------------------------------------------------------+
; Port Connectivity Checks: "dsa_system:u_dsa_system|dsa_system_mm_interconnect_0:mm_interconnect_0|altera_avalon_sc_fifo:output_memory_s1_agent_rsp_fifo" ;
+-------------------+--------+----------+------------------------------------------------------------------------------------------------------------------+
; Port              ; Type   ; Severity ; Details                                                                                                          ;
+-------------------+--------+----------+------------------------------------------------------------------------------------------------------------------+
; csr_address       ; Input  ; Info     ; Stuck at GND                                                                                                     ;
; csr_read          ; Input  ; Info     ; Stuck at GND                                                                                                     ;
; csr_write         ; Input  ; Info     ; Stuck at GND                                                                                                     ;
; csr_readdata      ; Output ; Info     ; Explicitly unconnected                                                                                           ;
; csr_writedata     ; Input  ; Info     ; Stuck at GND                                                                                                     ;
; almost_full_data  ; Output ; Info     ; Explicitly unconnected                                                                                           ;
; almost_empty_data ; Output ; Info     ; Explicitly unconnected                                                                                           ;
; in_empty          ; Input  ; Info     ; Stuck at GND                                                                                                     ;
; out_empty         ; Output ; Info     ; Explicitly unconnected                                                                                           ;
; in_error          ; Input  ; Info     ; Stuck at GND                                                                                                     ;
; out_error         ; Output ; Info     ; Explicitly unconnected                                                                                           ;
; in_channel        ; Input  ; Info     ; Stuck at GND                                                                                                     ;
; out_channel       ; Output ; Info     ; Explicitly unconnected                                                                                           ;
+-------------------+--------+----------+------------------------------------------------------------------------------------------------------------------+


+-----------------------------------------------------------------------------------------------------------------------------------------------------+
; Port Connectivity Checks: "dsa_system:u_dsa_system|dsa_system_mm_interconnect_0:mm_interconnect_0|altera_merlin_slave_agent:output_memory_s1_agent" ;
+-----------------------+-------+----------+----------------------------------------------------------------------------------------------------------+
; Port                  ; Type  ; Severity ; Details                                                                                                  ;
+-----------------------+-------+----------+----------------------------------------------------------------------------------------------------------+
; m0_response           ; Input ; Info     ; Stuck at GND                                                                                             ;
; m0_writeresponsevalid ; Input ; Info     ; Stuck at GND                                                                                             ;
+-----------------------+-------+----------+----------------------------------------------------------------------------------------------------------+


+---------------------------------------------------------------------------------------------------------------------------------------------------------+
; Port Connectivity Checks: "dsa_system:u_dsa_system|dsa_system_mm_interconnect_0:mm_interconnect_0|altera_avalon_sc_fifo:input_memory_s1_agent_rsp_fifo" ;
+-------------------+--------+----------+-----------------------------------------------------------------------------------------------------------------+
; Port              ; Type   ; Severity ; Details                                                                                                         ;
+-------------------+--------+----------+-----------------------------------------------------------------------------------------------------------------+
; csr_address       ; Input  ; Info     ; Stuck at GND                                                                                                    ;
; csr_read          ; Input  ; Info     ; Stuck at GND                                                                                                    ;
; csr_write         ; Input  ; Info     ; Stuck at GND                                                                                                    ;
; csr_readdata      ; Output ; Info     ; Explicitly unconnected                                                                                          ;
; csr_writedata     ; Input  ; Info     ; Stuck at GND                                                                                                    ;
; almost_full_data  ; Output ; Info     ; Explicitly unconnected                                                                                          ;
; almost_empty_data ; Output ; Info     ; Explicitly unconnected                                                                                          ;
; in_empty          ; Input  ; Info     ; Stuck at GND                                                                                                    ;
; out_empty         ; Output ; Info     ; Explicitly unconnected                                                                                          ;
; in_error          ; Input  ; Info     ; Stuck at GND                                                                                                    ;
; out_error         ; Output ; Info     ; Explicitly unconnected                                                                                          ;
; in_channel        ; Input  ; Info     ; Stuck at GND                                                                                                    ;
; out_channel       ; Output ; Info     ; Explicitly unconnected                                                                                          ;
+-------------------+--------+----------+-----------------------------------------------------------------------------------------------------------------+


+----------------------------------------------------------------------------------------------------------------------------------------------------+
; Port Connectivity Checks: "dsa_system:u_dsa_system|dsa_system_mm_interconnect_0:mm_interconnect_0|altera_merlin_slave_agent:input_memory_s1_agent" ;
+-----------------------+-------+----------+---------------------------------------------------------------------------------------------------------+
; Port                  ; Type  ; Severity ; Details                                                                                                 ;
+-----------------------+-------+----------+---------------------------------------------------------------------------------------------------------+
; m0_response           ; Input ; Info     ; Stuck at GND                                                                                            ;
; m0_writeresponsevalid ; Input ; Info     ; Stuck at GND                                                                                            ;
+-----------------------+-------+----------+---------------------------------------------------------------------------------------------------------+


+--------------------------------------------------------------------------------------------------------------------------------------------------------+
; Port Connectivity Checks: "dsa_system:u_dsa_system|dsa_system_mm_interconnect_0:mm_interconnect_0|altera_merlin_master_agent:jtag_master_master_agent" ;
+-----------------------+--------+----------+------------------------------------------------------------------------------------------------------------+
; Port                  ; Type   ; Severity ; Details                                                                                                    ;
+-----------------------+--------+----------+------------------------------------------------------------------------------------------------------------+
; av_response           ; Output ; Info     ; Explicitly unconnected                                                                                     ;
; av_writeresponsevalid ; Output ; Info     ; Explicitly unconnected                                                                                     ;
+-----------------------+--------+----------+------------------------------------------------------------------------------------------------------------+


+----------------------------------------------------------------------------------------------------------------------------------------------------------+
; Port Connectivity Checks: "dsa_system:u_dsa_system|dsa_system_mm_interconnect_0:mm_interconnect_0|altera_merlin_slave_translator:pio_leds_s1_translator" ;
+------------------------+--------+----------+-------------------------------------------------------------------------------------------------------------+
; Port                   ; Type   ; Severity ; Details                                                                                                     ;
+------------------------+--------+----------+-------------------------------------------------------------------------------------------------------------+
; av_read                ; Output ; Info     ; Explicitly unconnected                                                                                      ;
; av_begintransfer       ; Output ; Info     ; Explicitly unconnected                                                                                      ;
; av_beginbursttransfer  ; Output ; Info     ; Explicitly unconnected                                                                                      ;
; av_burstcount          ; Output ; Info     ; Explicitly unconnected                                                                                      ;
; av_byteenable          ; Output ; Info     ; Explicitly unconnected                                                                                      ;
; av_readdatavalid       ; Input  ; Info     ; Stuck at GND                                                                                                ;
; av_waitrequest         ; Input  ; Info     ; Stuck at GND                                                                                                ;
; av_writebyteenable     ; Output ; Info     ; Explicitly unconnected                                                                                      ;
; av_lock                ; Output ; Info     ; Explicitly unconnected                                                                                      ;
; av_clken               ; Output ; Info     ; Explicitly unconnected                                                                                      ;
; uav_clken              ; Input  ; Info     ; Stuck at GND                                                                                                ;
; av_debugaccess         ; Output ; Info     ; Explicitly unconnected                                                                                      ;
; av_outputenable        ; Output ; Info     ; Explicitly unconnected                                                                                      ;
; uav_response           ; Output ; Info     ; Explicitly unconnected                                                                                      ;
; av_response            ; Input  ; Info     ; Stuck at GND                                                                                                ;
; uav_writeresponsevalid ; Output ; Info     ; Explicitly unconnected                                                                                      ;
; av_writeresponsevalid  ; Input  ; Info     ; Stuck at GND                                                                                                ;
+------------------------+--------+----------+-------------------------------------------------------------------------------------------------------------+


+---------------------------------------------------------------------------------------------------------------------------------------------------------------+
; Port Connectivity Checks: "dsa_system:u_dsa_system|dsa_system_mm_interconnect_0:mm_interconnect_0|altera_merlin_slave_translator:output_memory_s1_translator" ;
+------------------------+--------+----------+------------------------------------------------------------------------------------------------------------------+
; Port                   ; Type   ; Severity ; Details                                                                                                          ;
+------------------------+--------+----------+------------------------------------------------------------------------------------------------------------------+
; av_read                ; Output ; Info     ; Explicitly unconnected                                                                                           ;
; av_begintransfer       ; Output ; Info     ; Explicitly unconnected                                                                                           ;
; av_beginbursttransfer  ; Output ; Info     ; Explicitly unconnected                                                                                           ;
; av_burstcount          ; Output ; Info     ; Explicitly unconnected                                                                                           ;
; av_readdatavalid       ; Input  ; Info     ; Stuck at GND                                                                                                     ;
; av_waitrequest         ; Input  ; Info     ; Stuck at GND                                                                                                     ;
; av_writebyteenable     ; Output ; Info     ; Explicitly unconnected                                                                                           ;
; av_lock                ; Output ; Info     ; Explicitly unconnected                                                                                           ;
; uav_clken              ; Input  ; Info     ; Stuck at GND                                                                                                     ;
; av_debugaccess         ; Output ; Info     ; Explicitly unconnected                                                                                           ;
; av_outputenable        ; Output ; Info     ; Explicitly unconnected                                                                                           ;
; uav_response           ; Output ; Info     ; Explicitly unconnected                                                                                           ;
; av_response            ; Input  ; Info     ; Stuck at GND                                                                                                     ;
; uav_writeresponsevalid ; Output ; Info     ; Explicitly unconnected                                                                                           ;
; av_writeresponsevalid  ; Input  ; Info     ; Stuck at GND                                                                                                     ;
+------------------------+--------+----------+------------------------------------------------------------------------------------------------------------------+


+--------------------------------------------------------------------------------------------------------------------------------------------------------------+
; Port Connectivity Checks: "dsa_system:u_dsa_system|dsa_system_mm_interconnect_0:mm_interconnect_0|altera_merlin_slave_translator:input_memory_s1_translator" ;
+------------------------+--------+----------+-----------------------------------------------------------------------------------------------------------------+
; Port                   ; Type   ; Severity ; Details                                                                                                         ;
+------------------------+--------+----------+-----------------------------------------------------------------------------------------------------------------+
; av_read                ; Output ; Info     ; Explicitly unconnected                                                                                          ;
; av_begintransfer       ; Output ; Info     ; Explicitly unconnected                                                                                          ;
; av_beginbursttransfer  ; Output ; Info     ; Explicitly unconnected                                                                                          ;
; av_burstcount          ; Output ; Info     ; Explicitly unconnected                                                                                          ;
; av_readdatavalid       ; Input  ; Info     ; Stuck at GND                                                                                                    ;
; av_waitrequest         ; Input  ; Info     ; Stuck at GND                                                                                                    ;
; av_writebyteenable     ; Output ; Info     ; Explicitly unconnected                                                                                          ;
; av_lock                ; Output ; Info     ; Explicitly unconnected                                                                                          ;
; uav_clken              ; Input  ; Info     ; Stuck at GND                                                                                                    ;
; av_debugaccess         ; Output ; Info     ; Explicitly unconnected                                                                                          ;
; av_outputenable        ; Output ; Info     ; Explicitly unconnected                                                                                          ;
; uav_response           ; Output ; Info     ; Explicitly unconnected                                                                                          ;
; av_response            ; Input  ; Info     ; Stuck at GND                                                                                                    ;
; uav_writeresponsevalid ; Output ; Info     ; Explicitly unconnected                                                                                          ;
; av_writeresponsevalid  ; Input  ; Info     ; Stuck at GND                                                                                                    ;
+------------------------+--------+----------+-----------------------------------------------------------------------------------------------------------------+


+------------------------------------------------------------------------------------------------------------------------------------------------------------------+
; Port Connectivity Checks: "dsa_system:u_dsa_system|dsa_system_mm_interconnect_0:mm_interconnect_0|altera_merlin_master_translator:jtag_master_master_translator" ;
+------------------------+--------+----------+---------------------------------------------------------------------------------------------------------------------+
; Port                   ; Type   ; Severity ; Details                                                                                                             ;
+------------------------+--------+----------+---------------------------------------------------------------------------------------------------------------------+
; av_burstcount          ; Input  ; Info     ; Stuck at VCC                                                                                                        ;
; av_beginbursttransfer  ; Input  ; Info     ; Stuck at GND                                                                                                        ;
; av_begintransfer       ; Input  ; Info     ; Stuck at GND                                                                                                        ;
; av_chipselect          ; Input  ; Info     ; Stuck at GND                                                                                                        ;
; av_lock                ; Input  ; Info     ; Stuck at GND                                                                                                        ;
; av_debugaccess         ; Input  ; Info     ; Stuck at GND                                                                                                        ;
; uav_clken              ; Output ; Info     ; Explicitly unconnected                                                                                              ;
; av_clken               ; Input  ; Info     ; Stuck at VCC                                                                                                        ;
; uav_response           ; Input  ; Info     ; Stuck at GND                                                                                                        ;
; av_response            ; Output ; Info     ; Explicitly unconnected                                                                                              ;
; uav_writeresponsevalid ; Input  ; Info     ; Stuck at GND                                                                                                        ;
; av_writeresponsevalid  ; Output ; Info     ; Explicitly unconnected                                                                                              ;
+------------------------+--------+----------+---------------------------------------------------------------------------------------------------------------------+


+--------------------------------------------------------------------------------------------+
; Port Connectivity Checks: "dsa_system:u_dsa_system|dsa_system_output_memory:output_memory" ;
+--------+-------+----------+----------------------------------------------------------------+
; Port   ; Type  ; Severity ; Details                                                        ;
+--------+-------+----------+----------------------------------------------------------------+
; freeze ; Input ; Info     ; Stuck at GND                                                   ;
+--------+-------+----------+----------------------------------------------------------------+


+------------------------------------------------------------------------------------------+
; Port Connectivity Checks: "dsa_system:u_dsa_system|dsa_system_input_memory:input_memory" ;
+--------+-------+----------+--------------------------------------------------------------+
; Port   ; Type  ; Severity ; Details                                                      ;
+--------+-------+----------+--------------------------------------------------------------+
; freeze ; Input ; Info     ; Stuck at GND                                                 ;
+--------+-------+----------+--------------------------------------------------------------+


+------------------------------------------------------------------------------------------------------------------------------------------------------------------------------+
; Port Connectivity Checks: "dsa_system:u_dsa_system|dsa_system_Jtag_master:jtag_master|altera_reset_controller:rst_controller|altera_reset_synchronizer:alt_rst_req_sync_uq1" ;
+----------+-------+----------+------------------------------------------------------------------------------------------------------------------------------------------------+
; Port     ; Type  ; Severity ; Details                                                                                                                                        ;
+----------+-------+----------+------------------------------------------------------------------------------------------------------------------------------------------------+
; reset_in ; Input ; Info     ; Stuck at GND                                                                                                                                   ;
+----------+-------+----------+------------------------------------------------------------------------------------------------------------------------------------------------+


+-------------------------------------------------------------------------------------------------------------------------------+
; Port Connectivity Checks: "dsa_system:u_dsa_system|dsa_system_Jtag_master:jtag_master|altera_reset_controller:rst_controller" ;
+----------------+--------+----------+------------------------------------------------------------------------------------------+
; Port           ; Type   ; Severity ; Details                                                                                  ;
+----------------+--------+----------+------------------------------------------------------------------------------------------+
; reset_req      ; Output ; Info     ; Explicitly unconnected                                                                   ;
; reset_req_in0  ; Input  ; Info     ; Stuck at GND                                                                             ;
; reset_in1      ; Input  ; Info     ; Stuck at GND                                                                             ;
; reset_req_in1  ; Input  ; Info     ; Stuck at GND                                                                             ;
; reset_in2      ; Input  ; Info     ; Stuck at GND                                                                             ;
; reset_req_in2  ; Input  ; Info     ; Stuck at GND                                                                             ;
; reset_in3      ; Input  ; Info     ; Stuck at GND                                                                             ;
; reset_req_in3  ; Input  ; Info     ; Stuck at GND                                                                             ;
; reset_in4      ; Input  ; Info     ; Stuck at GND                                                                             ;
; reset_req_in4  ; Input  ; Info     ; Stuck at GND                                                                             ;
; reset_in5      ; Input  ; Info     ; Stuck at GND                                                                             ;
; reset_req_in5  ; Input  ; Info     ; Stuck at GND                                                                             ;
; reset_in6      ; Input  ; Info     ; Stuck at GND                                                                             ;
; reset_req_in6  ; Input  ; Info     ; Stuck at GND                                                                             ;
; reset_in7      ; Input  ; Info     ; Stuck at GND                                                                             ;
; reset_req_in7  ; Input  ; Info     ; Stuck at GND                                                                             ;
; reset_in8      ; Input  ; Info     ; Stuck at GND                                                                             ;
; reset_req_in8  ; Input  ; Info     ; Stuck at GND                                                                             ;
; reset_in9      ; Input  ; Info     ; Stuck at GND                                                                             ;
; reset_req_in9  ; Input  ; Info     ; Stuck at GND                                                                             ;
; reset_in10     ; Input  ; Info     ; Stuck at GND                                                                             ;
; reset_req_in10 ; Input  ; Info     ; Stuck at GND                                                                             ;
; reset_in11     ; Input  ; Info     ; Stuck at GND                                                                             ;
; reset_req_in11 ; Input  ; Info     ; Stuck at GND                                                                             ;
; reset_in12     ; Input  ; Info     ; Stuck at GND                                                                             ;
; reset_req_in12 ; Input  ; Info     ; Stuck at GND                                                                             ;
; reset_in13     ; Input  ; Info     ; Stuck at GND                                                                             ;
; reset_req_in13 ; Input  ; Info     ; Stuck at GND                                                                             ;
; reset_in14     ; Input  ; Info     ; Stuck at GND                                                                             ;
; reset_req_in14 ; Input  ; Info     ; Stuck at GND                                                                             ;
; reset_in15     ; Input  ; Info     ; Stuck at GND                                                                             ;
; reset_req_in15 ; Input  ; Info     ; Stuck at GND                                                                             ;
+----------------+--------+----------+------------------------------------------------------------------------------------------+


+-------------------------------------------------------------------------------------------------------------------+
; Port Connectivity Checks: "dsa_system:u_dsa_system|dsa_system_Jtag_master:jtag_master|altera_avalon_sc_fifo:fifo" ;
+-------------------+--------+----------+---------------------------------------------------------------------------+
; Port              ; Type   ; Severity ; Details                                                                   ;
+-------------------+--------+----------+---------------------------------------------------------------------------+
; csr_address       ; Input  ; Info     ; Stuck at GND                                                              ;
; csr_read          ; Input  ; Info     ; Stuck at GND                                                              ;
; csr_write         ; Input  ; Info     ; Stuck at GND                                                              ;
; csr_readdata      ; Output ; Info     ; Explicitly unconnected                                                    ;
; csr_writedata     ; Input  ; Info     ; Stuck at GND                                                              ;
; almost_full_data  ; Output ; Info     ; Explicitly unconnected                                                    ;
; almost_empty_data ; Output ; Info     ; Explicitly unconnected                                                    ;
; in_startofpacket  ; Input  ; Info     ; Stuck at GND                                                              ;
; in_endofpacket    ; Input  ; Info     ; Stuck at GND                                                              ;
; out_startofpacket ; Output ; Info     ; Explicitly unconnected                                                    ;
; out_endofpacket   ; Output ; Info     ; Explicitly unconnected                                                    ;
; in_empty          ; Input  ; Info     ; Stuck at GND                                                              ;
; out_empty         ; Output ; Info     ; Explicitly unconnected                                                    ;
; in_error          ; Input  ; Info     ; Stuck at GND                                                              ;
; out_error         ; Output ; Info     ; Explicitly unconnected                                                    ;
; in_channel        ; Input  ; Info     ; Stuck at GND                                                              ;
; out_channel       ; Output ; Info     ; Explicitly unconnected                                                    ;
+-------------------+--------+----------+---------------------------------------------------------------------------+


+---------------------------------------------------------------------------------------------------------------------------------------------------------------------------------------------------------------------------------------------------------------------------------------------+
; Port Connectivity Checks: "dsa_system:u_dsa_system|dsa_system_Jtag_master:jtag_master|altera_avalon_st_jtag_interface:jtag_phy_embedded_in_jtag_master|altera_jtag_dc_streaming:normal.jtag_dc_streaming|altera_jtag_src_crosser:source_crosser|altera_jtag_control_signal_crosser:crosser" ;
+----------------+-------+----------+---------------------------------------------------------------------------------------------------------------------------------------------------------------------------------------------------------------------------------------------------------+
; Port           ; Type  ; Severity ; Details                                                                                                                                                                                                                                                 ;
+----------------+-------+----------+---------------------------------------------------------------------------------------------------------------------------------------------------------------------------------------------------------------------------------------------------------+
; sense_pos_edge ; Input ; Info     ; Stuck at VCC                                                                                                                                                                                                                                            ;
+----------------+-------+----------+---------------------------------------------------------------------------------------------------------------------------------------------------------------------------------------------------------------------------------------------------------+


+---------------------------------------------------------------------------------------------------------------------------------------------------------------------------------------------------------------------------------------------------------------------------------------------+
; Port Connectivity Checks: "dsa_system:u_dsa_system|dsa_system_Jtag_master:jtag_master|altera_avalon_st_jtag_interface:jtag_phy_embedded_in_jtag_master|altera_jtag_dc_streaming:normal.jtag_dc_streaming|altera_jtag_streaming:jtag_streaming|altera_avalon_st_idle_inserter:idle_inserter" ;
+-----------+--------+----------+-------------------------------------------------------------------------------------------------------------------------------------------------------------------------------------------------------------------------------------------------------------+
; Port      ; Type   ; Severity ; Details                                                                                                                                                                                                                                                     ;
+-----------+--------+----------+-------------------------------------------------------------------------------------------------------------------------------------------------------------------------------------------------------------------------------------------------------------+
; out_valid ; Output ; Info     ; Explicitly unconnected                                                                                                                                                                                                                                      ;
+-----------+--------+----------+-------------------------------------------------------------------------------------------------------------------------------------------------------------------------------------------------------------------------------------------------------------+


+-------------------------------------------------------------------------------------------------------------------------------------------------------------------------------------------------------------------------------------------------------------------------------------------+
; Port Connectivity Checks: "dsa_system:u_dsa_system|dsa_system_Jtag_master:jtag_master|altera_avalon_st_jtag_interface:jtag_phy_embedded_in_jtag_master|altera_jtag_dc_streaming:normal.jtag_dc_streaming|altera_jtag_streaming:jtag_streaming|altera_avalon_st_idle_remover:idle_remover" ;
+-----------+--------+----------+-----------------------------------------------------------------------------------------------------------------------------------------------------------------------------------------------------------------------------------------------------------+
; Port      ; Type   ; Severity ; Details                                                                                                                                                                                                                                                   ;
+-----------+--------+----------+-----------------------------------------------------------------------------------------------------------------------------------------------------------------------------------------------------------------------------------------------------------+
; in_ready  ; Output ; Info     ; Explicitly unconnected                                                                                                                                                                                                                                    ;
; out_ready ; Input  ; Info     ; Stuck at VCC                                                                                                                                                                                                                                              ;
+-----------+--------+----------+-----------------------------------------------------------------------------------------------------------------------------------------------------------------------------------------------------------------------------------------------------------+


+---------------------------------------------------------------------------------------------------------------------------------------------------------------------------------------------------------------------------------------------------------------------------------------------------------+
; Port Connectivity Checks: "dsa_system:u_dsa_system|dsa_system_Jtag_master:jtag_master|altera_avalon_st_jtag_interface:jtag_phy_embedded_in_jtag_master|altera_jtag_dc_streaming:normal.jtag_dc_streaming|altera_jtag_streaming:jtag_streaming|altera_std_synchronizer:clock_sense_reset_n_synchronizer" ;
+------+-------+----------+-------------------------------------------------------------------------------------------------------------------------------------------------------------------------------------------------------------------------------------------------------------------------------+
; Port ; Type  ; Severity ; Details                                                                                                                                                                                                                                                                       ;
+------+-------+----------+-------------------------------------------------------------------------------------------------------------------------------------------------------------------------------------------------------------------------------------------------------------------------------+
; din  ; Input ; Info     ; Stuck at VCC                                                                                                                                                                                                                                                                  ;
+------+-------+----------+-------------------------------------------------------------------------------------------------------------------------------------------------------------------------------------------------------------------------------------------------------------------------------+


+----------------------------------------------------------------------------------------------------------------------------------------------------------------------------------------------------------------------------------------------------------------------------------------------------------+
; Port Connectivity Checks: "dsa_system:u_dsa_system|dsa_system_Jtag_master:jtag_master|altera_avalon_st_jtag_interface:jtag_phy_embedded_in_jtag_master|altera_jtag_dc_streaming:normal.jtag_dc_streaming|altera_jtag_streaming:jtag_streaming|altera_std_synchronizer:clock_to_sample_div2_synchronizer" ;
+---------+-------+----------+-----------------------------------------------------------------------------------------------------------------------------------------------------------------------------------------------------------------------------------------------------------------------------+
; Port    ; Type  ; Severity ; Details                                                                                                                                                                                                                                                                     ;
+---------+-------+----------+-----------------------------------------------------------------------------------------------------------------------------------------------------------------------------------------------------------------------------------------------------------------------------+
; reset_n ; Input ; Info     ; Stuck at VCC                                                                                                                                                                                                                                                                ;
+---------+-------+----------+-----------------------------------------------------------------------------------------------------------------------------------------------------------------------------------------------------------------------------------------------------------------------------+


+-----------------------------------------------------------------------------------------------------------------------------------------------------------------------------------------------------------------------------------------------------------------------------------------------------+
; Port Connectivity Checks: "dsa_system:u_dsa_system|dsa_system_Jtag_master:jtag_master|altera_avalon_st_jtag_interface:jtag_phy_embedded_in_jtag_master|altera_jtag_dc_streaming:normal.jtag_dc_streaming|altera_jtag_streaming:jtag_streaming|altera_std_synchronizer:reset_to_sample_synchronizer" ;
+---------+-------+----------+------------------------------------------------------------------------------------------------------------------------------------------------------------------------------------------------------------------------------------------------------------------------+
; Port    ; Type  ; Severity ; Details                                                                                                                                                                                                                                                                ;
+---------+-------+----------+------------------------------------------------------------------------------------------------------------------------------------------------------------------------------------------------------------------------------------------------------------------------+
; reset_n ; Input ; Info     ; Stuck at VCC                                                                                                                                                                                                                                                           ;
+---------+-------+----------+------------------------------------------------------------------------------------------------------------------------------------------------------------------------------------------------------------------------------------------------------------------------+


+--------------------------------------------------------------------------------------------------------------------------------------------------------------------------------------------------------------------------------------------------------------------------------------------------+
; Port Connectivity Checks: "dsa_system:u_dsa_system|dsa_system_Jtag_master:jtag_master|altera_avalon_st_jtag_interface:jtag_phy_embedded_in_jtag_master|altera_jtag_dc_streaming:normal.jtag_dc_streaming|altera_jtag_streaming:jtag_streaming|altera_std_synchronizer:clock_sensor_synchronizer" ;
+---------+-------+----------+---------------------------------------------------------------------------------------------------------------------------------------------------------------------------------------------------------------------------------------------------------------------+
; Port    ; Type  ; Severity ; Details                                                                                                                                                                                                                                                             ;
+---------+-------+----------+---------------------------------------------------------------------------------------------------------------------------------------------------------------------------------------------------------------------------------------------------------------------+
; reset_n ; Input ; Info     ; Stuck at VCC                                                                                                                                                                                                                                                        ;
+---------+-------+----------+---------------------------------------------------------------------------------------------------------------------------------------------------------------------------------------------------------------------------------------------------------------------+


+------------------------------------------------------------------------------------------------------------------------------------------------------------------------------------------------------------------------------------------------+
; Port Connectivity Checks: "dsa_system:u_dsa_system|dsa_system_Jtag_master:jtag_master|altera_avalon_st_jtag_interface:jtag_phy_embedded_in_jtag_master|altera_jtag_dc_streaming:normal.jtag_dc_streaming|altera_std_synchronizer:synchronizer" ;
+------+-------+----------+----------------------------------------------------------------------------------------------------------------------------------------------------------------------------------------------------------------------+
; Port ; Type  ; Severity ; Details                                                                                                                                                                                                              ;
+------+-------+----------+----------------------------------------------------------------------------------------------------------------------------------------------------------------------------------------------------------------------+
; din  ; Input ; Info     ; Stuck at VCC                                                                                                                                                                                                         ;
+------+-------+----------+----------------------------------------------------------------------------------------------------------------------------------------------------------------------------------------------------------------------+


+-------------------------------------------------------------------------------------------------------------------------------------------------------------------------------------------------------------------------------------+
; Port Connectivity Checks: "dsa_system:u_dsa_system|dsa_system_Jtag_master:jtag_master|altera_avalon_st_jtag_interface:jtag_phy_embedded_in_jtag_master|altera_jtag_sld_node:node|sld_virtual_jtag_basic:sld_virtual_jtag_component" ;
+-----------------+--------+----------+-----------------------------------------------------------------------------------------------------------------------------------------------------------------------------------------------+
; Port            ; Type   ; Severity ; Details                                                                                                                                                                                       ;
+-----------------+--------+----------+-----------------------------------------------------------------------------------------------------------------------------------------------------------------------------------------------+
; tms             ; Output ; Warning  ; Declared by entity but not connected by instance. Logic that only feeds a dangling port will be removed.                                                                                      ;
; jtag_state_tlr  ; Output ; Warning  ; Declared by entity but not connected by instance. Logic that only feeds a dangling port will be removed.                                                                                      ;
; jtag_state_rti  ; Output ; Warning  ; Declared by entity but not connected by instance. Logic that only feeds a dangling port will be removed.                                                                                      ;
; jtag_state_sdrs ; Output ; Warning  ; Declared by entity but not connected by instance. Logic that only feeds a dangling port will be removed.                                                                                      ;
; jtag_state_cdr  ; Output ; Warning  ; Declared by entity but not connected by instance. Logic that only feeds a dangling port will be removed.                                                                                      ;
; jtag_state_sdr  ; Output ; Warning  ; Declared by entity but not connected by instance. Logic that only feeds a dangling port will be removed.                                                                                      ;
; jtag_state_e1dr ; Output ; Warning  ; Declared by entity but not connected by instance. Logic that only feeds a dangling port will be removed.                                                                                      ;
; jtag_state_pdr  ; Output ; Warning  ; Declared by entity but not connected by instance. Logic that only feeds a dangling port will be removed.                                                                                      ;
; jtag_state_e2dr ; Output ; Warning  ; Declared by entity but not connected by instance. Logic that only feeds a dangling port will be removed.                                                                                      ;
; jtag_state_udr  ; Output ; Warning  ; Declared by entity but not connected by instance. Logic that only feeds a dangling port will be removed.                                                                                      ;
; jtag_state_sirs ; Output ; Warning  ; Declared by entity but not connected by instance. Logic that only feeds a dangling port will be removed.                                                                                      ;
; jtag_state_cir  ; Output ; Warning  ; Declared by entity but not connected by instance. Logic that only feeds a dangling port will be removed.                                                                                      ;
; jtag_state_sir  ; Output ; Warning  ; Declared by entity but not connected by instance. Logic that only feeds a dangling port will be removed.                                                                                      ;
; jtag_state_e1ir ; Output ; Warning  ; Declared by entity but not connected by instance. Logic that only feeds a dangling port will be removed.                                                                                      ;
; jtag_state_pir  ; Output ; Warning  ; Declared by entity but not connected by instance. Logic that only feeds a dangling port will be removed.                                                                                      ;
; jtag_state_e2ir ; Output ; Warning  ; Declared by entity but not connected by instance. Logic that only feeds a dangling port will be removed.                                                                                      ;
; jtag_state_uir  ; Output ; Warning  ; Declared by entity but not connected by instance. Logic that only feeds a dangling port will be removed.                                                                                      ;
+-----------------+--------+----------+-----------------------------------------------------------------------------------------------------------------------------------------------------------------------------------------------+


+-----------------------------------------------------------------------------------------------------------------------------------------------------------------------------------------+
; Port Connectivity Checks: "dsa_system:u_dsa_system|dsa_system_Jtag_master:jtag_master|altera_avalon_st_jtag_interface:jtag_phy_embedded_in_jtag_master|altera_jtag_sld_node:node"       ;
+--------------------+--------+----------+------------------------------------------------------------------------------------------------------------------------------------------------+
; Port               ; Type   ; Severity ; Details                                                                                                                                        ;
+--------------------+--------+----------+------------------------------------------------------------------------------------------------------------------------------------------------+
; ir_out             ; Input  ; Warning  ; Input port expression (1 bits) is smaller than the input port (3 bits) it drives.  Extra input bit(s) "ir_out[2..1]" will be connected to GND. ;
; ir_out             ; Input  ; Info     ; Stuck at GND                                                                                                                                   ;
; virtual_state_cir  ; Output ; Info     ; Explicitly unconnected                                                                                                                         ;
; virtual_state_e1dr ; Output ; Info     ; Explicitly unconnected                                                                                                                         ;
; virtual_state_e2dr ; Output ; Info     ; Explicitly unconnected                                                                                                                         ;
; virtual_state_pdr  ; Output ; Info     ; Explicitly unconnected                                                                                                                         ;
; virtual_state_uir  ; Output ; Info     ; Explicitly unconnected                                                                                                                         ;
+--------------------+--------+----------+------------------------------------------------------------------------------------------------------------------------------------------------+


+---------------------------------------------------------------------------------------------------------------------------------------------------------+
; Port Connectivity Checks: "dsa_system:u_dsa_system|dsa_system_Jtag_master:jtag_master|altera_avalon_st_jtag_interface:jtag_phy_embedded_in_jtag_master" ;
+-----------------+--------+----------+-------------------------------------------------------------------------------------------------------------------+
; Port            ; Type   ; Severity ; Details                                                                                                           ;
+-----------------+--------+----------+-------------------------------------------------------------------------------------------------------------------+
; source_ready    ; Input  ; Info     ; Stuck at VCC                                                                                                      ;
; mgmt_valid      ; Output ; Info     ; Explicitly unconnected                                                                                            ;
; mgmt_channel    ; Output ; Info     ; Explicitly unconnected                                                                                            ;
; mgmt_data       ; Output ; Info     ; Explicitly unconnected                                                                                            ;
; jtag_tck        ; Input  ; Info     ; Stuck at GND                                                                                                      ;
; jtag_tms        ; Input  ; Info     ; Stuck at GND                                                                                                      ;
; jtag_tdi        ; Input  ; Info     ; Stuck at GND                                                                                                      ;
; jtag_tdo        ; Output ; Info     ; Explicitly unconnected                                                                                            ;
; jtag_ena        ; Input  ; Info     ; Stuck at GND                                                                                                      ;
; jtag_usr1       ; Input  ; Info     ; Stuck at GND                                                                                                      ;
; jtag_clr        ; Input  ; Info     ; Stuck at GND                                                                                                      ;
; jtag_clrn       ; Input  ; Info     ; Stuck at GND                                                                                                      ;
; jtag_state_tlr  ; Input  ; Info     ; Stuck at GND                                                                                                      ;
; jtag_state_rti  ; Input  ; Info     ; Stuck at GND                                                                                                      ;
; jtag_state_sdrs ; Input  ; Info     ; Stuck at GND                                                                                                      ;
; jtag_state_cdr  ; Input  ; Info     ; Stuck at GND                                                                                                      ;
; jtag_state_sdr  ; Input  ; Info     ; Stuck at GND                                                                                                      ;
; jtag_state_e1dr ; Input  ; Info     ; Stuck at GND                                                                                                      ;
; jtag_state_pdr  ; Input  ; Info     ; Stuck at GND                                                                                                      ;
; jtag_state_e2dr ; Input  ; Info     ; Stuck at GND                                                                                                      ;
; jtag_state_udr  ; Input  ; Info     ; Stuck at GND                                                                                                      ;
; jtag_state_sirs ; Input  ; Info     ; Stuck at GND                                                                                                      ;
; jtag_state_cir  ; Input  ; Info     ; Stuck at GND                                                                                                      ;
; jtag_state_sir  ; Input  ; Info     ; Stuck at GND                                                                                                      ;
; jtag_state_e1ir ; Input  ; Info     ; Stuck at GND                                                                                                      ;
; jtag_state_pir  ; Input  ; Info     ; Stuck at GND                                                                                                      ;
; jtag_state_e2ir ; Input  ; Info     ; Stuck at GND                                                                                                      ;
; jtag_state_uir  ; Input  ; Info     ; Stuck at GND                                                                                                      ;
; jtag_ir_in      ; Input  ; Info     ; Stuck at GND                                                                                                      ;
; jtag_irq        ; Output ; Info     ; Explicitly unconnected                                                                                            ;
; jtag_ir_out     ; Output ; Info     ; Explicitly unconnected                                                                                            ;
; debug_reset     ; Output ; Warning  ; Declared by entity but not connected by instance. Logic that only feeds a dangling port will be removed.          ;
+-----------------+--------+----------+-------------------------------------------------------------------------------------------------------------------+


+----------------------------------------------------------------------------------------+
; Port Connectivity Checks: "dsa_system:u_dsa_system|dsa_system_Jtag_master:jtag_master" ;
+--------------------+--------+----------+-----------------------------------------------+
; Port               ; Type   ; Severity ; Details                                       ;
+--------------------+--------+----------+-----------------------------------------------+
; master_reset_reset ; Output ; Info     ; Explicitly unconnected                        ;
+--------------------+--------+----------+-----------------------------------------------+


+-----------------------------------------------------------------------------------------------------------------------------------------------------------------------------------------------------------+
; Port Connectivity Checks: "dsa_system:u_dsa_system"                                                                                                                                                       ;
+-------------------------------+---------+------------------+----------------------------------------------------------------------------------------------------------------------------------------------+
; Port                          ; Type    ; Severity         ; Details                                                                                                                                      ;
+-------------------------------+---------+------------------+----------------------------------------------------------------------------------------------------------------------------------------------+
; clk_0_clk                     ; Unknown ; Critical Warning ; Named port was not declared by the instantiated entity                                                                                       ;
; reset_bridge_0_in_reset_reset ; Unknown ; Critical Warning ; Named port was not declared by the instantiated entity                                                                                       ;
; clk_clk                       ; Input   ; Warning          ; Declared by entity but not connected by instance. If a default value exists, it will be used.  Otherwise, the port will be connected to GND. ;
; reset_reset_n                 ; Input   ; Warning          ; Declared by entity but not connected by instance. If a default value exists, it will be used.  Otherwise, the port will be connected to GND. ;
+-------------------------------+---------+------------------+----------------------------------------------------------------------------------------------------------------------------------------------+


+---------------------------------+
; Analysis & Elaboration Messages ;
+---------------------------------+
Info: *******************************************************************
Info: Running Quartus Prime Analysis & Elaboration
    Info: Version 20.1.1 Build 720 11/11/2020 SJ Lite Edition
    Info: Processing started: Sun Nov 30 22:48:21 2025
Info: Command: quartus_map --read_settings_files=on --write_settings_files=off ModoSecuencial -c ModoSecuencial --analysis_and_elaboration
Info (20034): Auto device selection is not supported for Cyclone V device family. The default device, 5CGXFC7C7F23C8, is set.
Warning (18236): Number of processors has not been specified which may cause overloading on shared machines.  Set the global assignment NUM_PARALLEL_PROCESSORS in your QSF to an appropriate value for best performance.
Info (20030): Parallel compilation is enabled and will use 16 of the 16 processors detected
Info (12021): Found 1 design units, including 1 entities, in source file qsys/qsys/synthesis/dsa_system.v
    Info (12023): Found entity 1: dsa_system File: C:/Users/gabri/OneDrive/Desktop/PrograProyectoArqui/Arqui2-Proyecto/qsys/qsys/synthesis/dsa_system.v Line: 6
Info (12021): Found 1 design units, including 1 entities, in source file qsys/qsys/synthesis/submodules/altera_reset_controller.v
    Info (12023): Found entity 1: altera_reset_controller File: C:/Users/gabri/OneDrive/Desktop/PrograProyectoArqui/Arqui2-Proyecto/qsys/qsys/synthesis/submodules/altera_reset_controller.v Line: 42
Info (12021): Found 1 design units, including 1 entities, in source file qsys/qsys/synthesis/submodules/altera_reset_synchronizer.v
    Info (12023): Found entity 1: altera_reset_synchronizer File: C:/Users/gabri/OneDrive/Desktop/PrograProyectoArqui/Arqui2-Proyecto/qsys/qsys/synthesis/submodules/altera_reset_synchronizer.v Line: 24
Info (12021): Found 1 design units, including 1 entities, in source file qsys/qsys/synthesis/submodules/dsa_system_mm_interconnect_0.v
    Info (12023): Found entity 1: dsa_system_mm_interconnect_0 File: C:/Users/gabri/OneDrive/Desktop/PrograProyectoArqui/Arqui2-Proyecto/qsys/qsys/synthesis/submodules/dsa_system_mm_interconnect_0.v Line: 9
Info (12021): Found 1 design units, including 1 entities, in source file qsys/qsys/synthesis/submodules/dsa_system_mm_interconnect_0_avalon_st_adapter.v
    Info (12023): Found entity 1: dsa_system_mm_interconnect_0_avalon_st_adapter File: C:/Users/gabri/OneDrive/Desktop/PrograProyectoArqui/Arqui2-Proyecto/qsys/qsys/synthesis/submodules/dsa_system_mm_interconnect_0_avalon_st_adapter.v Line: 9
Info (12021): Found 1 design units, including 1 entities, in source file qsys/qsys/synthesis/submodules/dsa_system_mm_interconnect_0_avalon_st_adapter_error_adapter_0.sv
    Info (12023): Found entity 1: dsa_system_mm_interconnect_0_avalon_st_adapter_error_adapter_0 File: C:/Users/gabri/OneDrive/Desktop/PrograProyectoArqui/Arqui2-Proyecto/qsys/qsys/synthesis/submodules/dsa_system_mm_interconnect_0_avalon_st_adapter_error_adapter_0.sv Line: 66
Info (12021): Found 1 design units, including 1 entities, in source file qsys/qsys/synthesis/submodules/dsa_system_mm_interconnect_0_rsp_mux.sv
    Info (12023): Found entity 1: dsa_system_mm_interconnect_0_rsp_mux File: C:/Users/gabri/OneDrive/Desktop/PrograProyectoArqui/Arqui2-Proyecto/qsys/qsys/synthesis/submodules/dsa_system_mm_interconnect_0_rsp_mux.sv Line: 51
Info (12021): Found 2 design units, including 2 entities, in source file qsys/qsys/synthesis/submodules/altera_merlin_arbitrator.sv
    Info (12023): Found entity 1: altera_merlin_arbitrator File: C:/Users/gabri/OneDrive/Desktop/PrograProyectoArqui/Arqui2-Proyecto/qsys/qsys/synthesis/submodules/altera_merlin_arbitrator.sv Line: 103
    Info (12023): Found entity 2: altera_merlin_arb_adder File: C:/Users/gabri/OneDrive/Desktop/PrograProyectoArqui/Arqui2-Proyecto/qsys/qsys/synthesis/submodules/altera_merlin_arbitrator.sv Line: 228
Info (12021): Found 1 design units, including 1 entities, in source file qsys/qsys/synthesis/submodules/dsa_system_mm_interconnect_0_rsp_demux.sv
    Info (12023): Found entity 1: dsa_system_mm_interconnect_0_rsp_demux File: C:/Users/gabri/OneDrive/Desktop/PrograProyectoArqui/Arqui2-Proyecto/qsys/qsys/synthesis/submodules/dsa_system_mm_interconnect_0_rsp_demux.sv Line: 43
Info (12021): Found 1 design units, including 1 entities, in source file qsys/qsys/synthesis/submodules/dsa_system_mm_interconnect_0_cmd_mux.sv
    Info (12023): Found entity 1: dsa_system_mm_interconnect_0_cmd_mux File: C:/Users/gabri/OneDrive/Desktop/PrograProyectoArqui/Arqui2-Proyecto/qsys/qsys/synthesis/submodules/dsa_system_mm_interconnect_0_cmd_mux.sv Line: 51
Info (12021): Found 1 design units, including 1 entities, in source file qsys/qsys/synthesis/submodules/dsa_system_mm_interconnect_0_cmd_demux.sv
    Info (12023): Found entity 1: dsa_system_mm_interconnect_0_cmd_demux File: C:/Users/gabri/OneDrive/Desktop/PrograProyectoArqui/Arqui2-Proyecto/qsys/qsys/synthesis/submodules/dsa_system_mm_interconnect_0_cmd_demux.sv Line: 43
Info (12021): Found 1 design units, including 1 entities, in source file qsys/qsys/synthesis/submodules/altera_merlin_traffic_limiter.sv
    Info (12023): Found entity 1: altera_merlin_traffic_limiter File: C:/Users/gabri/OneDrive/Desktop/PrograProyectoArqui/Arqui2-Proyecto/qsys/qsys/synthesis/submodules/altera_merlin_traffic_limiter.sv Line: 49
Info (12021): Found 2 design units, including 2 entities, in source file qsys/qsys/synthesis/submodules/altera_merlin_reorder_memory.sv
    Info (12023): Found entity 1: altera_merlin_reorder_memory File: C:/Users/gabri/OneDrive/Desktop/PrograProyectoArqui/Arqui2-Proyecto/qsys/qsys/synthesis/submodules/altera_merlin_reorder_memory.sv Line: 28
    Info (12023): Found entity 2: memory_pointer_controller File: C:/Users/gabri/OneDrive/Desktop/PrograProyectoArqui/Arqui2-Proyecto/qsys/qsys/synthesis/submodules/altera_merlin_reorder_memory.sv Line: 185
Info (12021): Found 1 design units, including 1 entities, in source file qsys/qsys/synthesis/submodules/altera_avalon_sc_fifo.v
    Info (12023): Found entity 1: altera_avalon_sc_fifo File: C:/Users/gabri/OneDrive/Desktop/PrograProyectoArqui/Arqui2-Proyecto/qsys/qsys/synthesis/submodules/altera_avalon_sc_fifo.v Line: 21
Info (12021): Found 1 design units, including 1 entities, in source file qsys/qsys/synthesis/submodules/altera_avalon_st_pipeline_base.v
    Info (12023): Found entity 1: altera_avalon_st_pipeline_base File: C:/Users/gabri/OneDrive/Desktop/PrograProyectoArqui/Arqui2-Proyecto/qsys/qsys/synthesis/submodules/altera_avalon_st_pipeline_base.v Line: 22
Info (12021): Found 2 design units, including 2 entities, in source file qsys/qsys/synthesis/submodules/dsa_system_mm_interconnect_0_router_001.sv
    Info (12023): Found entity 1: dsa_system_mm_interconnect_0_router_001_default_decode File: C:/Users/gabri/OneDrive/Desktop/PrograProyectoArqui/Arqui2-Proyecto/qsys/qsys/synthesis/submodules/dsa_system_mm_interconnect_0_router_001.sv Line: 45
    Info (12023): Found entity 2: dsa_system_mm_interconnect_0_router_001 File: C:/Users/gabri/OneDrive/Desktop/PrograProyectoArqui/Arqui2-Proyecto/qsys/qsys/synthesis/submodules/dsa_system_mm_interconnect_0_router_001.sv Line: 84
Info (12021): Found 2 design units, including 2 entities, in source file qsys/qsys/synthesis/submodules/dsa_system_mm_interconnect_0_router.sv
    Info (12023): Found entity 1: dsa_system_mm_interconnect_0_router_default_decode File: C:/Users/gabri/OneDrive/Desktop/PrograProyectoArqui/Arqui2-Proyecto/qsys/qsys/synthesis/submodules/dsa_system_mm_interconnect_0_router.sv Line: 45
    Info (12023): Found entity 2: dsa_system_mm_interconnect_0_router File: C:/Users/gabri/OneDrive/Desktop/PrograProyectoArqui/Arqui2-Proyecto/qsys/qsys/synthesis/submodules/dsa_system_mm_interconnect_0_router.sv Line: 84
Info (12021): Found 1 design units, including 1 entities, in source file qsys/qsys/synthesis/submodules/altera_merlin_slave_agent.sv
    Info (12023): Found entity 1: altera_merlin_slave_agent File: C:/Users/gabri/OneDrive/Desktop/PrograProyectoArqui/Arqui2-Proyecto/qsys/qsys/synthesis/submodules/altera_merlin_slave_agent.sv Line: 34
Info (12021): Found 1 design units, including 1 entities, in source file qsys/qsys/synthesis/submodules/altera_merlin_burst_uncompressor.sv
    Info (12023): Found entity 1: altera_merlin_burst_uncompressor File: C:/Users/gabri/OneDrive/Desktop/PrograProyectoArqui/Arqui2-Proyecto/qsys/qsys/synthesis/submodules/altera_merlin_burst_uncompressor.sv Line: 40
Info (12021): Found 1 design units, including 1 entities, in source file qsys/qsys/synthesis/submodules/altera_merlin_master_agent.sv
    Info (12023): Found entity 1: altera_merlin_master_agent File: C:/Users/gabri/OneDrive/Desktop/PrograProyectoArqui/Arqui2-Proyecto/qsys/qsys/synthesis/submodules/altera_merlin_master_agent.sv Line: 28
Info (12021): Found 1 design units, including 1 entities, in source file qsys/qsys/synthesis/submodules/altera_merlin_slave_translator.sv
    Info (12023): Found entity 1: altera_merlin_slave_translator File: C:/Users/gabri/OneDrive/Desktop/PrograProyectoArqui/Arqui2-Proyecto/qsys/qsys/synthesis/submodules/altera_merlin_slave_translator.sv Line: 35
Info (12021): Found 1 design units, including 1 entities, in source file qsys/qsys/synthesis/submodules/altera_merlin_master_translator.sv
    Info (12023): Found entity 1: altera_merlin_master_translator File: C:/Users/gabri/OneDrive/Desktop/PrograProyectoArqui/Arqui2-Proyecto/qsys/qsys/synthesis/submodules/altera_merlin_master_translator.sv Line: 32
Info (12021): Found 1 design units, including 1 entities, in source file qsys/qsys/synthesis/submodules/dsa_system_pio_leds.v
    Info (12023): Found entity 1: dsa_system_pio_leds File: C:/Users/gabri/OneDrive/Desktop/PrograProyectoArqui/Arqui2-Proyecto/qsys/qsys/synthesis/submodules/dsa_system_pio_leds.v Line: 21
Info (12021): Found 1 design units, including 1 entities, in source file qsys/qsys/synthesis/submodules/dsa_system_output_memory.v
    Info (12023): Found entity 1: dsa_system_output_memory File: C:/Users/gabri/OneDrive/Desktop/PrograProyectoArqui/Arqui2-Proyecto/qsys/qsys/synthesis/submodules/dsa_system_output_memory.v Line: 21
Info (12021): Found 1 design units, including 1 entities, in source file qsys/qsys/synthesis/submodules/dsa_system_input_memory.v
    Info (12023): Found entity 1: dsa_system_input_memory File: C:/Users/gabri/OneDrive/Desktop/PrograProyectoArqui/Arqui2-Proyecto/qsys/qsys/synthesis/submodules/dsa_system_input_memory.v Line: 21
Info (12021): Found 1 design units, including 1 entities, in source file qsys/qsys/synthesis/submodules/dsa_system_jtag_master.v
    Info (12023): Found entity 1: dsa_system_Jtag_master File: C:/Users/gabri/OneDrive/Desktop/PrograProyectoArqui/Arqui2-Proyecto/qsys/qsys/synthesis/submodules/dsa_system_Jtag_master.v Line: 9
Info (12021): Found 1 design units, including 1 entities, in source file qsys/qsys/synthesis/submodules/dsa_system_jtag_master_p2b_adapter.sv
    Info (12023): Found entity 1: dsa_system_Jtag_master_p2b_adapter File: C:/Users/gabri/OneDrive/Desktop/PrograProyectoArqui/Arqui2-Proyecto/qsys/qsys/synthesis/submodules/dsa_system_Jtag_master_p2b_adapter.sv Line: 55
Info (12021): Found 1 design units, including 1 entities, in source file qsys/qsys/synthesis/submodules/dsa_system_jtag_master_b2p_adapter.sv
    Info (12023): Found entity 1: dsa_system_Jtag_master_b2p_adapter File: C:/Users/gabri/OneDrive/Desktop/PrograProyectoArqui/Arqui2-Proyecto/qsys/qsys/synthesis/submodules/dsa_system_Jtag_master_b2p_adapter.sv Line: 55
Info (12021): Found 7 design units, including 7 entities, in source file qsys/qsys/synthesis/submodules/altera_avalon_packets_to_master.v
    Info (12023): Found entity 1: altera_avalon_packets_to_master File: C:/Users/gabri/OneDrive/Desktop/PrograProyectoArqui/Arqui2-Proyecto/qsys/qsys/synthesis/submodules/altera_avalon_packets_to_master.v Line: 22
    Info (12023): Found entity 2: packets_to_fifo File: C:/Users/gabri/OneDrive/Desktop/PrograProyectoArqui/Arqui2-Proyecto/qsys/qsys/synthesis/submodules/altera_avalon_packets_to_master.v Line: 142
    Info (12023): Found entity 3: fifo_buffer_single_clock_fifo File: C:/Users/gabri/OneDrive/Desktop/PrograProyectoArqui/Arqui2-Proyecto/qsys/qsys/synthesis/submodules/altera_avalon_packets_to_master.v Line: 512
    Info (12023): Found entity 4: fifo_buffer_scfifo_with_controls File: C:/Users/gabri/OneDrive/Desktop/PrograProyectoArqui/Arqui2-Proyecto/qsys/qsys/synthesis/submodules/altera_avalon_packets_to_master.v Line: 573
    Info (12023): Found entity 5: fifo_buffer File: C:/Users/gabri/OneDrive/Desktop/PrograProyectoArqui/Arqui2-Proyecto/qsys/qsys/synthesis/submodules/altera_avalon_packets_to_master.v Line: 627
    Info (12023): Found entity 6: fifo_to_packet File: C:/Users/gabri/OneDrive/Desktop/PrograProyectoArqui/Arqui2-Proyecto/qsys/qsys/synthesis/submodules/altera_avalon_packets_to_master.v Line: 697
    Info (12023): Found entity 7: packets_to_master File: C:/Users/gabri/OneDrive/Desktop/PrograProyectoArqui/Arqui2-Proyecto/qsys/qsys/synthesis/submodules/altera_avalon_packets_to_master.v Line: 851
Info (12021): Found 1 design units, including 1 entities, in source file qsys/qsys/synthesis/submodules/altera_avalon_st_packets_to_bytes.v
    Info (12023): Found entity 1: altera_avalon_st_packets_to_bytes File: C:/Users/gabri/OneDrive/Desktop/PrograProyectoArqui/Arqui2-Proyecto/qsys/qsys/synthesis/submodules/altera_avalon_st_packets_to_bytes.v Line: 19
Info (12021): Found 1 design units, including 1 entities, in source file qsys/qsys/synthesis/submodules/altera_avalon_st_bytes_to_packets.v
    Info (12023): Found entity 1: altera_avalon_st_bytes_to_packets File: C:/Users/gabri/OneDrive/Desktop/PrograProyectoArqui/Arqui2-Proyecto/qsys/qsys/synthesis/submodules/altera_avalon_st_bytes_to_packets.v Line: 19
Info (12021): Found 1 design units, including 1 entities, in source file qsys/qsys/synthesis/submodules/dsa_system_jtag_master_timing_adt.sv
    Info (12023): Found entity 1: dsa_system_Jtag_master_timing_adt File: C:/Users/gabri/OneDrive/Desktop/PrograProyectoArqui/Arqui2-Proyecto/qsys/qsys/synthesis/submodules/dsa_system_Jtag_master_timing_adt.sv Line: 60
Info (12021): Found 1 design units, including 1 entities, in source file qsys/qsys/synthesis/submodules/altera_avalon_st_jtag_interface.v
    Info (12023): Found entity 1: altera_avalon_st_jtag_interface File: C:/Users/gabri/OneDrive/Desktop/PrograProyectoArqui/Arqui2-Proyecto/qsys/qsys/synthesis/submodules/altera_avalon_st_jtag_interface.v Line: 20
Info (12021): Found 3 design units, including 3 entities, in source file qsys/qsys/synthesis/submodules/altera_jtag_dc_streaming.v
    Info (12023): Found entity 1: altera_jtag_control_signal_crosser File: C:/Users/gabri/OneDrive/Desktop/PrograProyectoArqui/Arqui2-Proyecto/qsys/qsys/synthesis/submodules/altera_jtag_dc_streaming.v Line: 30
    Info (12023): Found entity 2: altera_jtag_src_crosser File: C:/Users/gabri/OneDrive/Desktop/PrograProyectoArqui/Arqui2-Proyecto/qsys/qsys/synthesis/submodules/altera_jtag_dc_streaming.v Line: 72
    Info (12023): Found entity 3: altera_jtag_dc_streaming File: C:/Users/gabri/OneDrive/Desktop/PrograProyectoArqui/Arqui2-Proyecto/qsys/qsys/synthesis/submodules/altera_jtag_dc_streaming.v Line: 135
Info (12021): Found 1 design units, including 1 entities, in source file qsys/qsys/synthesis/submodules/altera_jtag_sld_node.v
    Info (12023): Found entity 1: altera_jtag_sld_node File: C:/Users/gabri/OneDrive/Desktop/PrograProyectoArqui/Arqui2-Proyecto/qsys/qsys/synthesis/submodules/altera_jtag_sld_node.v Line: 17
Info (12021): Found 1 design units, including 1 entities, in source file qsys/qsys/synthesis/submodules/altera_jtag_streaming.v
    Info (12023): Found entity 1: altera_jtag_streaming File: C:/Users/gabri/OneDrive/Desktop/PrograProyectoArqui/Arqui2-Proyecto/qsys/qsys/synthesis/submodules/altera_jtag_streaming.v Line: 18
Info (12021): Found 1 design units, including 1 entities, in source file qsys/qsys/synthesis/submodules/altera_avalon_st_clock_crosser.v
    Info (12023): Found entity 1: altera_avalon_st_clock_crosser File: C:/Users/gabri/OneDrive/Desktop/PrograProyectoArqui/Arqui2-Proyecto/qsys/qsys/synthesis/submodules/altera_avalon_st_clock_crosser.v Line: 22
Info (12021): Found 1 design units, including 1 entities, in source file qsys/qsys/synthesis/submodules/altera_std_synchronizer_nocut.v
    Info (12023): Found entity 1: altera_std_synchronizer_nocut File: C:/Users/gabri/OneDrive/Desktop/PrograProyectoArqui/Arqui2-Proyecto/qsys/qsys/synthesis/submodules/altera_std_synchronizer_nocut.v Line: 44
Info (12021): Found 1 design units, including 1 entities, in source file qsys/qsys/synthesis/submodules/altera_avalon_st_idle_remover.v
    Info (12023): Found entity 1: altera_avalon_st_idle_remover File: C:/Users/gabri/OneDrive/Desktop/PrograProyectoArqui/Arqui2-Proyecto/qsys/qsys/synthesis/submodules/altera_avalon_st_idle_remover.v Line: 19
Info (12021): Found 1 design units, including 1 entities, in source file qsys/qsys/synthesis/submodules/altera_avalon_st_idle_inserter.v
    Info (12023): Found entity 1: altera_avalon_st_idle_inserter File: C:/Users/gabri/OneDrive/Desktop/PrograProyectoArqui/Arqui2-Proyecto/qsys/qsys/synthesis/submodules/altera_avalon_st_idle_inserter.v Line: 19
Info (12021): Found 1 design units, including 1 entities, in source file qsys/qsys/synthesis/submodules/altera_avalon_st_pipeline_stage.sv
    Info (12023): Found entity 1: altera_avalon_st_pipeline_stage File: C:/Users/gabri/OneDrive/Desktop/PrograProyectoArqui/Arqui2-Proyecto/qsys/qsys/synthesis/submodules/altera_avalon_st_pipeline_stage.sv Line: 22
Info (12021): Found 1 design units, including 1 entities, in source file rtl/top_simd.sv
    Info (12023): Found entity 1: Top_SIMD File: C:/Users/gabri/OneDrive/Desktop/PrograProyectoArqui/Arqui2-Proyecto/rtl/Top_SIMD.sv Line: 4
Info (12021): Found 1 design units, including 1 entities, in source file rtl/simd_registros.sv
    Info (12023): Found entity 1: SIMD_Registros File: C:/Users/gabri/OneDrive/Desktop/PrograProyectoArqui/Arqui2-Proyecto/rtl/SIMD_Registros.sv Line: 1
Info (12021): Found 1 design units, including 1 entities, in source file rtl/modosimd.sv
    Info (12023): Found entity 1: ModoSIMD File: C:/Users/gabri/OneDrive/Desktop/PrograProyectoArqui/Arqui2-Proyecto/rtl/ModoSIMD.sv Line: 1
Info (12021): Found 1 design units, including 1 entities, in source file rtl/modosecuencial.sv
    Info (12023): Found entity 1: ModoSecuencial File: C:/Users/gabri/OneDrive/Desktop/PrograProyectoArqui/Arqui2-Proyecto/rtl/ModoSecuencial.sv Line: 3
Info (12021): Found 1 design units, including 1 entities, in source file rtl/fsm_simd.sv
    Info (12023): Found entity 1: FSM_SIMD File: C:/Users/gabri/OneDrive/Desktop/PrograProyectoArqui/Arqui2-Proyecto/rtl/FSM_SIMD.sv Line: 3
Info (12021): Found 1 design units, including 1 entities, in source file rtl/downscale_simd.sv
    Info (12023): Found entity 1: Downscale_SIMD File: C:/Users/gabri/OneDrive/Desktop/PrograProyectoArqui/Arqui2-Proyecto/rtl/Downscale_SIMD.sv Line: 15
Info (12021): Found 1 design units, including 1 entities, in source file rtl/downscale_secuencial.sv
    Info (12023): Found entity 1: Downscale_Secuencial File: C:/Users/gabri/OneDrive/Desktop/PrograProyectoArqui/Arqui2-Proyecto/rtl/Downscale_Secuencial.sv Line: 14
Info (12021): Found 1 design units, including 1 entities, in source file rtl/dsa_system_wrapper.sv
    Info (12023): Found entity 1: dsa_system_wrapper File: C:/Users/gabri/OneDrive/Desktop/PrograProyectoArqui/Arqui2-Proyecto/rtl/dsa_system_wrapper.sv Line: 19
Info (12127): Elaborating entity "dsa_system_wrapper" for the top level hierarchy
Info (12128): Elaborating entity "dsa_system" for hierarchy "dsa_system:u_dsa_system" File: C:/Users/gabri/OneDrive/Desktop/PrograProyectoArqui/Arqui2-Proyecto/rtl/dsa_system_wrapper.sv Line: 60
Info (12128): Elaborating entity "dsa_system_Jtag_master" for hierarchy "dsa_system:u_dsa_system|dsa_system_Jtag_master:jtag_master" File: C:/Users/gabri/OneDrive/Desktop/PrograProyectoArqui/Arqui2-Proyecto/qsys/qsys/synthesis/dsa_system.v Line: 59
Info (12128): Elaborating entity "altera_avalon_st_jtag_interface" for hierarchy "dsa_system:u_dsa_system|dsa_system_Jtag_master:jtag_master|altera_avalon_st_jtag_interface:jtag_phy_embedded_in_jtag_master" File: C:/Users/gabri/OneDrive/Desktop/PrograProyectoArqui/Arqui2-Proyecto/qsys/qsys/synthesis/submodules/dsa_system_Jtag_master.v Line: 145
Info (12128): Elaborating entity "altera_jtag_sld_node" for hierarchy "dsa_system:u_dsa_system|dsa_system_Jtag_master:jtag_master|altera_avalon_st_jtag_interface:jtag_phy_embedded_in_jtag_master|altera_jtag_sld_node:node" File: C:/Users/gabri/OneDrive/Desktop/PrograProyectoArqui/Arqui2-Proyecto/qsys/qsys/synthesis/submodules/altera_avalon_st_jtag_interface.v Line: 101
Info (12128): Elaborating entity "sld_virtual_jtag_basic" for hierarchy "dsa_system:u_dsa_system|dsa_system_Jtag_master:jtag_master|altera_avalon_st_jtag_interface:jtag_phy_embedded_in_jtag_master|altera_jtag_sld_node:node|sld_virtual_jtag_basic:sld_virtual_jtag_component" File: C:/Users/gabri/OneDrive/Desktop/PrograProyectoArqui/Arqui2-Proyecto/qsys/qsys/synthesis/submodules/altera_jtag_sld_node.v Line: 105
Info (12130): Elaborated megafunction instantiation "dsa_system:u_dsa_system|dsa_system_Jtag_master:jtag_master|altera_avalon_st_jtag_interface:jtag_phy_embedded_in_jtag_master|altera_jtag_sld_node:node|sld_virtual_jtag_basic:sld_virtual_jtag_component" File: C:/Users/gabri/OneDrive/Desktop/PrograProyectoArqui/Arqui2-Proyecto/qsys/qsys/synthesis/submodules/altera_jtag_sld_node.v Line: 105
Info (12133): Instantiated megafunction "dsa_system:u_dsa_system|dsa_system_Jtag_master:jtag_master|altera_avalon_st_jtag_interface:jtag_phy_embedded_in_jtag_master|altera_jtag_sld_node:node|sld_virtual_jtag_basic:sld_virtual_jtag_component" with the following parameter: File: C:/Users/gabri/OneDrive/Desktop/PrograProyectoArqui/Arqui2-Proyecto/qsys/qsys/synthesis/submodules/altera_jtag_sld_node.v Line: 105
    Info (12134): Parameter "sld_mfg_id" = "110"
    Info (12134): Parameter "sld_type_id" = "132"
    Info (12134): Parameter "sld_version" = "1"
    Info (12134): Parameter "sld_auto_instance_index" = "YES"
    Info (12134): Parameter "sld_instance_index" = "0"
    Info (12134): Parameter "sld_ir_width" = "3"
    Info (12134): Parameter "sld_sim_action" = ""
    Info (12134): Parameter "sld_sim_n_scan" = "0"
    Info (12134): Parameter "sld_sim_total_length" = "0"
Info (12128): Elaborating entity "sld_virtual_jtag_impl" for hierarchy "dsa_system:u_dsa_system|dsa_system_Jtag_master:jtag_master|altera_avalon_st_jtag_interface:jtag_phy_embedded_in_jtag_master|altera_jtag_sld_node:node|sld_virtual_jtag_basic:sld_virtual_jtag_component|sld_virtual_jtag_impl:sld_virtual_jtag_impl_inst" File: c:/intelfpga_lite/20.1/quartus/libraries/megafunctions/sld_virtual_jtag_basic.v Line: 152
Info (12131): Elaborated megafunction instantiation "dsa_system:u_dsa_system|dsa_system_Jtag_master:jtag_master|altera_avalon_st_jtag_interface:jtag_phy_embedded_in_jtag_master|altera_jtag_sld_node:node|sld_virtual_jtag_basic:sld_virtual_jtag_component|sld_virtual_jtag_impl:sld_virtual_jtag_impl_inst", which is child of megafunction instantiation "dsa_system:u_dsa_system|dsa_system_Jtag_master:jtag_master|altera_avalon_st_jtag_interface:jtag_phy_embedded_in_jtag_master|altera_jtag_sld_node:node|sld_virtual_jtag_basic:sld_virtual_jtag_component" File: c:/intelfpga_lite/20.1/quartus/libraries/megafunctions/sld_virtual_jtag_basic.v Line: 152
Info (12128): Elaborating entity "sld_jtag_endpoint_adapter" for hierarchy "dsa_system:u_dsa_system|dsa_system_Jtag_master:jtag_master|altera_avalon_st_jtag_interface:jtag_phy_embedded_in_jtag_master|altera_jtag_sld_node:node|sld_virtual_jtag_basic:sld_virtual_jtag_component|sld_virtual_jtag_impl:sld_virtual_jtag_impl_inst|sld_jtag_endpoint_adapter:jtag_signal_adapter" File: c:/intelfpga_lite/20.1/quartus/libraries/megafunctions/sld_virtual_jtag_basic.v Line: 415
Info (12128): Elaborating entity "sld_jtag_endpoint_adapter_impl" for hierarchy "dsa_system:u_dsa_system|dsa_system_Jtag_master:jtag_master|altera_avalon_st_jtag_interface:jtag_phy_embedded_in_jtag_master|altera_jtag_sld_node:node|sld_virtual_jtag_basic:sld_virtual_jtag_component|sld_virtual_jtag_impl:sld_virtual_jtag_impl_inst|sld_jtag_endpoint_adapter:jtag_signal_adapter|sld_jtag_endpoint_adapter_impl:sld_jtag_endpoint_adapter_impl_inst" File: c:/intelfpga_lite/20.1/quartus/libraries/megafunctions/sld_jtag_endpoint_adapter.vhd Line: 232
Info (12128): Elaborating entity "altera_jtag_dc_streaming" for hierarchy "dsa_system:u_dsa_system|dsa_system_Jtag_master:jtag_master|altera_avalon_st_jtag_interface:jtag_phy_embedded_in_jtag_master|altera_jtag_dc_streaming:normal.jtag_dc_streaming" File: C:/Users/gabri/OneDrive/Desktop/PrograProyectoArqui/Arqui2-Proyecto/qsys/qsys/synthesis/submodules/altera_avalon_st_jtag_interface.v Line: 143
Info (12128): Elaborating entity "altera_std_synchronizer" for hierarchy "dsa_system:u_dsa_system|dsa_system_Jtag_master:jtag_master|altera_avalon_st_jtag_interface:jtag_phy_embedded_in_jtag_master|altera_jtag_dc_streaming:normal.jtag_dc_streaming|altera_std_synchronizer:synchronizer" File: C:/Users/gabri/OneDrive/Desktop/PrograProyectoArqui/Arqui2-Proyecto/qsys/qsys/synthesis/submodules/altera_jtag_dc_streaming.v Line: 197
Info (12130): Elaborated megafunction instantiation "dsa_system:u_dsa_system|dsa_system_Jtag_master:jtag_master|altera_avalon_st_jtag_interface:jtag_phy_embedded_in_jtag_master|altera_jtag_dc_streaming:normal.jtag_dc_streaming|altera_std_synchronizer:synchronizer" File: C:/Users/gabri/OneDrive/Desktop/PrograProyectoArqui/Arqui2-Proyecto/qsys/qsys/synthesis/submodules/altera_jtag_dc_streaming.v Line: 197
Info (12133): Instantiated megafunction "dsa_system:u_dsa_system|dsa_system_Jtag_master:jtag_master|altera_avalon_st_jtag_interface:jtag_phy_embedded_in_jtag_master|altera_jtag_dc_streaming:normal.jtag_dc_streaming|altera_std_synchronizer:synchronizer" with the following parameter: File: C:/Users/gabri/OneDrive/Desktop/PrograProyectoArqui/Arqui2-Proyecto/qsys/qsys/synthesis/submodules/altera_jtag_dc_streaming.v Line: 197
    Info (12134): Parameter "depth" = "3"
Info (12128): Elaborating entity "altera_jtag_streaming" for hierarchy "dsa_system:u_dsa_system|dsa_system_Jtag_master:jtag_master|altera_avalon_st_jtag_interface:jtag_phy_embedded_in_jtag_master|altera_jtag_dc_streaming:normal.jtag_dc_streaming|altera_jtag_streaming:jtag_streaming" File: C:/Users/gabri/OneDrive/Desktop/PrograProyectoArqui/Arqui2-Proyecto/qsys/qsys/synthesis/submodules/altera_jtag_dc_streaming.v Line: 226
Info (12128): Elaborating entity "altera_std_synchronizer" for hierarchy "dsa_system:u_dsa_system|dsa_system_Jtag_master:jtag_master|altera_avalon_st_jtag_interface:jtag_phy_embedded_in_jtag_master|altera_jtag_dc_streaming:normal.jtag_dc_streaming|altera_jtag_streaming:jtag_streaming|altera_std_synchronizer:clock_sense_reset_n_synchronizer" File: C:/Users/gabri/OneDrive/Desktop/PrograProyectoArqui/Arqui2-Proyecto/qsys/qsys/synthesis/submodules/altera_jtag_streaming.v Line: 231
Info (12130): Elaborated megafunction instantiation "dsa_system:u_dsa_system|dsa_system_Jtag_master:jtag_master|altera_avalon_st_jtag_interface:jtag_phy_embedded_in_jtag_master|altera_jtag_dc_streaming:normal.jtag_dc_streaming|altera_jtag_streaming:jtag_streaming|altera_std_synchronizer:clock_sense_reset_n_synchronizer" File: C:/Users/gabri/OneDrive/Desktop/PrograProyectoArqui/Arqui2-Proyecto/qsys/qsys/synthesis/submodules/altera_jtag_streaming.v Line: 231
Info (12133): Instantiated megafunction "dsa_system:u_dsa_system|dsa_system_Jtag_master:jtag_master|altera_avalon_st_jtag_interface:jtag_phy_embedded_in_jtag_master|altera_jtag_dc_streaming:normal.jtag_dc_streaming|altera_jtag_streaming:jtag_streaming|altera_std_synchronizer:clock_sense_reset_n_synchronizer" with the following parameter: File: C:/Users/gabri/OneDrive/Desktop/PrograProyectoArqui/Arqui2-Proyecto/qsys/qsys/synthesis/submodules/altera_jtag_streaming.v Line: 231
    Info (12134): Parameter "depth" = "8"
Info (12128): Elaborating entity "altera_avalon_st_idle_remover" for hierarchy "dsa_system:u_dsa_system|dsa_system_Jtag_master:jtag_master|altera_avalon_st_jtag_interface:jtag_phy_embedded_in_jtag_master|altera_jtag_dc_streaming:normal.jtag_dc_streaming|altera_jtag_streaming:jtag_streaming|altera_avalon_st_idle_remover:idle_remover" File: C:/Users/gabri/OneDrive/Desktop/PrograProyectoArqui/Arqui2-Proyecto/qsys/qsys/synthesis/submodules/altera_jtag_streaming.v Line: 547
Info (12128): Elaborating entity "altera_avalon_st_idle_inserter" for hierarchy "dsa_system:u_dsa_system|dsa_system_Jtag_master:jtag_master|altera_avalon_st_jtag_interface:jtag_phy_embedded_in_jtag_master|altera_jtag_dc_streaming:normal.jtag_dc_streaming|altera_jtag_streaming:jtag_streaming|altera_avalon_st_idle_inserter:idle_inserter" File: C:/Users/gabri/OneDrive/Desktop/PrograProyectoArqui/Arqui2-Proyecto/qsys/qsys/synthesis/submodules/altera_jtag_streaming.v Line: 564
Info (12128): Elaborating entity "altera_avalon_st_clock_crosser" for hierarchy "dsa_system:u_dsa_system|dsa_system_Jtag_master:jtag_master|altera_avalon_st_jtag_interface:jtag_phy_embedded_in_jtag_master|altera_jtag_dc_streaming:normal.jtag_dc_streaming|altera_avalon_st_clock_crosser:sink_crosser" File: C:/Users/gabri/OneDrive/Desktop/PrograProyectoArqui/Arqui2-Proyecto/qsys/qsys/synthesis/submodules/altera_jtag_dc_streaming.v Line: 246
Info (12128): Elaborating entity "altera_std_synchronizer_nocut" for hierarchy "dsa_system:u_dsa_system|dsa_system_Jtag_master:jtag_master|altera_avalon_st_jtag_interface:jtag_phy_embedded_in_jtag_master|altera_jtag_dc_streaming:normal.jtag_dc_streaming|altera_avalon_st_clock_crosser:sink_crosser|altera_std_synchronizer_nocut:in_to_out_synchronizer" File: C:/Users/gabri/OneDrive/Desktop/PrograProyectoArqui/Arqui2-Proyecto/qsys/qsys/synthesis/submodules/altera_avalon_st_clock_crosser.v Line: 105
Info (12128): Elaborating entity "altera_std_synchronizer_nocut" for hierarchy "dsa_system:u_dsa_system|dsa_system_Jtag_master:jtag_master|altera_avalon_st_jtag_interface:jtag_phy_embedded_in_jtag_master|altera_jtag_dc_streaming:normal.jtag_dc_streaming|altera_avalon_st_clock_crosser:sink_crosser|altera_std_synchronizer_nocut:out_to_in_synchronizer" File: C:/Users/gabri/OneDrive/Desktop/PrograProyectoArqui/Arqui2-Proyecto/qsys/qsys/synthesis/submodules/altera_avalon_st_clock_crosser.v Line: 112
Info (12128): Elaborating entity "altera_avalon_st_pipeline_base" for hierarchy "dsa_system:u_dsa_system|dsa_system_Jtag_master:jtag_master|altera_avalon_st_jtag_interface:jtag_phy_embedded_in_jtag_master|altera_jtag_dc_streaming:normal.jtag_dc_streaming|altera_avalon_st_clock_crosser:sink_crosser|altera_avalon_st_pipeline_base:output_stage" File: C:/Users/gabri/OneDrive/Desktop/PrograProyectoArqui/Arqui2-Proyecto/qsys/qsys/synthesis/submodules/altera_avalon_st_clock_crosser.v Line: 129
Info (12128): Elaborating entity "altera_jtag_src_crosser" for hierarchy "dsa_system:u_dsa_system|dsa_system_Jtag_master:jtag_master|altera_avalon_st_jtag_interface:jtag_phy_embedded_in_jtag_master|altera_jtag_dc_streaming:normal.jtag_dc_streaming|altera_jtag_src_crosser:source_crosser" File: C:/Users/gabri/OneDrive/Desktop/PrograProyectoArqui/Arqui2-Proyecto/qsys/qsys/synthesis/submodules/altera_jtag_dc_streaming.v Line: 259
Info (12128): Elaborating entity "altera_jtag_control_signal_crosser" for hierarchy "dsa_system:u_dsa_system|dsa_system_Jtag_master:jtag_master|altera_avalon_st_jtag_interface:jtag_phy_embedded_in_jtag_master|altera_jtag_dc_streaming:normal.jtag_dc_streaming|altera_jtag_src_crosser:source_crosser|altera_jtag_control_signal_crosser:crosser" File: C:/Users/gabri/OneDrive/Desktop/PrograProyectoArqui/Arqui2-Proyecto/qsys/qsys/synthesis/submodules/altera_jtag_dc_streaming.v Line: 110
Info (12128): Elaborating entity "dsa_system_Jtag_master_timing_adt" for hierarchy "dsa_system:u_dsa_system|dsa_system_Jtag_master:jtag_master|dsa_system_Jtag_master_timing_adt:timing_adt" File: C:/Users/gabri/OneDrive/Desktop/PrograProyectoArqui/Arqui2-Proyecto/qsys/qsys/synthesis/submodules/dsa_system_Jtag_master.v Line: 155
Warning (10036): Verilog HDL or VHDL warning at dsa_system_Jtag_master_timing_adt.sv(82): object "in_ready" assigned a value but never read File: C:/Users/gabri/OneDrive/Desktop/PrograProyectoArqui/Arqui2-Proyecto/qsys/qsys/synthesis/submodules/dsa_system_Jtag_master_timing_adt.sv Line: 82
Info (12128): Elaborating entity "altera_avalon_sc_fifo" for hierarchy "dsa_system:u_dsa_system|dsa_system_Jtag_master:jtag_master|altera_avalon_sc_fifo:fifo" File: C:/Users/gabri/OneDrive/Desktop/PrograProyectoArqui/Arqui2-Proyecto/qsys/qsys/synthesis/submodules/dsa_system_Jtag_master.v Line: 196
Info (12128): Elaborating entity "altera_avalon_st_bytes_to_packets" for hierarchy "dsa_system:u_dsa_system|dsa_system_Jtag_master:jtag_master|altera_avalon_st_bytes_to_packets:b2p" File: C:/Users/gabri/OneDrive/Desktop/PrograProyectoArqui/Arqui2-Proyecto/qsys/qsys/synthesis/submodules/dsa_system_Jtag_master.v Line: 213
Info (12128): Elaborating entity "altera_avalon_st_packets_to_bytes" for hierarchy "dsa_system:u_dsa_system|dsa_system_Jtag_master:jtag_master|altera_avalon_st_packets_to_bytes:p2b" File: C:/Users/gabri/OneDrive/Desktop/PrograProyectoArqui/Arqui2-Proyecto/qsys/qsys/synthesis/submodules/dsa_system_Jtag_master.v Line: 230
Info (12128): Elaborating entity "altera_avalon_packets_to_master" for hierarchy "dsa_system:u_dsa_system|dsa_system_Jtag_master:jtag_master|altera_avalon_packets_to_master:transacto" File: C:/Users/gabri/OneDrive/Desktop/PrograProyectoArqui/Arqui2-Proyecto/qsys/qsys/synthesis/submodules/dsa_system_Jtag_master.v Line: 257
Info (12128): Elaborating entity "packets_to_master" for hierarchy "dsa_system:u_dsa_system|dsa_system_Jtag_master:jtag_master|altera_avalon_packets_to_master:transacto|packets_to_master:p2m" File: C:/Users/gabri/OneDrive/Desktop/PrograProyectoArqui/Arqui2-Proyecto/qsys/qsys/synthesis/submodules/altera_avalon_packets_to_master.v Line: 137
Info (12128): Elaborating entity "dsa_system_Jtag_master_b2p_adapter" for hierarchy "dsa_system:u_dsa_system|dsa_system_Jtag_master:jtag_master|dsa_system_Jtag_master_b2p_adapter:b2p_adapter" File: C:/Users/gabri/OneDrive/Desktop/PrograProyectoArqui/Arqui2-Proyecto/qsys/qsys/synthesis/submodules/dsa_system_Jtag_master.v Line: 273
Warning (10036): Verilog HDL or VHDL warning at dsa_system_Jtag_master_b2p_adapter.sv(78): object "out_channel" assigned a value but never read File: C:/Users/gabri/OneDrive/Desktop/PrograProyectoArqui/Arqui2-Proyecto/qsys/qsys/synthesis/submodules/dsa_system_Jtag_master_b2p_adapter.sv Line: 78
Warning (10230): Verilog HDL assignment warning at dsa_system_Jtag_master_b2p_adapter.sv(90): truncated value with size 8 to match size of target (1) File: C:/Users/gabri/OneDrive/Desktop/PrograProyectoArqui/Arqui2-Proyecto/qsys/qsys/synthesis/submodules/dsa_system_Jtag_master_b2p_adapter.sv Line: 90
Info (12128): Elaborating entity "dsa_system_Jtag_master_p2b_adapter" for hierarchy "dsa_system:u_dsa_system|dsa_system_Jtag_master:jtag_master|dsa_system_Jtag_master_p2b_adapter:p2b_adapter" File: C:/Users/gabri/OneDrive/Desktop/PrograProyectoArqui/Arqui2-Proyecto/qsys/qsys/synthesis/submodules/dsa_system_Jtag_master.v Line: 289
Info (12128): Elaborating entity "altera_reset_controller" for hierarchy "dsa_system:u_dsa_system|dsa_system_Jtag_master:jtag_master|altera_reset_controller:rst_controller" File: C:/Users/gabri/OneDrive/Desktop/PrograProyectoArqui/Arqui2-Proyecto/qsys/qsys/synthesis/submodules/dsa_system_Jtag_master.v Line: 352
Info (12128): Elaborating entity "altera_reset_synchronizer" for hierarchy "dsa_system:u_dsa_system|dsa_system_Jtag_master:jtag_master|altera_reset_controller:rst_controller|altera_reset_synchronizer:alt_rst_sync_uq1" File: C:/Users/gabri/OneDrive/Desktop/PrograProyectoArqui/Arqui2-Proyecto/qsys/qsys/synthesis/submodules/altera_reset_controller.v Line: 208
Info (12128): Elaborating entity "altera_reset_synchronizer" for hierarchy "dsa_system:u_dsa_system|dsa_system_Jtag_master:jtag_master|altera_reset_controller:rst_controller|altera_reset_synchronizer:alt_rst_req_sync_uq1" File: C:/Users/gabri/OneDrive/Desktop/PrograProyectoArqui/Arqui2-Proyecto/qsys/qsys/synthesis/submodules/altera_reset_controller.v Line: 220
Info (12128): Elaborating entity "dsa_system_input_memory" for hierarchy "dsa_system:u_dsa_system|dsa_system_input_memory:input_memory" File: C:/Users/gabri/OneDrive/Desktop/PrograProyectoArqui/Arqui2-Proyecto/qsys/qsys/synthesis/dsa_system.v Line: 73
Info (12128): Elaborating entity "altsyncram" for hierarchy "dsa_system:u_dsa_system|dsa_system_input_memory:input_memory|altsyncram:the_altsyncram" File: C:/Users/gabri/OneDrive/Desktop/PrograProyectoArqui/Arqui2-Proyecto/qsys/qsys/synthesis/submodules/dsa_system_input_memory.v Line: 66
Info (12130): Elaborated megafunction instantiation "dsa_system:u_dsa_system|dsa_system_input_memory:input_memory|altsyncram:the_altsyncram" File: C:/Users/gabri/OneDrive/Desktop/PrograProyectoArqui/Arqui2-Proyecto/qsys/qsys/synthesis/submodules/dsa_system_input_memory.v Line: 66
Info (12133): Instantiated megafunction "dsa_system:u_dsa_system|dsa_system_input_memory:input_memory|altsyncram:the_altsyncram" with the following parameter: File: C:/Users/gabri/OneDrive/Desktop/PrograProyectoArqui/Arqui2-Proyecto/qsys/qsys/synthesis/submodules/dsa_system_input_memory.v Line: 66
    Info (12134): Parameter "byte_size" = "8"
    Info (12134): Parameter "init_file" = "UNUSED"
    Info (12134): Parameter "lpm_hint" = "ENABLE_RUNTIME_MOD=YES, INSTANCE_NAME=NONE"
    Info (12134): Parameter "lpm_type" = "altsyncram"
    Info (12134): Parameter "maximum_depth" = "65536"
    Info (12134): Parameter "numwords_a" = "65536"
    Info (12134): Parameter "operation_mode" = "SINGLE_PORT"
    Info (12134): Parameter "outdata_reg_a" = "UNREGISTERED"
    Info (12134): Parameter "ram_block_type" = "AUTO"
    Info (12134): Parameter "read_during_write_mode_mixed_ports" = "DONT_CARE"
    Info (12134): Parameter "read_during_write_mode_port_a" = "DONT_CARE"
    Info (12134): Parameter "width_a" = "32"
    Info (12134): Parameter "width_byteena_a" = "4"
    Info (12134): Parameter "widthad_a" = "16"
Info (12021): Found 1 design units, including 1 entities, in source file db/altsyncram_1tn1.tdf
    Info (12023): Found entity 1: altsyncram_1tn1 File: C:/Users/gabri/OneDrive/Desktop/PrograProyectoArqui/Arqui2-Proyecto/db/altsyncram_1tn1.tdf Line: 28
Info (12128): Elaborating entity "altsyncram_1tn1" for hierarchy "dsa_system:u_dsa_system|dsa_system_input_memory:input_memory|altsyncram:the_altsyncram|altsyncram_1tn1:auto_generated" File: c:/intelfpga_lite/20.1/quartus/libraries/megafunctions/altsyncram.tdf Line: 792
Info (12021): Found 1 design units, including 1 entities, in source file db/altsyncram_bbi2.tdf
    Info (12023): Found entity 1: altsyncram_bbi2 File: C:/Users/gabri/OneDrive/Desktop/PrograProyectoArqui/Arqui2-Proyecto/db/altsyncram_bbi2.tdf Line: 34
Info (12128): Elaborating entity "altsyncram_bbi2" for hierarchy "dsa_system:u_dsa_system|dsa_system_input_memory:input_memory|altsyncram:the_altsyncram|altsyncram_1tn1:auto_generated|altsyncram_bbi2:altsyncram1" File: C:/Users/gabri/OneDrive/Desktop/PrograProyectoArqui/Arqui2-Proyecto/db/altsyncram_1tn1.tdf Line: 39
Info (12021): Found 1 design units, including 1 entities, in source file db/decode_dla.tdf
    Info (12023): Found entity 1: decode_dla File: C:/Users/gabri/OneDrive/Desktop/PrograProyectoArqui/Arqui2-Proyecto/db/decode_dla.tdf Line: 23
Info (12128): Elaborating entity "decode_dla" for hierarchy "dsa_system:u_dsa_system|dsa_system_input_memory:input_memory|altsyncram:the_altsyncram|altsyncram_1tn1:auto_generated|altsyncram_bbi2:altsyncram1|decode_dla:decode4" File: C:/Users/gabri/OneDrive/Desktop/PrograProyectoArqui/Arqui2-Proyecto/db/altsyncram_bbi2.tdf Line: 52
Info (12021): Found 1 design units, including 1 entities, in source file db/decode_61a.tdf
    Info (12023): Found entity 1: decode_61a File: C:/Users/gabri/OneDrive/Desktop/PrograProyectoArqui/Arqui2-Proyecto/db/decode_61a.tdf Line: 23
Info (12128): Elaborating entity "decode_61a" for hierarchy "dsa_system:u_dsa_system|dsa_system_input_memory:input_memory|altsyncram:the_altsyncram|altsyncram_1tn1:auto_generated|altsyncram_bbi2:altsyncram1|decode_61a:rden_decode_b" File: C:/Users/gabri/OneDrive/Desktop/PrograProyectoArqui/Arqui2-Proyecto/db/altsyncram_bbi2.tdf Line: 54
Info (12021): Found 1 design units, including 1 entities, in source file db/mux_ahb.tdf
    Info (12023): Found entity 1: mux_ahb File: C:/Users/gabri/OneDrive/Desktop/PrograProyectoArqui/Arqui2-Proyecto/db/mux_ahb.tdf Line: 23
Info (12128): Elaborating entity "mux_ahb" for hierarchy "dsa_system:u_dsa_system|dsa_system_input_memory:input_memory|altsyncram:the_altsyncram|altsyncram_1tn1:auto_generated|altsyncram_bbi2:altsyncram1|mux_ahb:mux6" File: C:/Users/gabri/OneDrive/Desktop/PrograProyectoArqui/Arqui2-Proyecto/db/altsyncram_bbi2.tdf Line: 55
Info (12128): Elaborating entity "sld_mod_ram_rom" for hierarchy "dsa_system:u_dsa_system|dsa_system_input_memory:input_memory|altsyncram:the_altsyncram|altsyncram_1tn1:auto_generated|sld_mod_ram_rom:mgl_prim2" File: C:/Users/gabri/OneDrive/Desktop/PrograProyectoArqui/Arqui2-Proyecto/db/altsyncram_1tn1.tdf Line: 40
Info (12130): Elaborated megafunction instantiation "dsa_system:u_dsa_system|dsa_system_input_memory:input_memory|altsyncram:the_altsyncram|altsyncram_1tn1:auto_generated|sld_mod_ram_rom:mgl_prim2" File: C:/Users/gabri/OneDrive/Desktop/PrograProyectoArqui/Arqui2-Proyecto/db/altsyncram_1tn1.tdf Line: 40
Info (12133): Instantiated megafunction "dsa_system:u_dsa_system|dsa_system_input_memory:input_memory|altsyncram:the_altsyncram|altsyncram_1tn1:auto_generated|sld_mod_ram_rom:mgl_prim2" with the following parameter: File: C:/Users/gabri/OneDrive/Desktop/PrograProyectoArqui/Arqui2-Proyecto/db/altsyncram_1tn1.tdf Line: 40
    Info (12134): Parameter "CVALUE" = "00000000000000000000000000000000"
    Info (12134): Parameter "IS_DATA_IN_RAM" = "1"
    Info (12134): Parameter "IS_READABLE" = "1"
    Info (12134): Parameter "NODE_NAME" = "0"
    Info (12134): Parameter "NUMWORDS" = "65536"
    Info (12134): Parameter "SHIFT_COUNT_BITS" = "6"
    Info (12134): Parameter "WIDTH_WORD" = "32"
    Info (12134): Parameter "WIDTHAD" = "16"
Info (12128): Elaborating entity "sld_jtag_endpoint_adapter" for hierarchy "dsa_system:u_dsa_system|dsa_system_input_memory:input_memory|altsyncram:the_altsyncram|altsyncram_1tn1:auto_generated|sld_mod_ram_rom:mgl_prim2|sld_jtag_endpoint_adapter:jtag_signal_adapter" File: c:/intelfpga_lite/20.1/quartus/libraries/megafunctions/sld_mod_ram_rom.vhd Line: 302
Info (12128): Elaborating entity "sld_jtag_endpoint_adapter_impl" for hierarchy "dsa_system:u_dsa_system|dsa_system_input_memory:input_memory|altsyncram:the_altsyncram|altsyncram_1tn1:auto_generated|sld_mod_ram_rom:mgl_prim2|sld_jtag_endpoint_adapter:jtag_signal_adapter|sld_jtag_endpoint_adapter_impl:sld_jtag_endpoint_adapter_impl_inst" File: c:/intelfpga_lite/20.1/quartus/libraries/megafunctions/sld_jtag_endpoint_adapter.vhd Line: 232
Info (12128): Elaborating entity "sld_rom_sr" for hierarchy "dsa_system:u_dsa_system|dsa_system_input_memory:input_memory|altsyncram:the_altsyncram|altsyncram_1tn1:auto_generated|sld_mod_ram_rom:mgl_prim2|sld_rom_sr:\ram_rom_logic_gen:no_name_gen:info_rom_sr" File: c:/intelfpga_lite/20.1/quartus/libraries/megafunctions/sld_mod_ram_rom.vhd Line: 799
Info (12128): Elaborating entity "dsa_system_output_memory" for hierarchy "dsa_system:u_dsa_system|dsa_system_output_memory:output_memory" File: C:/Users/gabri/OneDrive/Desktop/PrograProyectoArqui/Arqui2-Proyecto/qsys/qsys/synthesis/dsa_system.v Line: 87
Info (12128): Elaborating entity "altsyncram" for hierarchy "dsa_system:u_dsa_system|dsa_system_output_memory:output_memory|altsyncram:the_altsyncram" File: C:/Users/gabri/OneDrive/Desktop/PrograProyectoArqui/Arqui2-Proyecto/qsys/qsys/synthesis/submodules/dsa_system_output_memory.v Line: 66
Info (12130): Elaborated megafunction instantiation "dsa_system:u_dsa_system|dsa_system_output_memory:output_memory|altsyncram:the_altsyncram" File: C:/Users/gabri/OneDrive/Desktop/PrograProyectoArqui/Arqui2-Proyecto/qsys/qsys/synthesis/submodules/dsa_system_output_memory.v Line: 66
Info (12133): Instantiated megafunction "dsa_system:u_dsa_system|dsa_system_output_memory:output_memory|altsyncram:the_altsyncram" with the following parameter: File: C:/Users/gabri/OneDrive/Desktop/PrograProyectoArqui/Arqui2-Proyecto/qsys/qsys/synthesis/submodules/dsa_system_output_memory.v Line: 66
    Info (12134): Parameter "byte_size" = "8"
    Info (12134): Parameter "init_file" = "UNUSED"
    Info (12134): Parameter "lpm_hint" = "ENABLE_RUNTIME_MOD=YES, INSTANCE_NAME=NONE"
    Info (12134): Parameter "lpm_type" = "altsyncram"
    Info (12134): Parameter "maximum_depth" = "16384"
    Info (12134): Parameter "numwords_a" = "16384"
    Info (12134): Parameter "operation_mode" = "SINGLE_PORT"
    Info (12134): Parameter "outdata_reg_a" = "UNREGISTERED"
    Info (12134): Parameter "ram_block_type" = "AUTO"
    Info (12134): Parameter "read_during_write_mode_mixed_ports" = "DONT_CARE"
    Info (12134): Parameter "read_during_write_mode_port_a" = "DONT_CARE"
    Info (12134): Parameter "width_a" = "32"
    Info (12134): Parameter "width_byteena_a" = "4"
    Info (12134): Parameter "widthad_a" = "14"
Info (12021): Found 1 design units, including 1 entities, in source file db/altsyncram_psn1.tdf
    Info (12023): Found entity 1: altsyncram_psn1 File: C:/Users/gabri/OneDrive/Desktop/PrograProyectoArqui/Arqui2-Proyecto/db/altsyncram_psn1.tdf Line: 28
Info (12128): Elaborating entity "altsyncram_psn1" for hierarchy "dsa_system:u_dsa_system|dsa_system_output_memory:output_memory|altsyncram:the_altsyncram|altsyncram_psn1:auto_generated" File: c:/intelfpga_lite/20.1/quartus/libraries/megafunctions/altsyncram.tdf Line: 792
Info (12021): Found 1 design units, including 1 entities, in source file db/altsyncram_uai2.tdf
    Info (12023): Found entity 1: altsyncram_uai2 File: C:/Users/gabri/OneDrive/Desktop/PrograProyectoArqui/Arqui2-Proyecto/db/altsyncram_uai2.tdf Line: 34
Info (12128): Elaborating entity "altsyncram_uai2" for hierarchy "dsa_system:u_dsa_system|dsa_system_output_memory:output_memory|altsyncram:the_altsyncram|altsyncram_psn1:auto_generated|altsyncram_uai2:altsyncram1" File: C:/Users/gabri/OneDrive/Desktop/PrograProyectoArqui/Arqui2-Proyecto/db/altsyncram_psn1.tdf Line: 39
Info (12021): Found 1 design units, including 1 entities, in source file db/decode_5la.tdf
    Info (12023): Found entity 1: decode_5la File: C:/Users/gabri/OneDrive/Desktop/PrograProyectoArqui/Arqui2-Proyecto/db/decode_5la.tdf Line: 23
Info (12128): Elaborating entity "decode_5la" for hierarchy "dsa_system:u_dsa_system|dsa_system_output_memory:output_memory|altsyncram:the_altsyncram|altsyncram_psn1:auto_generated|altsyncram_uai2:altsyncram1|decode_5la:decode4" File: C:/Users/gabri/OneDrive/Desktop/PrograProyectoArqui/Arqui2-Proyecto/db/altsyncram_uai2.tdf Line: 52
Info (12021): Found 1 design units, including 1 entities, in source file db/decode_u0a.tdf
    Info (12023): Found entity 1: decode_u0a File: C:/Users/gabri/OneDrive/Desktop/PrograProyectoArqui/Arqui2-Proyecto/db/decode_u0a.tdf Line: 23
Info (12128): Elaborating entity "decode_u0a" for hierarchy "dsa_system:u_dsa_system|dsa_system_output_memory:output_memory|altsyncram:the_altsyncram|altsyncram_psn1:auto_generated|altsyncram_uai2:altsyncram1|decode_u0a:rden_decode_b" File: C:/Users/gabri/OneDrive/Desktop/PrograProyectoArqui/Arqui2-Proyecto/db/altsyncram_uai2.tdf Line: 54
Info (12021): Found 1 design units, including 1 entities, in source file db/mux_2hb.tdf
    Info (12023): Found entity 1: mux_2hb File: C:/Users/gabri/OneDrive/Desktop/PrograProyectoArqui/Arqui2-Proyecto/db/mux_2hb.tdf Line: 23
Info (12128): Elaborating entity "mux_2hb" for hierarchy "dsa_system:u_dsa_system|dsa_system_output_memory:output_memory|altsyncram:the_altsyncram|altsyncram_psn1:auto_generated|altsyncram_uai2:altsyncram1|mux_2hb:mux6" File: C:/Users/gabri/OneDrive/Desktop/PrograProyectoArqui/Arqui2-Proyecto/db/altsyncram_uai2.tdf Line: 55
Info (12128): Elaborating entity "sld_mod_ram_rom" for hierarchy "dsa_system:u_dsa_system|dsa_system_output_memory:output_memory|altsyncram:the_altsyncram|altsyncram_psn1:auto_generated|sld_mod_ram_rom:mgl_prim2" File: C:/Users/gabri/OneDrive/Desktop/PrograProyectoArqui/Arqui2-Proyecto/db/altsyncram_psn1.tdf Line: 40
Info (12130): Elaborated megafunction instantiation "dsa_system:u_dsa_system|dsa_system_output_memory:output_memory|altsyncram:the_altsyncram|altsyncram_psn1:auto_generated|sld_mod_ram_rom:mgl_prim2" File: C:/Users/gabri/OneDrive/Desktop/PrograProyectoArqui/Arqui2-Proyecto/db/altsyncram_psn1.tdf Line: 40
Info (12133): Instantiated megafunction "dsa_system:u_dsa_system|dsa_system_output_memory:output_memory|altsyncram:the_altsyncram|altsyncram_psn1:auto_generated|sld_mod_ram_rom:mgl_prim2" with the following parameter: File: C:/Users/gabri/OneDrive/Desktop/PrograProyectoArqui/Arqui2-Proyecto/db/altsyncram_psn1.tdf Line: 40
    Info (12134): Parameter "CVALUE" = "00000000000000000000000000000000"
    Info (12134): Parameter "IS_DATA_IN_RAM" = "1"
    Info (12134): Parameter "IS_READABLE" = "1"
    Info (12134): Parameter "NODE_NAME" = "0"
    Info (12134): Parameter "NUMWORDS" = "16384"
    Info (12134): Parameter "SHIFT_COUNT_BITS" = "6"
    Info (12134): Parameter "WIDTH_WORD" = "32"
    Info (12134): Parameter "WIDTHAD" = "14"
Info (12128): Elaborating entity "dsa_system_pio_leds" for hierarchy "dsa_system:u_dsa_system|dsa_system_pio_leds:pio_leds" File: C:/Users/gabri/OneDrive/Desktop/PrograProyectoArqui/Arqui2-Proyecto/qsys/qsys/synthesis/dsa_system.v Line: 98
Info (12128): Elaborating entity "dsa_system_mm_interconnect_0" for hierarchy "dsa_system:u_dsa_system|dsa_system_mm_interconnect_0:mm_interconnect_0" File: C:/Users/gabri/OneDrive/Desktop/PrograProyectoArqui/Arqui2-Proyecto/qsys/qsys/synthesis/dsa_system.v Line: 131
Info (12128): Elaborating entity "altera_merlin_master_translator" for hierarchy "dsa_system:u_dsa_system|dsa_system_mm_interconnect_0:mm_interconnect_0|altera_merlin_master_translator:jtag_master_master_translator" File: C:/Users/gabri/OneDrive/Desktop/PrograProyectoArqui/Arqui2-Proyecto/qsys/qsys/synthesis/submodules/dsa_system_mm_interconnect_0.v Line: 312
Info (12128): Elaborating entity "altera_merlin_slave_translator" for hierarchy "dsa_system:u_dsa_system|dsa_system_mm_interconnect_0:mm_interconnect_0|altera_merlin_slave_translator:input_memory_s1_translator" File: C:/Users/gabri/OneDrive/Desktop/PrograProyectoArqui/Arqui2-Proyecto/qsys/qsys/synthesis/submodules/dsa_system_mm_interconnect_0.v Line: 376
Info (12128): Elaborating entity "altera_merlin_slave_translator" for hierarchy "dsa_system:u_dsa_system|dsa_system_mm_interconnect_0:mm_interconnect_0|altera_merlin_slave_translator:output_memory_s1_translator" File: C:/Users/gabri/OneDrive/Desktop/PrograProyectoArqui/Arqui2-Proyecto/qsys/qsys/synthesis/submodules/dsa_system_mm_interconnect_0.v Line: 440
Info (12128): Elaborating entity "altera_merlin_slave_translator" for hierarchy "dsa_system:u_dsa_system|dsa_system_mm_interconnect_0:mm_interconnect_0|altera_merlin_slave_translator:pio_leds_s1_translator" File: C:/Users/gabri/OneDrive/Desktop/PrograProyectoArqui/Arqui2-Proyecto/qsys/qsys/synthesis/submodules/dsa_system_mm_interconnect_0.v Line: 504
Info (12128): Elaborating entity "altera_merlin_master_agent" for hierarchy "dsa_system:u_dsa_system|dsa_system_mm_interconnect_0:mm_interconnect_0|altera_merlin_master_agent:jtag_master_master_agent" File: C:/Users/gabri/OneDrive/Desktop/PrograProyectoArqui/Arqui2-Proyecto/qsys/qsys/synthesis/submodules/dsa_system_mm_interconnect_0.v Line: 585
Info (12128): Elaborating entity "altera_merlin_slave_agent" for hierarchy "dsa_system:u_dsa_system|dsa_system_mm_interconnect_0:mm_interconnect_0|altera_merlin_slave_agent:input_memory_s1_agent" File: C:/Users/gabri/OneDrive/Desktop/PrograProyectoArqui/Arqui2-Proyecto/qsys/qsys/synthesis/submodules/dsa_system_mm_interconnect_0.v Line: 669
Info (12128): Elaborating entity "altera_merlin_burst_uncompressor" for hierarchy "dsa_system:u_dsa_system|dsa_system_mm_interconnect_0:mm_interconnect_0|altera_merlin_slave_agent:input_memory_s1_agent|altera_merlin_burst_uncompressor:uncompressor" File: C:/Users/gabri/OneDrive/Desktop/PrograProyectoArqui/Arqui2-Proyecto/qsys/qsys/synthesis/submodules/altera_merlin_slave_agent.sv Line: 608
Info (12128): Elaborating entity "altera_avalon_sc_fifo" for hierarchy "dsa_system:u_dsa_system|dsa_system_mm_interconnect_0:mm_interconnect_0|altera_avalon_sc_fifo:input_memory_s1_agent_rsp_fifo" File: C:/Users/gabri/OneDrive/Desktop/PrograProyectoArqui/Arqui2-Proyecto/qsys/qsys/synthesis/submodules/dsa_system_mm_interconnect_0.v Line: 710
Info (12128): Elaborating entity "dsa_system_mm_interconnect_0_router" for hierarchy "dsa_system:u_dsa_system|dsa_system_mm_interconnect_0:mm_interconnect_0|dsa_system_mm_interconnect_0_router:router" File: C:/Users/gabri/OneDrive/Desktop/PrograProyectoArqui/Arqui2-Proyecto/qsys/qsys/synthesis/submodules/dsa_system_mm_interconnect_0.v Line: 976
Info (12128): Elaborating entity "dsa_system_mm_interconnect_0_router_default_decode" for hierarchy "dsa_system:u_dsa_system|dsa_system_mm_interconnect_0:mm_interconnect_0|dsa_system_mm_interconnect_0_router:router|dsa_system_mm_interconnect_0_router_default_decode:the_default_decode" File: C:/Users/gabri/OneDrive/Desktop/PrograProyectoArqui/Arqui2-Proyecto/qsys/qsys/synthesis/submodules/dsa_system_mm_interconnect_0_router.sv Line: 181
Info (12128): Elaborating entity "dsa_system_mm_interconnect_0_router_001" for hierarchy "dsa_system:u_dsa_system|dsa_system_mm_interconnect_0:mm_interconnect_0|dsa_system_mm_interconnect_0_router_001:router_001" File: C:/Users/gabri/OneDrive/Desktop/PrograProyectoArqui/Arqui2-Proyecto/qsys/qsys/synthesis/submodules/dsa_system_mm_interconnect_0.v Line: 992
Info (12128): Elaborating entity "dsa_system_mm_interconnect_0_router_001_default_decode" for hierarchy "dsa_system:u_dsa_system|dsa_system_mm_interconnect_0:mm_interconnect_0|dsa_system_mm_interconnect_0_router_001:router_001|dsa_system_mm_interconnect_0_router_001_default_decode:the_default_decode" File: C:/Users/gabri/OneDrive/Desktop/PrograProyectoArqui/Arqui2-Proyecto/qsys/qsys/synthesis/submodules/dsa_system_mm_interconnect_0_router_001.sv Line: 173
Info (12128): Elaborating entity "altera_merlin_traffic_limiter" for hierarchy "dsa_system:u_dsa_system|dsa_system_mm_interconnect_0:mm_interconnect_0|altera_merlin_traffic_limiter:jtag_master_master_limiter" File: C:/Users/gabri/OneDrive/Desktop/PrograProyectoArqui/Arqui2-Proyecto/qsys/qsys/synthesis/submodules/dsa_system_mm_interconnect_0.v Line: 1074
Info (12128): Elaborating entity "dsa_system_mm_interconnect_0_cmd_demux" for hierarchy "dsa_system:u_dsa_system|dsa_system_mm_interconnect_0:mm_interconnect_0|dsa_system_mm_interconnect_0_cmd_demux:cmd_demux" File: C:/Users/gabri/OneDrive/Desktop/PrograProyectoArqui/Arqui2-Proyecto/qsys/qsys/synthesis/submodules/dsa_system_mm_interconnect_0.v Line: 1103
Info (12128): Elaborating entity "dsa_system_mm_interconnect_0_cmd_mux" for hierarchy "dsa_system:u_dsa_system|dsa_system_mm_interconnect_0:mm_interconnect_0|dsa_system_mm_interconnect_0_cmd_mux:cmd_mux" File: C:/Users/gabri/OneDrive/Desktop/PrograProyectoArqui/Arqui2-Proyecto/qsys/qsys/synthesis/submodules/dsa_system_mm_interconnect_0.v Line: 1120
Info (12128): Elaborating entity "dsa_system_mm_interconnect_0_rsp_demux" for hierarchy "dsa_system:u_dsa_system|dsa_system_mm_interconnect_0:mm_interconnect_0|dsa_system_mm_interconnect_0_rsp_demux:rsp_demux" File: C:/Users/gabri/OneDrive/Desktop/PrograProyectoArqui/Arqui2-Proyecto/qsys/qsys/synthesis/submodules/dsa_system_mm_interconnect_0.v Line: 1171
Info (12128): Elaborating entity "dsa_system_mm_interconnect_0_rsp_mux" for hierarchy "dsa_system:u_dsa_system|dsa_system_mm_interconnect_0:mm_interconnect_0|dsa_system_mm_interconnect_0_rsp_mux:rsp_mux" File: C:/Users/gabri/OneDrive/Desktop/PrograProyectoArqui/Arqui2-Proyecto/qsys/qsys/synthesis/submodules/dsa_system_mm_interconnect_0.v Line: 1234
Info (12128): Elaborating entity "altera_merlin_arbitrator" for hierarchy "dsa_system:u_dsa_system|dsa_system_mm_interconnect_0:mm_interconnect_0|dsa_system_mm_interconnect_0_rsp_mux:rsp_mux|altera_merlin_arbitrator:arb" File: C:/Users/gabri/OneDrive/Desktop/PrograProyectoArqui/Arqui2-Proyecto/qsys/qsys/synthesis/submodules/dsa_system_mm_interconnect_0_rsp_mux.sv Line: 326
Info (12128): Elaborating entity "altera_merlin_arb_adder" for hierarchy "dsa_system:u_dsa_system|dsa_system_mm_interconnect_0:mm_interconnect_0|dsa_system_mm_interconnect_0_rsp_mux:rsp_mux|altera_merlin_arbitrator:arb|altera_merlin_arb_adder:adder" File: C:/Users/gabri/OneDrive/Desktop/PrograProyectoArqui/Arqui2-Proyecto/qsys/qsys/synthesis/submodules/altera_merlin_arbitrator.sv Line: 169
Info (12128): Elaborating entity "dsa_system_mm_interconnect_0_avalon_st_adapter" for hierarchy "dsa_system:u_dsa_system|dsa_system_mm_interconnect_0:mm_interconnect_0|dsa_system_mm_interconnect_0_avalon_st_adapter:avalon_st_adapter" File: C:/Users/gabri/OneDrive/Desktop/PrograProyectoArqui/Arqui2-Proyecto/qsys/qsys/synthesis/submodules/dsa_system_mm_interconnect_0.v Line: 1263
Info (12128): Elaborating entity "dsa_system_mm_interconnect_0_avalon_st_adapter_error_adapter_0" for hierarchy "dsa_system:u_dsa_system|dsa_system_mm_interconnect_0:mm_interconnect_0|dsa_system_mm_interconnect_0_avalon_st_adapter:avalon_st_adapter|dsa_system_mm_interconnect_0_avalon_st_adapter_error_adapter_0:error_adapter_0" File: C:/Users/gabri/OneDrive/Desktop/PrograProyectoArqui/Arqui2-Proyecto/qsys/qsys/synthesis/submodules/dsa_system_mm_interconnect_0_avalon_st_adapter.v Line: 200
Info (12128): Elaborating entity "altera_reset_controller" for hierarchy "dsa_system:u_dsa_system|altera_reset_controller:rst_controller" File: C:/Users/gabri/OneDrive/Desktop/PrograProyectoArqui/Arqui2-Proyecto/qsys/qsys/synthesis/dsa_system.v Line: 194
Error (12002): Port "clk_0_clk" does not exist in macrofunction "u_dsa_system" File: C:/Users/gabri/OneDrive/Desktop/PrograProyectoArqui/Arqui2-Proyecto/rtl/dsa_system_wrapper.sv Line: 60
Error (12002): Port "reset_bridge_0_in_reset_reset" does not exist in macrofunction "u_dsa_system" File: C:/Users/gabri/OneDrive/Desktop/PrograProyectoArqui/Arqui2-Proyecto/rtl/dsa_system_wrapper.sv Line: 60
Warning (12241): 4 hierarchies have connectivity warnings - see the Connectivity Checks report folder
Info (144001): Generated suppressed messages file C:/Users/gabri/OneDrive/Desktop/PrograProyectoArqui/Arqui2-Proyecto/ModoSecuencial.map.smsg
Error: Quartus Prime Analysis & Elaboration was unsuccessful. 2 errors, 5 warnings
    Error: Peak virtual memory: 4903 megabytes
    Error: Processing ended: Sun Nov 30 22:48:37 2025
    Error: Elapsed time: 00:00:16
    Error: Total CPU time (on all processors): 00:00:31


+--------------------------------------------+
; Analysis & Elaboration Suppressed Messages ;
+--------------------------------------------+
The suppressed messages can be found in C:/Users/gabri/OneDrive/Desktop/PrograProyectoArqui/Arqui2-Proyecto/ModoSecuencial.map.smsg.


