171 171
150 153 156 152 153 154 165 167 155 172 153 153 153 153 153 152 185 151 152 153 153 195 151 153 155 156 155 156 212 155 155 156 156 155 155 156 156 155 155 155 155 154 155 155 244 246 154 155 156 2 3 158 6 158 158 158 159 158 159 159 160 27 163 163 163 37 160 37 159 160 155 156 157 157 158 158 54 157 158 159 160 160 160 70 155 156 152 71 152 153 153 80 152 154 87 153 153 153 153 153 152 152 100 152 153 153 153 151 152 154 156 155 155 156 155 155 156 156 136 155 156 156 144 155 155 155 154 154 155 156 156 154 155 156 160 173 158 158 158 158 158 159 158 159 159 160 161 163 163 205 207 160 160 159 160 210 156 157 157 158 158 158 225 158 158 160 160 160 160 238 155
152 152 151 154 152 152 166 152 155 171 153 178 154 152 151 186 152 152 152 151 151 194 149 156 154 154 154 154 154 154 154 154 154 154 154 154 156 154 154 154 154 154 154 156 157 244 153 154 252 156 159 4 6 156 158 162 14 159 159 160 160 27 161 163 163 36 160 37 160 160 41 157 157 158 161 160 158 158 159 159 162 162 70 158 157 158 154 151 152 152 152 152 151 155 86 152 155 154 152 153 155 101 152 152 151 151 151 149 156 154 154 154 154 154 154 154 154 154 154 154 154 157 143 154 154 154 154 154 154 157 157 161 154 157 154 158 160 158 176 157 162 184 157 159 160 160 163 162 161 163 206 160 161 158 210 213 157 157 158 159 158 158 158 159 159 160 162 162 240 157 242
157 152 152 152 152 152 154 172 154 152 153 175 151 152 151 157 152 152 152 152 152 153 196 153 154 154 154 154 154 154 154 154 157 153 154 154 158 154 154 154 154 154 154 154 245 154 153 154 155 158 159 162 8 163 11 162 164 17 158 22 158 160 27 29 31 156 157 161 40 40 160 158 159 160 53 162 158 163 163 160 64 159 66 164 159 71 151 152 152 152 152 153 157 153 85 152 157 151 152 151 157 99 152 152 152 151 153 111 156 154 154 154 154 154 154 154 154 136 153 154 154 158 154 154 154 154 154 154 154 154 154 153 154 154 154 173 162 163 163 159 162 164 187 158 159 158 160 159 158 158 204 161 158 163 210 156 217 159 160 164 159 228 160 160 164 161 159 240 160 245 242
152 152 152 152 153 158 153 153 153 152 153 158 183 152 152 152 152 152 152 152 153 196 152 153 154 154 209 154 154 217 152 153 219 153 154 154 154 155 160 154 154 154 154 154 154 154 154 153 248 152 152 151 159 10 163 158 164 160 160 159 160 160 159 29 30 161 158 158 159 39 154 42 164 161 158 165 165 158 158 159 159 159 160 162 75 163 152 152 152 153 152 153 153 153 85 152 157 158 152 152 152 152 152 152 152 152 111 111 152 154 154 156 154 154 127 152 153 154 134 154 154 154 160 160 154 154 154 154 154 154 154 154 167 162 151 152 151 153 163 163 158 164 166 160 197 160 160 203 159 164 205 157 164 214 210 208 161 163 222 164 158 165 158 158 159 159 159 160 161 164 163
152 152 152 152 161 152 152 152 154 171 152 152 160 153 152 152 151 152 152 153 160 203 203 201 154 154 163 154 154 220 154 163 165 154 154 157 160 231 154 154 154 154 154 154 154 154 154 153 0 151 151 154 153 162 154 20 163 166 167 158 165 34 165 31 156 160 33 164 46 46 162 162 163 161 165 158 158 158 158 158 166 161 172 76 165 166 69 152 152 152 77 151 152 154 86 152 152 159 152 152 152 98 152 152 153 115 161 152 153 154 154 162 123 154 155 162 162 144 135 154 156 166 146 153 154 154 154 154 154 154 154 154 161 154 162 150 154 153 154 154 165 163 166 197 158 159 168 165 160 156 154 157 164 165 157 154 162 154 221 165 158 158 158 158 231 159 160 164 165 164 166
152 152 152 152 152 152 154 154 154 152 171 151 176 151 153 152 159 160 197 153 152 154 154 154 154 154 154 154 221 225 156 155 156 225 157 159 240 229 153 154 154 154 154 154 154 154 154 154 250 4 164 6 4 159 153 154 153 154 164 20 165 34 155 155 39 28 166 45 154 154 37 163 51 154 165 158 55 166 158 160 163 164 166 168 169 171 152 152 152 152 152 153 154 154 85 86 150 92 151 153 106 106 109 152 160 152 153 154 154 154 154 154 154 154 167 130 154 135 158 140 159 155 155 153 154 154 154 154 154 154 154 154 154 154 166 154 165 163 182 153 154 153 154 154 157 165 168 155 155 167 164 165 167 154 154 153 163 221 154 165 158 159 158 158 240 163 163 253 168 168 7
152 152 152 152 152 152 154 154 155 152 182 152 165 164 153 182 152 152 154 154 154 154 154 154 154 154 154 155 169 170 216 155 232 157 157 159 226 165 154 154 154 154 154 154 154 166 154 154 153 166 253 152 9 161 165 153 153 154 166 166 22 161 152 152 27 165 28 166 34 153 37 37 153 154 155 53 159 160 161 67 164 168 171 186 175 178 152 152 152 152 152 153 154 154 97 98 163 164 93 153 97 151 163 154 108 154 154 154 154 154 154 154 154 156 131 132 154 169 157 140 159 142 165 145 154 154 154 154 154 154 154 154 154 163 154 167 180 152 152 153 189 179 154 166 166 167 188 152 152 152 165 152 166 154 153 154 207 151 154 154 159 159 160 161 164 164 167 170 186 175 178
152 152 152 152 152 152 168 168 169 183 164 185 151 152 153 153 153 157 154 154 168 154 154 154 154 154 154 169 227 154 228 156 160 171 158 159 226 154 243 154 154 154 154 154 156 153 153 168 153 154 12 152 153 3 151 152 7 167 17 151 151 22 152 152 152 166 31 166 37 164 42 162 164 168 170 170 175 161 163 164 168 171 176 177 181 183 152 152 152 152 152 167 166 86 166 164 87 150 94 153 152 166 156 106 154 154 154 154 154 154 154 154 154 142 154 131 155 157 152 158 159 142 154 168 154 154 154 154 154 168 171 153 168 177 154 154 152 153 187 187 152 178 167 153 152 199 154 152 152 152 152 152 152 168 153 156 220 167 168 157 173 175 160 245 164 167 171 175 177 181 183
154 152 152 152 152 152 152 168 185 151 171 152 152 153 181 151 154 204 171 174 210 154 154 154 154 154 154 153 227 156 154 156 158 158 174 160 228 154 154 154 154 154 154 154 155 153 153 153 153 157 154 154 168 153 166 152 163 150 150 162 31 161 166 166 166 166 166 167 152 169 166 149 152 152 46 156 160 165 168 170 174 177 183 186 188 189 69 152 152 152 152 152 81 100 151 86 151 152 153 153 96 153 170 154 174 111 154 154 154 154 154 154 123 156 156 129 156 173 158 173 160 143 154 154 154 154 154 154 154 155 158 153 153 153 154 170 154 186 169 189 151 152 178 197 150 167 149 166 166 166 166 166 167 167 220 221 149 150 154 230 155 159 164 168 0 174 176 181 186 198 189
154 152 152 152 152 152 152 152 152 152 150 152 152 153 153 151 152 206 173 212 154 154 154 154 154 154 154 153 157 236 176 158 158 158 158 161 242 154 154 154 154 154 154 154 160 153 153 153 172 173 173 173 151 153 162 163 165 23 146 164 164 16 145 164 163 163 164 166 149 51 163 168 163 171 173 158 164 171 175 178 182 186 189 193 194 211 69 152 152 152 152 152 152 152 168 85 151 152 153 153 151 151 172 155 127 154 154 154 154 154 154 154 123 156 177 175 158 158 139 175 159 160 143 154 154 154 154 154 155 174 176 153 153 154 173 173 173 169 152 172 167 191 149 193 147 146 182 145 147 204 163 164 166 167 169 149 168 149 151 157 157 163 169 174 178 182 184 189 193 194 208
154 152 152 152 152 153 165 151 152 170 152 151 174 172 153 203 154 154 175 211 154 154 154 154 154 154 154 157 159 231 156 158 179 244 160 229 153 154 154 154 154 154 154 154 153 153 153 154 249 151 152 152 151 152 22 161 3 10 162 161 161 160 162 161 19 21 161 165 167 169 40 169 170 154 157 163 168 175 181 205 186 188 193 218 197 200 69 152 152 152 152 153 80 152 85 151 88 174 95 153 171 153 154 154 128 154 154 154 154 154 154 154 154 176 148 155 158 178 180 160 159 140 154 154 154 154 154 154 154 153 153 153 154 163 163 152 152 151 152 193 171 147 192 161 193 161 195 162 200 162 162 161 164 166 168 171 169 169 153 156 162 166 175 180 205 186 187 192 217 197 200
153 152 156 152 152 154 153 153 153 171 152 152 153 153 153 153 154 155 176 154 154 154 154 154 154 154 154 229 154 153 219 220 178 181 159 251 153 154 154 154 154 154 154 154 153 153 153 153 12 153 252 151 151 172 15 169 25 20 157 139 155 158 157 157 158 152 158 156 159 161 32 142 146 156 159 167 174 180 183 187 189 192 196 200 200 201 72 152 151 171 154 83 153 153 86 152 152 152 153 96 100 154 174 176 154 154 154 154 154 154 154 154 176 154 127 158 158 157 180 159 166 140 154 154 154 154 154 154 154 153 153 153 153 154 153 167 173 151 192 191 148 169 192 136 135 155 157 156 157 157 158 158 156 158 161 164 198 145 154 158 166 172 178 182 186 15 191 195 199 200 201
153 152 152 151 178 154 155 154 155 194 152 152 152 178 177 154 179 190 191 154 154 154 154 154 154 154 154 154 157 183 240 244 240 154 177 245 153 154 154 154 154 154 154 154 154 154 153 158 154 15 153 150 17 13 17 249 164 20 16 241 7 152 23 153 151 12 143 149 152 155 137 143 40 156 166 175 181 187 187 94 190 195 111 224 225 200 152 152 151 154 82 154 154 154 89 152 152 152 175 174 154 176 156 155 154 154 154 154 154 154 154 154 154 154 182 182 181 158 154 136 154 140 154 154 154 154 154 154 154 154 154 153 154 154 178 153 167 151 189 142 139 163 140 134 180 148 151 133 131 192 195 125 149 151 154 160 142 146 153 163 173 179 186 186 188 190 193 199 223 216 36
153 152 178 187 154 154 165 152 153 178 152 152 152 155 153 179 155 153 153 154 154 154 154 154 154 154 154 154 154 184 161 243 154 243 180 154 154 154 154 154 154 154 154 154 154 154 154 154 19 253 154 21 12 141 16 8 140 10 245 241 123 150 126 125 254 127 4 4 142 125 140 146 153 161 173 176 182 188 190 192 195 226 199 226 200 201 152 152 181 154 154 83 151 152 178 152 152 152 154 96 178 102 153 153 154 154 154 154 154 154 154 154 154 154 182 183 157 154 154 180 154 154 154 154 154 154 154 154 154 154 154 154 154 183 168 154 155 151 162 187 184 135 187 130 155 149 150 152 125 126 126 130 175 173 125 137 144 151 160 171 175 181 187 207 18 193 225 199 226 26 201
153 152 180 182 154 152 165 193 152 152 179 178 180 181 181 150 154 154 154 154 154 154 154 154 154 154 154 183 157 158 240 154 154 154 154 154 154 154 154 154 154 154 154 154 154 154 154 154 18 254 182 153 2 145 15 13 8 147 152 152 8 123 152 126 128 11 153 130 8 135 148 154 160 167 175 181 186 218 190 220 199 199 198 200 201 201 152 152 181 154 77 181 109 151 87 179 115 179 97 181 124 153 179 154 154 154 154 154 154 154 154 154 182 126 182 183 154 154 154 154 154 154 154 154 154 154 154 154 154 154 154 154 182 183 156 182 169 172 162 159 184 179 176 151 152 184 123 126 126 128 130 132 179 179 133 146 153 158 165 174 181 185 218 190 224 199 199 198 199 201 201
153 152 152 152 152 152 196 165 180 149 151 150 151 153 153 182 154 154 154 154 154 154 154 154 154 154 154 154 153 154 154 154 154 154 154 154 154 154 154 154 154 154 154 154 17 184 154 184 19 153 154 154 15 248 16 10 6 1 146 7 124 124 124 129 131 136 140 139 25 146 157 162 167 173 180 186 186 190 195 198 203 204 228 202 202 207 152 152 152 152 152 183 84 149 82 150 150 150 153 153 97 153 154 154 154 154 154 154 154 154 154 154 154 153 153 154 154 154 154 154 154 154 154 154 154 154 154 154 154 184 184 154 183 155 195 154 154 202 165 188 182 177 172 144 151 123 124 124 130 131 135 142 215 189 144 155 161 166 171 179 185 186 189 193 14 202 204 25 232 202 205
152 152 156 152 152 153 195 152 203 181 182 149 151 155 186 182 154 154 154 154 154 154 154 154 154 154 154 156 152 155 154 154 154 154 154 154 154 154 154 154 154 154 154 155 153 159 184 157 182 26 184 183 29 24 15 231 226 110 143 151 124 124 155 134 136 141 146 149 147 153 160 168 171 178 185 90 193 194 199 201 205 206 206 206 207 208 184 152 152 152 152 179 152 187 149 182 90 150 153 186 97 153 154 154 154 154 154 154 154 154 154 154 124 152 154 154 154 154 154 154 154 154 154 154 154 154 154 154 155 156 157 190 191 192 183 183 183 200 196 188 179 140 169 112 150 124 124 130 133 136 140 149 149 198 152 158 167 170 176 184 189 193 194 197 28 205 206 40 206 228 208
152 152 190 152 152 154 199 151 187 150 148 203 151 155 154 214 154 154 154 154 154 154 154 154 154 154 188 189 158 189 154 154 154 154 154 154 154 154 154 154 154 154 154 189 159 15 154 18 178 20 178 180 179 148 13 229 3 110 113 120 126 131 136 141 147 177 178 181 154 159 169 176 178 183 191 222 199 199 200 112 119 208 243 209 209 214 151 152 152 152 153 154 84 187 87 88 179 150 153 154 97 153 154 154 154 154 154 154 154 154 154 186 186 154 188 154 154 154 154 154 154 188 188 154 154 154 154 154 188 190 191 148 189 188 178 178 180 196 163 187 145 175 110 112 118 126 129 134 140 145 150 229 155 236 158 166 176 177 181 189 195 197 199 200 204 242 207 243 209 35 212
153 152 192 152 154 154 190 152 205 170 152 153 152 154 154 153 154 154 154 154 154 154 154 154 154 154 153 153 211 154 158 154 154 154 154 154 191 154 159 154 154 154 154 190 23 149 21 18 17 14 171 170 171 20 9 3 146 111 116 124 129 134 139 145 152 156 160 40 161 165 172 219 212 187 195 198 201 204 206 206 113 208 239 247 212 244 152 152 151 154 154 185 188 153 85 151 151 151 99 154 98 154 154 154 154 154 154 154 154 154 154 122 122 155 154 154 154 154 154 154 154 189 154 145 154 154 154 154 154 155 153 192 189 142 185 136 185 136 136 180 175 171 110 114 122 128 133 138 144 150 156 158 162 160 164 170 180 184 185 194 198 200 204 206 22 209 208 209 211 212 250
152 152 152 154 154 154 151 189 154 153 172 152 153 154 154 153 155 154 154 154 154 154 154 154 154 154 154 154 210 151 153 154 154 154 154 154 155 10 15 154 154 154 15 161 155 240 20 16 12 9 8 9 10 7 255 5 222 114 121 126 132 138 144 148 155 161 166 167 167 171 177 185 188 193 228 201 202 245 108 208 113 210 119 211 212 213 151 152 154 154 154 78 151 153 86 87 152 152 154 154 98 155 154 154 154 154 154 154 154 154 154 154 154 154 124 152 154 154 154 154 154 155 197 194 154 154 154 192 154 155 155 192 187 184 181 178 163 162 179 176 176 173 113 119 126 130 137 143 147 153 160 164 167 170 170 175 183 188 191 197 239 202 205 208 208 209 209 212 35 212 213
152 152 152 194 154 193 151 206 211 210 152 152 152 152 152 155 154 155 157 154 154 154 154 154 154 154 154 153 244 152 192 252 154 154 154 154 161 199 231 154 154 154 194 19 154 241 239 233 229 224 6 157 252 152 111 5 112 118 127 134 137 143 149 154 159 166 172 175 176 181 186 188 193 199 202 204 246 146 247 206 248 211 212 211 246 246 152 152 193 154 118 84 153 154 187 151 192 152 152 152 101 154 154 109 154 154 154 154 154 154 154 154 124 164 152 151 194 192 154 154 154 155 198 187 154 154 154 154 196 154 156 154 149 144 140 123 174 117 173 151 113 111 117 124 133 136 142 147 153 158 164 171 175 176 179 185 188 191 197 9 204 231 248 247 63 248 209 212 211 213 213
154 152 152 152 152 152 153 153 197 152 170 149 194 152 153 152 154 154 154 154 154 154 154 154 154 154 154 154 248 154 152 195 152 157 157 195 154 153 154 154 154 154 154 154 154 150 239 15 4 132 3 216 2 249 150 149 155 123 133 138 141 146 152 157 162 170 61 177 180 184 231 224 239 202 97 206 206 208 208 208 122 126 214 213 215 134 152 152 152 152 152 152 82 197 85 85 86 193 152 98 151 154 154 154 154 154 154 154 154 154 154 154 154 196 153 127 151 133 152 134 195 142 142 154 154 154 154 154 154 154 156 154 189 181 138 175 131 172 152 150 171 154 120 130 138 140 145 150 156 160 169 174 176 180 184 187 190 196 200 205 205 17 208 208 235 210 212 213 241 215 55
198 152 152 152 152 152 153 153 153 152 170 172 152 219 177 155 154 154 154 154 154 154 154 154 154 154 154 154 156 196 152 155 255 152 219 196 153 197 154 154 154 154 154 154 154 158 27 14 133 8 4 1 255 103 105 109 119 131 134 142 22 150 156 161 165 174 179 181 76 78 190 194 199 203 239 102 208 209 211 210 211 212 3 213 216 215 189 152 152 152 152 152 82 152 85 85 194 150 190 97 151 154 154 154 154 154 154 154 154 154 154 154 154 122 196 152 127 151 196 136 195 197 143 154 154 154 154 154 154 154 156 155 188 126 180 175 171 171 166 105 107 116 128 133 141 190 149 198 159 164 173 177 180 230 191 188 34 198 203 204 252 208 209 211 27 240 212 3 36 4 58
153 152 152 152 152 152 199 199 155 198 215 174 150 177 151 227 154 154 154 154 154 154 154 154 154 154 154 154 209 151 198 214 6 197 4 195 197 199 154 154 154 154 154 154 200 31 25 13 0 245 254 150 254 147 104 114 128 132 138 144 151 155 161 168 172 177 227 229 233 189 192 198 199 248 106 210 255 0 2 216 251 215 130 214 216 216 69 152 152 152 152 198 88 84 85 86 151 149 151 150 153 105 154 154 154 154 154 154 154 154 154 154 154 124 151 198 131 197 195 199 135 197 199 154 199 154 154 154 154 154 202 198 187 173 167 167 166 168 167 149 111 126 132 136 189 149 154 159 166 171 181 226 228 232 189 191 203 199 248 251 209 239 210 2 215 32 215 52 54 216 216
153 152 152 152 152 152 152 152 219 217 153 174 221 177 152 154 154 154 154 154 154 154 154 154 154 154 154 154 253 154 151 214 215 153 195 149 150 149 200 203 202 200 202 202 31 26 18 219 247 103 141 143 249 144 151 116 132 136 140 146 154 159 199 171 174 177 181 230 186 190 193 199 201 201 206 248 2 212 213 217 216 218 255 215 215 215 152 152 152 152 152 152 152 155 153 153 89 151 151 151 201 101 154 154 154 154 154 154 154 154 154 154 154 154 154 126 152 151 128 195 196 150 139 199 203 202 200 201 202 202 192 191 136 166 155 94 142 144 144 148 113 130 136 139 144 153 158 163 170 174 177 179 186 186 190 192 255 201 231 205 2 240 211 212 216 35 218 87 215 215 215
153 152 152 152 152 152 152 152 152 153 154 225 177 155 153 202 154 154 154 154 154 154 154 154 154 154 154 154 155 212 152 214 216 2 147 156 197 197 153 196 196 198 156 198 20 26 19 216 201 237 130 132 139 142 150 119 141 143 182 149 158 164 168 171 176 65 182 185 187 191 193 200 201 201 0 208 3 254 214 217 218 218 216 216 215 215 152 152 152 152 152 152 152 152 152 154 204 152 152 194 200 154 154 154 154 154 154 154 154 154 154 154 154 155 129 152 152 151 131 147 149 183 197 186 196 196 197 198 197 199 197 191 133 120 155 145 131 137 141 147 114 139 143 223 147 156 162 167 170 174 179 181 185 186 191 191 200 201 201 255 2 240 7 8 216 218 218 39 216 41 215
153 152 152 152 152 152 152 152 152 153 154 206 227 152 155 204 154 236 204 155 156 198 246 154 154 154 154 154 154 9 158 9 11 148 200 8 13 5 218 149 193 195 22 192 191 16 19 219 255 193 87 80 133 88 98 125 147 200 146 151 160 218 52 173 177 234 239 227 189 191 195 253 101 202 206 209 251 209 9 13 131 215 215 215 215 215 152 152 152 152 152 152 152 152 152 154 205 99 152 152 204 106 107 199 113 156 156 117 154 154 154 154 154 154 204 204 128 202 131 182 200 184 133 142 141 193 195 194 192 191 139 192 134 129 114 93 80 80 139 94 170 145 151 146 149 157 217 171 172 175 182 238 187 189 191 194 200 202 201 205 208 242 209 8 249 14 215 215 215 215 215
153 152 152 152 152 152 152 152 152 153 154 152 230 204 149 204 154 235 151 154 213 255 157 154 154 154 154 154 208 210 207 214 5 154 148 16 196 147 148 192 146 17 17 18 186 188 20 18 120 208 187 182 133 141 96 123 201 23 150 154 162 167 172 176 177 181 239 242 192 195 196 242 202 202 3 6 252 209 212 14 215 215 215 215 215 215 152 152 152 152 152 152 152 152 152 154 152 199 204 98 204 205 204 151 154 212 120 157 115 154 154 154 154 154 125 152 183 149 128 202 200 183 129 193 131 192 190 187 188 186 187 192 188 130 127 106 97 78 139 93 115 199 204 149 152 161 165 170 176 177 181 238 241 192 194 195 200 201 6 3 6 209 209 210 250 215 215 215 215 215 215
153 152 152 152 152 152 208 208 152 153 210 152 175 208 178 149 236 237 155 154 251 251 163 5 159 154 154 154 160 153 13 208 217 149 9 218 141 216 6 145 13 12 9 6 176 2 12 173 175 255 196 190 83 90 99 176 146 153 156 159 219 222 227 233 237 237 185 190 196 198 85 99 3 250 6 9 117 209 13 215 215 215 215 215 215 215 152 152 152 152 152 200 200 152 152 154 201 96 151 99 149 208 151 151 210 159 214 209 214 118 154 154 154 154 153 206 207 153 130 203 134 129 142 193 129 184 183 181 177 175 178 182 181 174 183 116 106 102 88 96 170 142 152 155 215 218 165 224 232 236 26 184 189 194 198 201 1 201 6 33 9 10 209 11 31 215 215 215 215 215 215
153 152 152 152 152 152 151 152 155 212 154 151 152 155 152 151 156 240 151 155 159 214 158 159 207 205 155 161 153 154 154 152 153 149 156 13 218 199 139 216 211 10 6 201 120 167 255 162 163 168 207 201 96 97 105 120 203 153 157 158 162 165 171 174 179 71 185 189 196 200 202 200 201 201 203 207 210 120 14 215 215 215 215 215 215 215 152 152 152 152 152 86 202 203 212 154 96 203 152 152 151 151 210 107 154 159 113 216 159 122 120 155 210 124 154 154 152 152 130 131 149 133 141 131 131 127 184 177 116 170 109 171 105 163 168 181 116 96 97 103 115 141 211 157 158 161 165 169 174 178 183 184 187 194 199 202 1 201 64 202 207 210 210 13 17 215 215 215 215 215 215
153 152 152 152 152 152 154 153 152 153 154 215 179 179 152 152 152 212 189 214 215 214 217 207 219 207 156 15 153 154 154 210 20 12 13 208 20 11 199 18 15 1 203 202 196 253 252 99 159 166 4 212 107 107 109 121 143 154 157 160 163 168 173 174 179 182 187 189 197 82 201 87 202 201 204 13 211 212 212 17 6 18 179 16 134 18 152 152 152 152 152 153 153 83 152 154 214 101 153 152 152 152 152 152 208 215 116 216 220 219 122 155 213 153 154 154 127 211 210 149 206 192 200 189 189 186 182 118 117 112 108 166 99 100 163 111 112 110 107 108 116 138 152 156 159 163 166 172 234 177 182 186 188 195 200 201 1 201 28 204 12 210 212 26 251 17 18 251 15 251 16
153 152 152 152 152 152 154 153 152 233 214 214 233 214 213 152 243 152 247 152 154 154 154 4 155 156 207 216 14 7 14 207 208 154 19 20 19 198 197 17 138 14 3 205 201 196 193 194 193 101 113 115 115 116 119 128 206 155 159 163 167 170 173 174 180 181 189 192 4 96 101 200 201 203 208 2 15 210 113 209 209 209 209 209 209 213 152 152 152 152 152 153 153 83 148 214 150 96 213 155 214 214 152 152 152 154 154 154 220 122 156 213 212 211 209 185 184 127 208 207 206 201 186 126 127 185 184 122 121 117 111 109 101 168 99 174 192 193 115 119 124 202 154 158 163 166 169 173 174 179 26 188 192 2 5 8 200 200 202 207 209 209 248 19 26 209 209 209 209 209 212
153 152 152 152 152 152 154 216 216 232 148 150 174 214 152 214 152 154 154 155 154 154 156 164 157 15 160 6 9 140 197 196 6 3 190 2 255 122 177 176 252 181 181 11 10 251 115 166 251 106 116 120 123 137 127 134 146 157 224 166 171 174 176 178 182 247 253 255 196 81 201 200 201 12 113 208 209 210 124 209 5 210 210 210 210 20 152 152 152 152 152 153 81 207 93 83 150 89 213 99 214 216 154 154 155 154 154 214 158 157 217 125 183 181 171 196 111 197 175 190 173 170 167 176 176 181 181 181 181 181 177 175 173 166 103 114 119 123 124 126 131 142 155 223 165 170 174 175 177 182 188 188 255 195 199 9 200 201 243 16 208 209 210 212 49 209 209 210 210 252 211
153 152 152 152 152 152 154 154 151 237 151 218 175 149 155 152 154 162 157 158 157 224 224 158 158 207 16 2 5 252 247 243 122 120 174 244 239 234 220 152 156 227 155 155 233 156 247 155 161 172 118 124 130 35 135 141 150 159 164 169 174 178 66 182 182 236 253 1 195 249 201 10 252 12 13 4 19 109 20 213 10 212 212 23 23 137 152 152 152 152 152 153 81 91 218 94 217 98 149 151 152 108 157 157 158 217 218 158 185 158 122 216 180 177 168 163 158 179 159 156 174 154 150 81 145 155 153 154 155 156 156 161 154 159 170 115 123 128 136 134 139 147 158 167 168 174 176 247 182 224 185 37 255 193 198 200 200 200 12 12 17 18 211 20 212 54 212 212 23 23 62
153 152 152 152 152 152 154 166 153 150 152 151 177 152 154 156 157 157 166 229 161 15 158 164 226 19 203 143 4 250 238 229 230 100 221 150 220 215 140 215 134 135 137 137 140 229 139 140 144 165 183 196 135 139 143 149 157 160 166 173 175 180 251 183 186 188 189 83 4 198 201 102 254 201 255 17 21 109 209 213 117 212 212 212 212 212 152 152 152 152 152 153 81 151 218 152 88 152 152 154 156 104 157 160 229 161 223 158 119 221 190 186 112 176 167 155 145 166 141 137 148 69 131 140 131 134 135 136 137 140 140 138 140 142 161 179 194 134 141 141 147 155 159 165 171 175 179 251 183 184 188 189 1 190 9 200 242 201 201 201 16 21 211 209 25 213 212 212 212 212 212
153 152 152 152 152 152 154 152 168 151 152 151 224 154 155 157 162 164 12 167 168 9 161 156 204 202 17 143 6 183 170 159 226 218 211 138 199 210 136 201 142 131 133 136 66 68 139 70 71 152 170 125 137 142 149 156 162 167 170 55 176 181 183 184 188 188 241 188 191 10 13 199 14 14 201 201 19 208 22 209 27 131 212 212 212 212 152 152 152 152 152 153 81 152 150 152 88 223 154 154 157 160 164 236 115 162 116 114 122 156 117 221 112 179 99 87 76 160 133 127 123 137 124 135 57 62 127 132 135 136 68 70 70 70 149 165 191 135 162 148 154 160 166 168 174 174 180 183 184 188 188 188 188 190 8 12 199 14 14 245 201 248 208 22 50 26 27 212 212 212 212
153 152 152 152 152 152 153 152 168 152 151 175 153 154 156 163 166 167 172 203 162 19 156 156 154 19 201 199 193 183 174 163 224 210 202 198 187 62 123 125 129 72 216 71 133 68 71 71 73 148 89 193 138 144 151 158 165 172 174 177 179 181 182 186 188 79 187 5 243 6 7 10 11 15 16 1 18 23 208 209 209 26 27 214 17 27 152 152 152 152 152 152 81 152 151 95 98 152 154 155 162 165 167 167 118 162 227 120 156 154 220 120 145 109 171 90 81 139 127 119 126 112 122 123 124 127 132 132 131 132 68 71 71 72 147 86 186 136 143 151 157 163 170 246 176 179 181 182 186 188 194 187 4 4 197 7 10 10 14 33 200 17 22 208 255 209 209 27 213 64 39
153 152 152 152 152 152 154 152 168 151 173 148 154 251 235 165 168 174 18 18 162 204 12 13 203 202 19 18 196 187 178 165 150 138 124 115 112 187 47 111 123 71 213 125 66 135 145 153 80 82 165 118 138 146 151 159 168 247 174 179 181 181 186 186 6 79 81 83 187 7 187 6 7 11 14 199 4 201 25 209 209 128 30 136 30 210 152 152 152 152 152 153 156 152 151 153 94 152 154 231 164 167 169 169 127 118 162 190 156 224 117 218 216 112 103 94 84 66 55 42 31 25 112 108 111 120 132 129 125 127 133 142 151 80 81 163 111 209 146 150 157 166 172 17 177 180 181 185 39 6 193 234 6 187 6 51 6 6 10 13 199 200 201 24 0 209 209 210 31 212 39
153 152 228 152 152 152 230 152 168 151 247 153 159 156 159 13 170 19 175 175 205 168 157 164 17 22 198 219 16 11 183 170 234 143 129 116 47 45 34 47 113 124 50 134 198 60 128 145 80 101 90 192 143 148 153 161 247 251 177 236 182 185 188 189 244 9 65 187 7 244 182 184 187 9 14 18 113 201 204 29 209 15 211 212 212 18 216 216 152 152 152 229 92 152 217 220 153 222 156 109 166 245 127 238 129 121 232 116 233 194 193 113 213 111 183 175 87 75 61 47 32 24 24 34 35 111 122 126 49 47 46 126 142 154 85 88 185 138 242 152 158 245 250 22 180 182 185 187 188 230 8 237 194 194 50 190 183 57 189 13 245 21 21 203 28 209 209 211 6 6 39
154 153 157 152 152 152 152 154 154 247 231 155 156 157 160 168 247 178 207 209 205 170 204 158 205 201 21 16 14 9 248 175 167 151 136 120 110 36 178 35 37 121 124 135 47 214 123 136 151 162 92 114 219 228 154 162 248 174 178 182 183 187 189 191 60 189 143 244 8 242 241 4 7 187 99 16 21 20 26 204 30 32 195 33 124 32 153 153 152 152 152 152 154 154 222 166 154 156 156 159 245 168 250 122 171 120 127 120 230 120 116 191 186 184 181 173 91 83 68 54 37 27 36 26 34 35 120 123 127 47 47 123 132 148 160 91 108 214 150 152 160 247 173 178 181 183 9 189 197 231 188 59 48 8 57 189 4 6 9 12 15 20 247 25 19 29 31 109 32 212 6
152 232 152 152 152 152 153 154 154 153 154 154 155 158 240 247 171 171 207 32 29 165 33 206 237 204 198 193 191 185 127 122 247 150 139 126 118 42 117 52 40 42 44 51 208 52 67 54 143 162 94 194 216 230 233 240 169 254 255 180 183 186 248 189 81 12 143 80 5 241 240 3 4 8 11 192 21 198 201 29 127 31 17 17 34 208 219 152 152 152 152 152 154 154 153 234 234 154 157 159 244 170 171 171 243 127 164 238 240 231 119 113 108 106 101 93 170 166 68 136 44 34 32 32 40 40 41 43 49 54 56 59 54 139 157 92 188 212 228 232 239 247 174 255 178 183 184 189 47 55 188 59 190 55 47 48 59 4 7 186 14 20 10 200 28 31 31 57 59 33 117
152 151 151 152 152 152 236 236 236 157 234 238 238 158 160 162 250 251 251 22 244 245 242 168 239 204 198 195 191 187 3 248 239 228 142 130 201 41 42 42 42 124 45 132 136 143 217 56 143 163 94 192 211 226 152 159 168 174 1 5 8 13 188 188 82 144 142 140 3 175 59 174 175 179 96 192 24 98 201 30 32 112 205 208 208 209 68 151 152 152 152 235 236 154 97 169 236 155 157 160 161 249 251 201 200 199 201 201 242 202 119 114 110 106 103 93 166 156 146 58 50 116 32 42 42 42 42 45 130 135 142 66 56 142 157 92 188 207 224 232 158 166 174 0 4 7 11 188 188 16 195 58 55 53 227 175 174 175 178 11 190 23 200 200 29 31 56 205 208 208 209
152 152 152 152 152 152 152 152 152 171 253 151 4 156 159 244 247 246 247 26 240 157 157 30 236 21 27 143 193 187 175 165 153 144 144 133 117 56 42 192 122 41 129 130 135 140 60 59 62 81 178 192 127 142 150 161 167 0 119 177 182 183 16 188 60 80 57 140 175 239 172 172 174 7 13 19 23 26 27 13 31 34 34 205 35 37 69 152 152 152 152 152 152 152 86 152 151 155 156 159 160 162 194 246 197 111 157 241 234 236 230 198 112 109 104 92 83 70 59 76 52 33 126 33 43 42 38 128 129 134 139 60 68 61 76 175 189 123 140 147 160 166 255 2 4 9 183 15 188 188 58 229 55 225 46 45 172 174 6 184 17 22 26 43 201 29 33 34 33 207 37
152 155 152 152 152 152 152 154 152 171 156 237 156 7 245 160 165 157 158 243 162 159 26 156 18 27 24 225 23 17 7 165 153 144 218 227 129 121 56 207 54 40 42 44 50 141 60 62 67 83 96 114 131 142 153 246 167 172 5 178 180 183 16 187 60 81 143 76 6 240 238 2 3 173 13 18 22 25 198 14 32 194 14 200 35 38 70 152 152 152 152 152 152 152 97 87 237 155 232 244 160 115 115 158 235 117 195 238 115 227 227 195 193 194 189 179 83 156 59 159 144 47 37 34 129 40 40 41 43 49 55 60 62 65 79 93 109 127 141 151 245 252 171 179 35 180 183 184 51 188 16 59 56 184 57 56 2 3 53 10 17 21 25 27 201 31 22 30 200 5 37
152 242 152 152 152 152 152 152 156 242 174 151 154 155 156 246 191 245 18 243 192 17 147 194 141 24 21 218 15 13 5 164 151 87 227 226 221 51 121 56 197 42 41 45 140 57 60 66 77 92 106 125 140 149 157 249 168 5 175 178 180 183 16 78 146 148 55 143 238 1 2 55 168 171 11 16 21 25 27 118 32 195 126 200 201 131 157 152 152 152 152 152 152 153 241 242 151 154 106 156 245 159 236 245 243 107 238 106 148 110 194 225 186 187 184 176 81 69 146 143 140 138 41 37 35 131 42 40 45 51 56 60 64 75 89 103 121 136 147 156 248 167 177 174 178 180 183 15 18 17 17 226 58 54 44 2 225 167 171 8 16 19 24 195 31 32 52 201 200 116 202
153 152 152 152 152 152 152 153 152 170 243 242 244 245 246 158 158 155 191 154 194 24 154 24 231 189 19 14 10 9 0 253 151 232 137 223 206 66 127 123 123 42 134 47 52 59 62 71 84 99 115 131 141 150 158 162 168 171 177 132 14 50 183 15 16 147 76 143 52 50 54 54 169 5 246 14 18 178 25 30 190 198 34 36 202 129 152 152 152 152 152 152 153 83 152 241 242 243 245 246 157 105 104 155 153 154 195 146 195 224 110 190 185 182 180 172 168 157 148 53 139 134 53 42 38 133 42 43 47 51 58 62 69 81 95 112 128 138 147 157 160 168 199 176 180 13 184 183 221 182 17 59 58 224 221 169 225 169 181 9 13 17 23 24 29 30 31 34 35 202 29
153 152 152 152 152 152 154 154 153 170 149 149 154 158 246 17 249 246 246 154 23 190 25 26 231 22 16 130 7 4 253 252 244 142 137 131 218 51 209 67 130 205 46 49 55 62 64 162 176 98 209 134 144 150 158 162 169 172 13 16 180 19 183 144 16 249 13 145 143 71 146 1 166 3 8 12 18 185 24 27 195 195 34 34 38 114 152 152 152 152 152 153 154 233 85 149 149 149 152 245 248 248 195 246 154 154 106 104 236 139 193 188 183 179 198 169 167 69 58 52 138 132 143 146 53 142 43 46 49 54 61 63 160 173 95 205 131 141 149 157 161 167 200 175 16 180 18 183 58 16 180 59 51 58 56 6 1 166 3 7 10 17 185 23 25 31 195 33 34 38 60
152 151 157 152 152 152 248 156 151 248 247 245 150 150 150 248 156 190 154 154 24 30 29 187 25 184 137 11 6 163 249 249 147 234 228 128 218 141 142 207 220 139 139 143 145 154 159 164 83 99 115 136 143 151 160 163 8 172 175 180 180 182 183 251 179 51 243 70 48 47 237 143 2 3 7 248 178 21 23 26 112 28 32 34 17 36 68 152 152 152 152 174 153 94 248 181 151 184 150 93 247 112 156 154 154 202 201 240 102 195 99 94 184 177 194 164 183 159 149 143 138 133 131 142 142 134 139 139 142 144 152 157 163 80 96 111 132 143 149 159 0 6 33 174 180 214 181 183 52 221 223 219 48 168 165 164 1 1 2 6 10 14 20 22 25 29 189 31 33 195 35
152 151 157 152 152 152 152 5 248 152 151 174 11 152 157 152 156 30 250 155 33 24 191 189 185 184 179 173 164 162 249 241 236 231 226 208 119 46 46 220 204 42 58 140 142 150 158 164 83 195 117 136 164 249 255 2 168 11 16 23 20 22 183 182 53 52 11 70 243 142 67 143 255 3 6 171 14 20 23 185 26 26 190 33 193 18 68 152 152 152 152 152 154 234 152 151 152 248 151 105 152 155 242 250 155 204 107 106 111 101 99 94 89 80 82 69 157 152 147 141 136 35 46 46 40 133 138 42 139 141 149 157 161 79 96 113 132 144 247 254 1 7 176 15 22 215 181 183 222 56 223 58 169 169 217 45 2 255 162 5 10 13 18 22 185 26 26 189 32 51 194
152 151 254 152 152 152 153 153 154 154 252 175 149 152 182 251 162 190 154 254 151 151 152 197 191 188 185 180 172 166 156 150 141 81 131 127 123 144 144 124 41 123 39 41 141 146 153 160 179 101 118 137 145 153 158 162 169 172 18 182 22 23 255 24 54 179 48 244 48 47 47 144 161 4 163 11 171 19 179 182 89 26 29 31 34 126 68 250 152 152 152 152 95 153 154 239 103 100 151 154 250 155 156 154 245 115 116 152 151 107 103 100 96 88 82 74 65 58 50 46 43 39 141 142 46 36 38 39 41 140 145 152 158 174 97 113 133 145 152 157 160 167 172 17 23 56 181 182 24 24 223 221 179 219 165 163 3 160 173 5 168 171 18 21 182 185 25 28 189 33 37
152 152 152 152 152 152 154 154 154 154 154 158 17 254 253 153 155 34 25 152 29 152 152 198 41 193 193 188 182 175 168 161 154 146 143 136 130 121 208 209 43 42 41 141 141 46 48 156 76 202 123 140 148 157 161 164 172 175 176 180 182 24 74 180 180 157 155 154 52 73 48 162 162 162 164 170 171 173 179 27 7 27 29 184 187 122 152 152 152 152 152 153 154 154 154 154 154 253 254 242 108 112 246 242 152 116 243 152 152 249 116 235 104 98 92 84 76 71 63 59 52 46 37 147 46 142 41 41 141 141 50 48 153 71 198 117 137 146 155 160 164 170 175 44 24 182 187 25 179 188 183 225 224 57 221 219 218 162 174 164 169 171 173 178 26 182 27 28 42 31 191
154 152 152 152 152 152 152 152 152 153 154 177 152 152 151 150 0 158 151 155 164 196 152 152 159 196 40 35 185 181 130 176 172 160 152 148 137 127 61 61 58 143 142 40 142 149 149 156 179 101 228 140 253 4 164 166 175 174 178 27 183 183 183 183 183 56 56 255 55 168 168 168 170 170 171 171 173 175 24 27 27 26 26 26 29 190 69 152 152 152 152 152 152 152 152 154 154 152 152 94 150 255 100 151 155 249 119 152 152 119 111 211 207 100 97 93 91 87 77 68 64 54 44 38 146 37 142 140 40 40 148 149 153 173 97 222 139 250 157 163 165 173 202 178 26 29 183 183 191 183 183 180 227 226 221 168 168 170 182 170 184 173 175 177 26 101 26 26 26 43 34
153 152 152 152 152 152 152 152 152 153 154 177 152 20 149 152 154 154 154 154 155 195 41 160 254 44 194 134 144 187 181 176 172 161 3 253 71 136 125 225 222 140 141 146 146 46 45 53 74 202 226 242 253 158 18 16 22 176 178 179 254 25 29 77 27 1 28 157 154 16 20 22 24 173 23 68 174 175 176 5 177 7 27 181 182 188 152 152 152 152 152 152 152 152 152 154 154 152 244 103 151 2 154 154 154 3 110 108 254 217 215 109 104 103 103 97 91 87 77 175 169 61 52 42 37 137 140 140 145 42 46 46 50 69 198 220 136 250 5 164 15 173 182 178 179 60 185 29 29 69 27 27 73 69 15 19 173 24 82 186 239 173 174 176 177 177 178 27 180 8 186
3 2 152 152 152 152 152 152 152 153 154 26 152 150 2 152 154 154 154 154 45 193 34 158 157 155 195 31 29 30 183 176 172 161 153 146 70 248 128 228 118 51 34 146 41 47 53 61 80 98 121 136 253 158 166 170 174 32 140 138 245 136 11 11 11 241 12 14 149 12 16 20 22 172 173 175 174 176 175 27 29 191 9 26 182 19 2 152 152 152 152 152 152 152 152 154 4 152 244 1 152 153 154 154 154 5 117 214 117 110 109 143 108 212 134 100 92 87 77 70 62 56 162 46 144 33 34 33 144 41 46 51 59 75 95 115 134 250 156 165 169 174 47 24 53 51 172 49 52 10 11 12 13 14 11 14 19 22 22 72 76 240 176 81 191 194 53 178 192 30 187
152 151 152 152 152 152 152 152 152 153 7 151 24 25 151 5 154 154 154 154 38 36 45 253 252 144 48 150 136 194 187 181 176 168 156 147 70 247 131 124 121 119 36 40 46 54 60 69 84 104 125 139 148 159 18 21 251 248 131 122 224 58 239 240 159 58 240 244 246 248 254 9 16 20 22 2 27 28 176 175 30 192 103 174 33 36 151 152 152 152 152 152 152 152 152 7 196 152 248 151 4 101 154 154 154 154 216 215 213 252 252 111 216 113 136 211 97 92 83 73 63 166 162 155 40 36 145 35 40 44 52 58 67 79 101 120 137 146 157 166 20 25 51 48 38 32 27 22 240 240 17 239 243 246 33 253 6 15 19 21 186 26 28 176 247 29 90 193 89 32 36
152 152 152 152 152 152 152 152 152 153 154 151 153 180 152 153 154 154 154 154 40 47 191 146 144 254 196 193 193 194 190 188 183 173 166 155 144 246 131 127 237 60 42 155 160 57 64 72 86 111 133 145 154 159 19 246 127 60 107 85 76 65 191 191 194 194 198 205 213 221 230 244 4 11 250 21 4 27 31 174 29 102 174 32 179 35 152 152 152 152 152 152 152 152 152 154 88 152 153 152 251 101 154 154 154 255 108 216 146 144 253 254 108 137 136 104 103 99 89 81 73 62 52 47 42 156 39 40 44 159 56 63 71 82 106 129 144 152 179 18 21 44 31 25 3 249 237 230 89 193 194 197 203 212 219 227 241 255 10 16 20 26 26 30 247 29 107 174 31 43 34
152 152 152 152 152 152 152 152 152 153 154 151 9 29 181 154 154 154 154 154 194 195 148 157 3 2 144 198 196 195 195 190 188 181 174 169 253 145 135 235 234 154 156 46 52 60 67 74 91 112 134 146 156 158 16 125 105 88 68 45 37 28 24 155 159 5 162 170 181 194 209 225 238 247 5 17 23 174 177 10 10 174 174 178 178 35 152 152 152 152 152 152 152 152 152 154 88 9 152 153 152 154 154 154 154 154 153 251 107 2 222 111 143 245 137 135 106 103 96 90 84 74 64 53 41 149 153 156 157 51 57 65 72 87 108 129 144 154 30 165 41 25 3 245 219 209 200 196 52 159 160 160 168 177 191 204 223 236 244 2 15 23 29 177 248 175 174 174 178 252 35
152 152 152 152 152 152 152 152 152 153 154 177 9 158 152 11 154 12 154 153 153 152 196 149 147 148 157 144 199 196 195 194 193 185 181 175 96 160 143 127 57 39 61 158 163 171 180 74 92 113 134 149 12 41 234 107 84 62 39 173 51 167 153 153 67 151 159 167 63 65 180 193 210 230 245 255 14 30 33 99 176 175 32 35 110 177 152 152 152 152 152 152 152 152 152 154 154 90 152 107 254 12 0 154 106 153 118 120 149 110 148 120 251 143 112 243 109 129 100 96 90 86 78 63 44 35 36 41 157 162 170 178 185 88 109 130 146 11 162 34 27 3 236 214 89 51 83 192 184 153 37 158 165 61 65 180 190 206 226 243 252 10 28 32 34 176 92 191 35 36 177
152 152 152 152 152 152 152 152 152 153 154 36 151 152 181 10 12 154 43 153 153 154 14 153 200 163 150 202 200 199 197 197 195 189 186 178 101 168 154 136 124 40 240 41 160 167 183 78 95 114 133 7 10 120 110 94 69 48 179 31 51 29 153 37 25 154 44 52 72 75 104 68 78 103 229 237 1 23 170 173 175 195 174 176 177 178 152 152 152 152 152 152 152 152 152 154 255 151 12 153 10 11 154 14 106 153 154 154 123 124 151 124 117 121 114 247 112 110 105 102 93 88 85 73 54 41 40 40 156 43 165 180 74 91 110 130 5 9 14 27 14 245 221 96 202 59 201 193 37 153 153 42 166 68 75 127 123 75 99 228 235 252 19 30 172 175 110 173 175 177 178
14 152 14 152 152 152 152 152 152 153 154 37 12 152 37 152 154 154 154 153 153 17 16 16 154 17 205 148 53 5 5 156 205 201 196 189 182 176 164 151 133 221 120 154 155 163 179 195 92 228 247 2 6 86 99 76 55 44 42 175 32 165 152 251 34 36 160 53 199 109 52 231 86 105 104 226 241 13 30 171 13 78 173 17 38 39 152 251 152 152 152 152 152 152 152 154 90 103 0 153 152 153 154 154 117 153 154 6 154 154 16 153 125 3 116 255 124 125 116 112 104 99 92 83 67 51 158 35 153 154 161 175 191 89 225 243 1 6 26 17 252 230 216 206 89 204 200 192 46 185 35 159 49 192 103 165 150 84 103 167 122 236 7 28 33 172 93 173 38 38 39
151 17 15 152 152 152 152 152 152 153 154 176 151 160 18 154 154 154 162 17 163 17 18 154 154 154 154 206 57 161 55 159 208 206 205 199 187 176 31 156 141 126 122 34 154 159 175 76 210 227 125 3 247 109 98 208 191 181 43 38 32 27 21 153 250 153 158 167 193 137 34 16 122 15 60 137 232 4 27 31 35 35 38 105 107 109 252 13 152 152 152 152 152 152 152 154 154 151 18 18 154 154 154 154 17 7 16 122 154 154 154 154 128 240 147 120 3 144 121 124 116 104 93 84 193 59 44 37 35 34 158 169 190 88 224 122 1 147 24 14 129 109 97 71 209 205 199 73 153 42 152 157 164 186 123 205 192 121 188 173 167 226 253 24 183 34 35 37 193 38 39
149 15 148 152 25 152 152 152 152 153 154 176 177 154 161 155 154 154 55 17 151 193 151 154 154 154 154 154 208 149 150 210 210 59 72 64 190 180 34 23 147 132 126 123 36 36 54 76 90 104 123 137 145 144 239 217 197 183 179 174 33 26 20 152 62 32 36 162 179 3 74 68 154 43 19 1 221 241 20 28 34 36 37 15 172 38 84 147 255 1 152 152 152 152 152 154 153 152 19 153 155 7 154 104 6 151 7 150 154 154 154 154 154 123 8 150 125 145 143 122 237 107 96 207 196 64 49 43 38 36 37 48 193 88 102 119 135 144 25 158 137 116 101 216 89 205 198 192 151 186 32 35 161 171 241 70 212 153 217 195 175 165 234 13 27 33 36 37 98 172 172
151 151 149 152 28 28 152 152 152 21 23 176 152 22 21 154 154 154 163 22 151 163 164 150 203 154 154 154 211 151 149 161 210 71 67 64 191 46 164 22 17 142 135 47 239 51 61 82 90 107 126 142 151 5 250 233 204 187 46 40 31 158 153 31 33 255 4 163 168 218 2 22 165 54 38 12 250 233 6 20 28 32 36 170 172 43 67 68 152 95 152 2 152 152 20 23 154 152 21 219 154 154 154 154 22 151 153 153 235 155 154 154 154 155 131 11 124 146 243 239 236 232 219 82 71 190 58 51 48 48 49 60 76 88 103 122 139 149 155 167 152 125 104 218 212 204 74 183 30 43 33 36 162 41 206 250 18 31 227 213 188 167 229 255 18 26 31 35 170 172 174
152 24 149 152 154 154 166 33 152 152 152 158 177 153 154 154 154 154 51 152 24 195 162 151 74 154 154 25 24 23 151 211 209 152 199 196 191 181 166 155 150 144 55 245 248 182 67 85 97 114 135 148 157 248 3 244 221 200 28 182 172 166 165 41 75 43 42 44 60 86 231 0 31 179 171 26 4 115 139 151 155 163 78 171 171 173 89 68 152 154 154 154 22 152 152 103 90 153 152 154 154 114 11 154 116 12 153 120 151 26 154 154 24 16 132 151 126 124 118 114 111 232 98 85 71 67 59 54 55 55 55 64 81 94 110 131 145 156 159 175 162 141 118 103 98 88 81 42 40 43 43 202 44 55 80 227 250 27 94 87 202 178 111 134 148 155 160 170 171 253 173
153 28 26 153 154 154 38 35 152 152 24 175 43 154 154 26 27 154 26 152 24 152 151 163 26 154 154 66 163 151 23 69 212 139 203 200 194 189 183 173 159 147 57 79 57 255 68 218 107 125 145 159 163 165 137 254 244 236 229 222 222 218 125 95 98 96 67 96 99 106 121 141 28 175 45 39 18 131 149 27 158 163 169 44 171 174 154 90 152 154 154 7 24 152 152 103 105 26 154 154 26 26 115 154 105 12 119 151 151 153 154 18 154 120 22 16 23 132 125 118 116 112 105 98 89 76 64 57 185 187 59 65 83 232 121 141 156 162 185 181 43 160 152 145 137 102 134 103 252 108 1 96 95 99 103 116 138 153 29 216 84 192 126 146 155 157 162 167 43 105 173
152 30 152 153 28 154 165 152 152 152 152 175 151 27 161 58 27 154 163 26 151 152 163 152 29 167 154 28 70 71 211 149 212 211 212 65 210 204 199 189 177 159 148 144 55 61 73 92 113 133 151 162 169 169 14 46 7 9 240 238 143 237 141 143 145 145 145 145 145 148 249 1 156 158 48 43 144 147 155 157 160 164 169 45 46 48 28 152 153 8 28 80 151 152 152 152 152 105 153 154 228 152 28 154 235 117 152 152 152 29 154 154 20 154 21 126 149 1 14 131 125 139 120 115 106 94 78 64 59 187 60 69 87 108 130 148 160 167 58 186 179 45 151 176 143 143 177 141 47 144 145 145 193 56 147 149 155 156 158 219 214 144 146 155 175 159 163 168 45 45 173
153 155 33 159 28 152 152 152 152 152 152 152 152 28 153 183 185 29 65 149 27 151 153 155 153 153 30 154 154 154 214 149 148 149 149 219 216 217 206 192 182 168 28 142 56 63 81 101 121 142 157 165 171 61 59 19 164 59 162 165 29 163 166 168 169 43 168 168 168 171 176 90 175 22 64 63 61 41 168 67 93 167 172 25 172 173 153 30 94 28 28 28 152 152 152 152 152 152 28 153 112 153 29 17 114 26 27 18 154 116 153 154 123 154 154 129 126 127 149 136 150 132 144 122 109 100 84 72 190 55 62 77 95 116 138 154 163 170 172 192 172 164 164 193 164 199 66 165 167 168 180 168 168 168 170 175 175 175 95 189 185 91 40 167 238 164 166 171 108 172 173
153 31 154 156 152 152 152 152 152 152 152 152 152 152 153 154 154 152 187 149 149 150 30 32 154 154 154 170 156 216 76 167 167 150 220 30 221 219 209 73 61 42 23 54 61 75 95 249 136 31 166 168 174 62 171 64 63 10 170 171 72 173 78 178 180 179 180 180 181 183 96 182 71 203 97 98 98 173 102 77 101 175 177 83 173 175 204 94 155 152 77 10 152 152 152 152 152 152 152 152 154 154 101 151 149 15 150 19 31 154 154 154 156 33 157 135 22 150 150 30 29 136 134 127 112 101 215 197 188 58 72 92 244 131 149 42 167 173 193 171 67 176 169 170 171 85 172 175 177 180 224 180 192 181 182 196 182 183 118 101 193 102 101 194 194 105 174 177 254 173 174
152 152 155 162 34 154 152 152 152 152 152 152 152 152 152 64 160 60 188 149 163 152 152 35 154 154 154 91 36 94 154 154 98 99 150 151 221 220 92 194 180 43 145 57 65 83 100 120 140 156 167 50 53 174 174 175 30 172 173 55 75 174 179 182 89 31 65 184 186 185 101 185 103 102 183 105 106 185 85 181 82 178 178 108 174 177 152 155 156 33 154 80 152 152 14 152 152 152 152 152 19 151 34 116 16 31 152 152 153 127 154 154 36 35 136 154 154 154 32 137 151 136 135 130 249 99 79 61 57 61 79 98 114 135 154 164 49 52 174 174 200 200 172 181 175 55 174 178 181 95 183 111 232 186 103 66 185 185 183 183 183 249 184 68 254 179 178 178 135 47 176
154 39 40 154 161 153 154 154 154 54 152 152 152 152 152 35 154 153 154 188 151 152 152 70 87 154 154 153 36 79 154 154 215 219 35 171 223 220 211 196 180 162 147 60 70 89 105 119 143 40 49 167 170 174 65 175 57 174 176 179 78 177 180 184 185 68 69 187 100 206 184 186 104 107 38 186 189 77 91 88 37 110 110 177 90 37 95 155 154 76 153 154 154 154 224 152 152 152 152 152 34 154 153 154 103 150 152 152 36 39 154 154 130 132 37 154 154 131 152 30 30 151 135 130 114 99 80 63 60 65 86 102 113 137 37 46 49 169 56 77 57 57 174 176 178 187 176 179 183 185 67 69 105 202 201 238 186 245 187 248 185 188 76 7 3 14 255 199 176 13 178
37 37 37 37 156 38 154 154 154 171 152 152 152 152 152 152 154 38 38 61 151 152 152 167 88 154 154 154 154 154 154 154 215 35 152 221 223 146 215 198 188 170 153 69 79 98 105 3 27 38 49 54 52 55 173 176 176 176 177 179 25 179 181 90 186 95 187 189 69 189 189 188 193 194 85 49 194 196 95 93 185 91 40 179 92 93 93 37 37 38 38 154 154 154 86 152 152 152 152 152 152 154 38 154 103 150 152 152 38 39 154 154 154 154 154 154 154 131 34 140 140 31 135 133 115 106 88 70 68 74 94 104 114 22 36 46 50 167 53 173 176 202 184 185 179 213 179 180 185 185 187 186 189 110 189 189 188 192 194 193 193 194 80 10 26 3 186 53 51 55 179
154 38 44 151 153 35 38 39 40 153 152 152 152 152 152 152 154 153 154 149 151 152 164 163 153 154 154 154 154 154 154 154 150 35 38 109 35 104 213 203 198 181 166 103 83 235 244 114 24 37 46 49 166 54 173 176 178 178 63 27 179 180 184 186 60 187 188 191 191 195 194 112 194 197 88 195 195 197 98 96 93 187 236 179 93 94 152 40 94 95 35 152 101 40 86 152 152 152 152 152 152 154 153 154 103 150 152 152 37 38 154 154 154 154 154 154 154 130 130 38 152 136 20 130 119 114 99 83 78 82 234 243 252 20 35 43 48 51 188 172 61 178 178 93 179 179 180 183 186 188 187 188 190 190 194 248 195 210 196 197 195 195 196 64 62 8 7 151 3 182 180
152 152 43 150 155 151 52 51 152 153 154 154 177 152 152 152 152 153 154 188 151 193 150 162 150 155 209 154 154 154 154 154 106 150 91 154 221 105 214 206 87 184 176 108 84 91 240 255 21 36 158 162 167 168 62 174 174 174 78 179 30 182 186 189 191 191 191 82 196 200 81 198 56 200 91 84 195 196 86 243 239 187 237 234 67 116 40 152 150 152 97 39 40 152 152 154 154 92 152 152 152 152 152 154 103 150 108 150 110 149 43 157 123 154 154 154 154 42 149 41 42 137 20 130 122 115 100 92 85 83 89 237 249 17 33 156 161 166 71 60 174 174 174 66 179 180 182 184 189 190 191 191 194 196 199 252 197 199 199 200 83 30 196 85 86 154 187 152 149 67 150
42 44 46 152 161 152 163 151 152 154 154 154 177 152 152 152 152 153 154 188 41 151 152 149 42 47 209 154 154 154 153 153 218 151 152 223 112 218 215 208 88 74 181 117 237 237 48 105 131 148 4 162 165 170 65 23 23 176 180 72 76 187 190 194 197 199 199 199 112 199 84 89 120 90 87 85 85 85 54 241 92 48 237 114 42 64 42 41 151 76 152 99 151 152 154 154 154 92 152 152 152 152 152 154 103 40 151 151 110 40 46 157 35 154 154 135 153 154 150 152 43 28 133 131 124 5 247 96 92 239 241 92 100 125 146 157 51 55 169 181 82 174 175 178 182 75 187 188 194 197 198 246 199 124 214 72 215 90 34 150 150 85 85 153 83 153 5 153 149 18 149
150 153 151 44 43 156 53 152 152 155 154 152 152 152 152 152 152 45 46 80 150 150 44 76 149 47 100 154 154 154 155 111 46 170 152 115 171 220 218 103 90 52 248 183 47 93 102 116 135 150 4 162 60 65 67 29 176 180 183 184 188 190 195 91 201 200 55 55 112 91 116 198 233 233 54 233 54 117 191 92 239 237 237 87 234 109 92 150 221 151 153 45 152 152 155 154 107 152 152 152 152 152 44 154 252 150 119 43 44 112 46 48 154 154 154 154 42 24 132 44 40 141 136 133 19 8 248 247 98 94 92 99 112 131 147 159 52 59 64 66 175 176 179 183 184 188 190 194 90 201 244 124 139 90 90 129 130 74 88 56 56 83 150 58 155 27 152 73 52 76 195
151 149 43 45 154 44 152 46 153 60 153 156 178 152 152 152 152 154 188 151 191 43 149 149 44 48 50 212 154 154 49 111 44 43 113 151 223 114 114 99 85 99 100 185 123 99 109 121 141 150 53 161 60 66 174 174 178 76 76 80 81 85 89 198 95 94 222 89 195 195 90 233 116 231 114 189 51 86 82 241 238 75 238 234 233 62 43 149 44 151 44 151 152 153 236 107 50 93 152 152 152 152 153 103 151 151 118 149 149 43 47 50 52 154 154 48 25 24 135 41 150 138 30 38 16 3 246 100 100 249 98 107 118 137 149 52 161 165 65 174 85 177 75 76 79 81 83 88 198 94 138 138 89 195 195 196 91 89 146 84 189 254 82 81 83 153 152 153 149 172 122
147 43 43 149 53 154 46 151 49 154 154 50 177 152 152 152 152 49 153 152 152 193 149 149 149 150 49 106 171 50 50 216 113 47 96 222 96 218 109 94 80 247 250 99 100 107 118 129 40 151 157 161 166 169 174 176 178 182 184 82 187 190 87 94 94 94 193 193 90 54 89 110 190 190 191 192 84 187 54 82 116 87 83 81 80 229 19 43 45 24 151 25 151 152 50 30 31 110 152 152 152 152 48 153 152 35 108 33 149 149 150 39 52 154 154 43 138 48 47 152 44 32 134 26 12 253 244 250 99 102 106 115 126 141 149 157 161 164 168 173 175 178 182 183 81 107 189 86 92 136 125 137 193 89 126 88 126 190 86 191 192 255 187 84 155 154 25 254 252 251 145
149 149 149 149 53 152 151 152 152 153 53 153 177 68 73 183 152 152 152 154 154 79 150 149 149 167 154 210 154 154 154 154 217 151 173 223 221 217 214 197 184 176 249 99 106 113 120 132 40 45 53 59 166 171 68 71 174 79 183 83 84 96 88 90 88 90 90 52 90 192 88 89 190 190 192 192 84 187 88 86 81 86 83 235 232 35 149 149 149 226 151 100 152 152 153 33 153 153 152 154 115 152 152 152 154 154 109 150 149 149 127 153 125 153 154 154 154 132 151 152 153 136 133 131 14 100 94 248 99 104 112 117 129 140 43 51 58 64 65 66 71 174 77 183 195 84 200 87 204 131 90 90 123 89 192 142 89 190 249 192 192 0 187 188 185 80 155 254 172 147 61
47 146 149 149 149 150 151 151 152 171 152 151 177 152 152 52 152 152 152 152 152 195 151 53 199 151 154 154 55 155 96 52 152 152 220 151 223 99 219 206 189 176 248 255 8 115 123 133 142 44 50 58 64 62 68 71 75 78 83 83 84 85 85 86 216 87 88 89 88 88 87 53 89 191 192 192 88 118 88 88 82 242 83 67 230 229 89 148 149 149 149 150 151 152 106 152 88 152 152 152 151 99 152 152 152 107 123 38 152 125 150 153 154 54 155 47 29 137 152 152 151 138 140 135 123 107 93 247 253 6 114 120 132 140 147 48 56 63 66 167 70 74 76 82 193 84 85 112 114 88 87 88 89 203 125 125 88 88 91 192 192 192 32 88 59 204 26 155 148 145 144
49 48 49 149 150 152 152 152 152 152 152 152 177 152 180 152 152 152 152 152 54 154 166 85 102 52 154 172 109 52 53 152 152 152 101 151 151 224 223 116 198 183 177 97 107 17 122 134 42 141 47 55 60 61 66 70 72 74 79 197 78 177 80 81 94 182 86 88 103 186 89 111 189 191 84 192 88 187 187 89 181 113 83 235 233 226 22 49 149 149 152 152 152 152 152 152 152 153 152 152 114 1 152 152 152 107 154 111 54 42 52 153 154 130 52 53 152 152 152 152 151 142 49 138 32 117 100 92 95 105 15 120 133 40 52 144 53 59 81 66 69 72 73 78 79 78 79 190 80 84 182 198 88 201 186 88 91 206 191 137 192 192 255 187 187 79 255 254 151 148 142
146 49 149 149 153 54 154 54 54 55 56 151 56 55 180 57 152 152 152 152 152 167 153 154 90 90 154 171 92 149 151 152 152 152 152 152 57 128 126 119 207 189 185 102 109 16 124 134 43 112 145 53 55 57 156 64 25 72 74 31 75 36 174 79 80 81 84 86 88 227 184 92 95 95 243 192 88 59 187 92 247 244 242 75 231 224 23 148 149 150 98 54 31 54 55 56 107 56 37 152 39 99 152 152 152 120 154 125 154 19 152 153 154 45 149 150 152 152 152 152 152 57 44 42 131 123 106 101 101 108 111 121 133 41 144 144 149 156 57 156 63 69 71 74 75 74 174 186 78 80 111 83 86 87 126 125 91 94 95 95 96 192 80 187 91 162 159 157 151 147 140
143 144 145 60 59 53 147 62 54 58 151 158 54 55 57 57 152 152 152 152 152 153 154 154 154 61 96 152 154 154 214 152 152 152 152 152 152 224 146 121 207 194 189 106 107 17 123 40 41 46 49 53 54 152 156 160 72 165 73 77 78 81 76 170 79 87 175 85 89 101 88 91 92 93 94 97 191 88 187 187 85 244 79 74 231 63 144 145 54 53 53 53 52 53 151 151 37 249 55 56 39 115 152 152 152 152 152 154 154 154 61 49 121 154 154 52 152 152 152 152 152 152 139 137 133 123 110 105 106 107 16 120 133 138 45 48 52 154 57 156 159 71 194 73 75 101 78 115 170 78 79 175 84 88 124 87 91 203 134 156 212 62 3 1 187 1 159 251 246 184 235
143 53 53 149 146 146 151 151 147 59 172 169 146 54 148 183 152 152 152 152 152 153 154 154 154 154 152 169 62 121 58 152 152 152 152 152 152 223 171 217 119 199 133 14 16 110 30 162 38 41 46 142 54 60 156 159 164 76 26 30 166 199 75 76 36 79 175 82 218 83 47 87 89 88 91 95 96 253 97 90 251 80 80 235 228 223 86 52 93 146 146 146 146 147 58 151 84 146 146 55 152 99 152 152 152 152 152 154 154 154 154 152 121 61 63 33 152 152 152 152 152 152 139 140 134 127 116 107 106 15 110 27 38 49 40 45 49 53 59 156 66 71 75 166 166 166 76 75 76 169 170 174 130 83 82 176 85 89 199 90 93 96 99 97 4 166 252 198 151 145 138
142 141 60 146 146 146 67 146 164 58 59 81 146 146 147 183 152 152 152 152 152 153 154 154 154 154 62 61 152 171 150 104 152 152 152 152 63 173 135 218 214 201 194 106 105 20 28 155 35 38 44 49 54 60 64 68 72 74 76 192 193 31 72 76 77 37 80 83 218 82 223 44 82 82 82 86 92 63 118 254 92 55 246 40 227 220 58 143 56 146 146 147 75 147 58 59 251 146 146 147 152 99 152 152 152 152 152 154 154 154 154 28 29 152 152 150 152 55 152 152 152 63 139 56 45 130 117 110 106 107 19 26 34 128 37 42 138 54 59 63 67 71 73 75 107 73 74 110 74 76 78 79 83 116 81 83 119 81 82 82 85 91 96 96 96 92 253 161 241 143 136
142 142 142 145 57 156 145 146 165 146 145 60 171 146 61 84 154 154 190 152 152 153 154 154 154 154 154 119 152 152 211 149 152 152 152 152 150 111 113 220 216 203 194 19 78 110 116 120 120 36 44 138 54 147 65 69 70 70 69 70 71 158 157 71 165 166 84 79 168 169 169 168 169 165 78 84 88 92 93 94 62 250 247 69 225 215 142 142 144 56 146 96 75 102 146 101 59 106 146 148 64 48 154 154 152 152 152 154 154 154 154 154 55 152 152 126 149 151 152 152 152 150 51 61 136 47 120 111 19 19 108 115 119 130 124 42 137 53 58 64 68 70 70 167 70 170 94 195 172 75 166 111 112 218 116 117 168 169 226 166 82 87 92 92 205 181 165 163 154 142 131
145 145 142 63 144 66 60 146 81 146 146 61 77 146 62 85 154 154 190 152 152 153 154 170 154 67 151 170 154 107 107 172 152 152 152 152 152 115 225 109 217 206 199 195 108 115 118 100 104 126 46 52 55 60 63 66 69 182 65 65 66 64 71 72 77 81 166 166 167 169 44 44 83 58 59 168 104 242 176 181 83 56 246 238 224 40 143 142 145 143 59 60 98 65 146 146 60 61 146 61 47 50 154 154 152 152 152 154 154 154 56 129 152 134 154 128 58 152 152 152 152 143 62 140 51 133 36 115 111 107 113 117 122 39 126 45 50 54 60 63 65 69 96 85 151 66 67 96 72 75 79 80 112 81 169 169 82 82 123 167 167 87 88 175 95 254 164 161 242 141 127
151 151 151 152 69 69 157 69 70 171 153 161 84 151 151 163 90 151 152 68 68 110 66 154 70 71 154 71 108 154 154 71 71 114 70 71 155 154 154 154 154 154 154 154 154 184 153 154 187 71 157 22 6 73 157 159 13 157 159 159 160 27 77 78 77 34 75 209 158 75 41 157 157 157 158 158 89 158 93 159 160 160 45 99 98 155 96 151 152 69 69 69 69 70 86 69 153 111 151 151 153 51 151 152 68 68 68 65 154 154 71 154 70 71 154 154 71 71 71 154 71 146 66 154 154 154 154 154 154 154 155 155 154 154 70 72 158 74 164 73 159 184 157 159 159 160 77 77 78 105 121 75 75 107 176 211 156 157 157 158 158 74 158 75 123 160 160 160 186 128 184
153 152 152 152 152 152 153 157 153 83 153 160 151 152 151 72 152 152 152 152 152 98 166 152 154 154 154 154 154 154 154 154 114 72 154 154 154 154 154 154 154 154 154 154 184 154 72 154 154 154 73 157 25 59 25 77 65 27 76 195 77 160 27 27 33 75 157 158 213 40 156 158 159 160 51 158 158 159 159 160 64 159 66 100 159 71 151 152 152 152 152 152 153 152 4 152 111 151 152 151 72 17 152 152 152 70 152 54 152 154 154 154 154 154 154 154 154 64 71 154 154 154 154 154 154 154 154 154 154 154 72 71 72 154 154 160 157 158 90 158 76 78 186 158 77 77 160 159 102 76 119 157 158 77 176 155 213 159 78 119 158 181 158 159 160 160 159 185 159 187 241
152 152 152 152 153 73 74 74 153 152 153 87 161 152 152 152 152 152 152 152 153 196 152 153 154 154 208 154 154 174 73 153 176 153 154 154 153 153 154 154 154 154 154 154 154 154 154 74 169 72 73 72 75 26 60 157 158 160 160 69 159 160 158 29 34 76 158 158 159 215 154 37 158 77 158 158 159 158 158 159 159 97 160 160 75 162 152 152 152 153 72 74 74 153 85 152 72 152 152 152 152 152 152 152 152 152 111 111 152 154 154 155 154 154 127 73 153 154 66 154 154 145 153 148 154 154 154 154 154 154 154 154 157 157 71 72 72 74 157 78 157 78 160 160 171 159 160 197 159 158 120 157 158 175 131 208 76 78 137 158 158 122 158 158 159 159 159 159 160 163 162
152 152 152 152 156 152 152 152 154 171 152 152 152 92 152 152 151 152 152 153 75 196 196 170 154 154 80 154 76 136 154 77 122 154 154 155 158 231 154 154 154 154 154 154 154 154 154 153 249 72 151 154 153 57 154 190 79 67 69 81 82 204 157 35 79 154 211 79 38 217 78 80 154 75 87 158 158 158 158 81 97 159 162 54 164 166 45 152 152 152 77 151 152 154 86 152 152 152 152 152 152 98 152 152 153 59 154 152 153 154 154 78 123 154 78 154 154 72 57 154 154 157 68 153 154 154 154 154 154 154 154 154 161 153 154 72 154 153 76 154 80 78 81 171 81 82 82 104 158 106 105 157 78 80 79 77 113 154 213 79 157 158 158 158 184 82 159 135 163 164 165
77 152 152 152 82 152 153 153 154 88 158 76 160 76 152 76 74 75 165 77 151 153 153 154 154 154 154 154 174 178 118 154 155 181 82 129 183 154 78 154 154 154 154 154 154 154 154 153 187 188 154 24 24 151 78 79 78 62 79 32 81 204 155 79 209 34 77 37 154 154 36 78 37 153 80 158 55 158 94 159 100 163 106 168 168 171 98 152 152 76 152 152 153 154 10 86 75 90 76 152 56 21 57 152 76 122 125 126 128 154 154 132 154 154 157 130 138 71 157 76 83 69 150 77 154 154 154 154 154 154 154 154 83 84 166 153 154 78 172 77 79 95 79 79 81 81 82 155 155 81 154 80 156 111 154 112 78 173 153 79 82 159 158 83 231 162 162 193 167 167 199
152 152 152 152 152 152 154 154 154 152 171 151 153 79 153 181 151 151 153 104 154 154 154 154 154 154 154 154 157 158 216 81 181 84 157 159 152 80 154 154 154 154 154 154 154 154 154 154 141 154 188 144 255 152 153 80 80 154 154 66 32 67 80 79 206 153 34 81 37 80 37 219 152 154 155 235 159 159 161 55 163 167 170 173 174 176 152 152 152 152 152 153 154 154 85 86 151 79 58 153 96 150 118 153 107 154 154 154 154 154 154 154 154 155 57 131 154 157 83 140 159 68 80 145 154 154 154 154 154 154 154 154 85 157 88 167 158 152 78 153 162 163 80 99 80 154 116 80 79 106 153 78 80 154 80 153 172 151 154 154 85 159 159 160 163 163 166 169 172 174 176
152 152 152 152 152 152 154 154 159 158 149 171 151 152 153 152 153 105 154 154 154 154 154 154 154 154 154 155 212 83 144 155 158 86 158 159 226 153 231 154 154 154 154 154 154 153 153 154 153 154 254 152 152 3 151 81 192 153 29 80 80 18 152 152 152 152 28 81 34 153 38 78 82 154 86 91 161 160 163 102 167 171 174 176 179 182 152 152 152 152 152 153 154 57 152 107 55 149 93 153 117 153 155 64 154 154 154 154 154 154 154 154 154 74 83 75 155 157 79 158 159 142 146 154 154 154 154 154 154 154 157 153 154 163 154 154 152 152 174 174 81 107 153 99 80 164 104 152 152 152 152 152 80 82 153 155 136 81 82 84 159 160 160 188 92 167 170 174 175 67 181
153 152 152 152 152 152 83 83 100 151 158 151 152 153 181 101 83 121 87 89 195 154 154 154 154 154 154 84 177 86 85 87 158 158 89 160 228 154 154 154 154 154 154 154 154 83 153 153 153 84 153 153 83 153 81 152 59 81 82 82 203 79 81 81 81 81 81 82 82 84 81 149 79 151 45 87 160 164 166 170 173 107 182 184 186 188 52 152 152 152 152 82 11 59 151 57 151 152 153 153 62 119 86 86 128 110 154 154 154 154 154 154 72 138 139 75 87 158 158 88 160 143 154 154 154 154 154 154 154 154 155 153 153 153 154 93 153 160 83 104 81 98 160 163 82 83 102 81 81 81 81 81 82 81 173 136 115 150 150 177 86 159 164 166 195 173 106 181 184 186 188
154 152 152 152 152 152 152 152 152 85 150 85 100 153 153 151 151 189 155 171 154 154 154 154 154 154 154 153 157 217 157 157 158 132 157 91 159 154 154 154 154 154 154 154 156 153 153 153 153 149 154 154 151 153 82 59 57 28 79 79 79 201 78 79 79 79 80 81 82 222 149 150 82 85 155 157 162 170 174 176 119 183 188 190 192 193 69 152 152 152 152 152 152 152 152 85 84 85 153 153 151 151 154 155 71 154 154 154 154 154 154 154 122 156 159 157 157 158 83 146 159 75 143 154 154 154 154 154 155 156 158 153 153 153 155 154 154 169 152 104 83 107 80 110 79 79 161 78 78 162 79 80 80 82 84 116 150 82 84 155 156 161 168 173 154 179 182 187 79 191 193
154 152 152 152 152 152 157 86 152 170 152 86 154 87 153 182 154 154 155 193 154 154 154 154 154 154 154 154 92 148 156 132 158 185 159 184 88 154 154 154 154 154 154 89 143 153 153 153 249 151 152 152 151 87 2 55 3 191 55 76 76 76 77 60 28 29 76 80 82 149 227 77 149 154 156 161 167 175 180 122 185 122 192 197 132 199 69 152 152 152 152 152 59 152 85 86 22 154 65 153 152 153 154 154 108 154 154 154 154 154 154 154 154 91 63 155 93 158 160 148 148 74 154 154 154 154 154 154 89 88 153 153 153 157 163 152 152 151 86 173 105 147 107 76 154 76 112 77 117 141 76 76 79 81 149 87 118 149 153 155 160 165 174 179 183 185 187 191 197 197 199
90 152 153 152 152 154 96 152 152 170 152 89 153 152 153 152 154 154 91 154 154 154 154 154 154 154 154 209 125 152 180 181 93 96 96 165 153 154 154 154 154 154 154 154 153 153 153 90 249 152 189 88 151 87 191 56 3 254 135 71 70 73 73 73 73 73 73 72 75 78 35 142 82 155 95 166 173 178 182 185 189 191 196 199 200 201 5 152 88 152 154 80 107 152 85 152 89 89 115 67 97 154 154 90 154 154 154 154 154 154 154 154 154 154 125 157 158 71 95 96 89 140 154 154 154 154 154 154 154 153 153 153 90 96 96 157 88 99 159 107 99 147 170 135 71 70 73 73 73 99 72 73 72 75 77 113 163 145 153 94 165 171 177 181 70 57 190 194 198 199 137
153 152 92 90 153 154 154 154 154 171 152 152 91 92 92 154 93 189 168 154 154 154 154 154 154 154 154 154 127 159 219 220 219 93 94 164 153 154 154 154 154 154 154 93 154 148 153 154 154 190 153 89 189 190 188 181 79 191 248 181 171 68 178 68 67 197 65 65 68 71 137 142 42 94 163 172 179 185 186 89 190 194 101 200 201 139 152 152 89 153 63 154 154 154 86 152 152 90 154 118 154 154 124 154 154 154 154 154 154 154 154 154 154 154 157 159 158 134 92 87 94 140 154 154 154 154 154 154 92 154 154 153 154 154 154 153 105 99 105 94 93 79 77 90 96 63 67 93 93 145 146 65 65 67 70 136 141 145 92 160 171 177 184 185 188 190 193 197 199 201 74
153 152 152 157 154 154 106 101 151 152 152 152 92 153 153 94 93 94 94 154 154 154 154 154 154 154 154 154 154 99 158 179 154 179 137 154 154 154 154 154 154 154 154 154 154 154 154 95 253 191 153 254 189 82 180 185 76 188 186 241 63 65 143 125 174 126 3 2 62 125 139 146 151 159 171 176 181 187 190 191 194 199 199 199 200 201 152 152 154 154 154 66 92 151 152 152 152 152 117 96 93 100 122 94 154 154 154 154 154 154 154 154 154 154 97 158 72 141 154 95 154 154 154 154 154 154 154 154 154 154 154 154 95 157 166 153 102 101 102 101 100 75 104 70 155 123 64 67 125 92 93 96 173 141 125 136 144 149 158 168 175 180 187 189 7 192 198 199 198 74 201
153 152 94 100 154 95 108 166 152 94 106 93 95 112 113 149 154 154 154 154 154 154 154 154 154 154 154 155 97 97 158 154 154 154 154 154 154 154 154 154 154 154 154 154 154 154 154 97 195 254 154 153 200 82 185 183 180 63 138 138 169 123 124 126 128 4 55 54 6 133 145 152 158 165 109 180 186 190 190 196 199 199 141 200 201 201 152 152 96 154 19 96 81 151 68 94 30 94 73 96 95 153 154 154 154 154 154 154 154 154 154 154 154 85 154 141 154 154 154 154 154 154 154 154 154 154 154 154 154 154 154 154 97 98 98 154 169 162 104 101 156 95 92 66 124 157 122 90 92 95 130 131 178 177 131 143 151 157 163 174 180 185 189 76 195 198 199 141 198 94 201
153 152 152 152 97 152 166 109 95 105 150 149 151 153 152 126 154 154 154 154 154 154 154 154 154 154 154 154 153 154 154 154 154 154 154 154 154 154 154 154 154 154 154 154 243 154 154 154 192 157 153 154 201 248 186 182 177 159 62 240 124 124 124 128 130 135 63 137 16 143 154 160 165 172 179 185 186 189 194 198 202 145 202 201 201 205 152 152 152 97 152 153 80 94 26 149 111 150 153 117 97 153 154 154 154 154 154 154 154 154 154 154 154 135 98 154 154 154 154 154 154 154 154 154 154 154 154 154 154 155 154 154 153 155 158 153 107 116 165 103 97 92 87 61 66 123 124 124 127 130 133 138 186 187 141 152 159 164 170 178 184 186 188 193 70 201 203 77 94 95 204
99 152 154 152 152 152 164 151 170 149 97 96 151 153 153 182 154 154 154 154 154 154 154 154 154 154 154 100 99 154 154 154 154 154 154 154 154 154 154 154 154 154 154 155 153 153 99 98 97 192 99 99 199 195 185 178 173 125 58 66 124 124 129 132 135 140 143 73 145 151 106 166 170 176 184 93 191 193 198 147 205 153 149 205 206 208 152 152 152 152 152 152 151 154 149 96 71 150 153 153 97 153 154 154 154 154 154 154 154 154 154 154 87 99 154 154 154 154 154 154 154 154 154 154 154 154 154 154 155 156 155 156 106 108 99 99 99 114 111 156 94 126 138 57 118 124 124 128 102 135 138 117 147 165 149 104 165 169 175 183 188 190 193 196 16 205 153 27 204 206 154
152 152 156 152 152 103 158 100 111 149 96 158 100 117 153 182 154 154 154 154 154 154 154 154 154 154 154 135 153 155 154 154 154 154 154 154 154 154 154 154 154 154 154 155 153 191 97 189 93 185 94 95 156 153 235 178 226 110 112 119 126 130 135 140 145 149 151 81 152 159 168 175 178 182 189 194 197 147 200 113 112 207 209 209 209 213 151 152 152 152 102 110 71 111 82 83 111 99 153 153 97 153 154 154 154 154 154 154 154 154 154 154 154 136 154 154 154 154 154 154 154 154 154 154 154 154 154 154 155 156 157 97 104 149 94 94 95 112 111 153 94 141 110 111 117 126 129 133 139 144 148 197 154 203 158 165 174 177 181 188 193 196 199 88 203 208 207 209 208 88 212
153 152 154 103 153 154 154 152 169 169 150 150 152 120 154 153 154 154 154 154 154 154 154 154 154 154 153 153 211 154 154 154 154 154 154 154 106 154 153 154 154 154 154 105 193 100 241 188 180 186 87 86 88 193 180 175 128 110 115 123 128 84 138 144 150 155 158 38 159 163 172 182 184 186 194 133 200 203 205 206 120 208 160 211 211 164 152 152 102 153 154 154 152 153 84 150 112 151 81 154 98 154 154 154 154 154 154 154 154 154 154 120 122 155 154 154 154 154 154 154 154 105 154 144 154 154 154 154 104 155 104 156 103 92 101 87 103 88 88 96 91 88 60 114 121 127 133 137 143 149 154 157 160 158 162 169 180 184 184 192 197 199 203 205 82 208 208 160 210 107 213
152 152 152 154 154 154 151 151 154 153 172 152 153 154 154 153 155 154 154 154 154 154 154 154 154 154 154 154 177 104 142 154 154 154 154 154 155 189 187 154 154 154 238 154 154 186 191 179 183 181 168 181 169 181 225 223 221 114 119 126 131 136 143 147 154 160 165 165 165 168 176 184 187 191 198 138 202 207 108 208 113 210 119 211 212 165 151 152 154 154 154 78 151 153 86 87 152 152 154 154 98 155 154 154 154 154 154 154 154 154 154 154 154 154 93 106 154 154 154 154 154 155 159 156 154 154 154 154 154 154 154 107 102 99 97 134 79 78 96 92 138 136 112 117 125 129 136 141 146 153 159 163 146 165 167 173 182 186 189 197 201 201 205 208 208 209 209 212 35 212 213
152 152 106 154 154 108 151 158 162 160 152 152 106 107 107 151 154 154 153 154 154 154 154 154 154 154 154 108 163 140 107 180 154 154 154 154 110 159 231 154 154 154 154 196 154 241 239 187 228 223 176 72 159 130 66 156 111 117 126 132 137 142 148 152 159 165 171 102 175 178 184 187 191 197 202 204 206 120 162 161 152 210 211 211 212 163 152 152 108 154 77 78 152 154 113 113 115 152 107 107 96 154 154 104 154 154 154 154 154 154 154 154 95 96 152 106 154 141 154 154 154 109 152 147 154 154 154 154 111 109 156 154 103 144 139 77 89 81 88 66 79 111 116 124 131 135 141 147 151 158 163 169 174 175 177 183 187 190 195 77 203 205 208 161 233 162 209 211 211 212 167
153 152 110 108 109 152 110 110 120 117 158 107 152 123 151 126 154 110 154 154 154 154 154 154 154 154 154 111 176 153 152 110 109 109 109 110 154 111 154 154 154 154 159 153 154 159 196 187 226 139 175 173 156 153 128 128 113 79 131 137 140 145 150 156 161 96 80 176 179 183 188 190 197 201 116 206 206 147 207 208 125 129 213 213 164 126 152 152 152 109 108 109 80 114 83 85 80 108 152 83 108 154 154 125 154 154 154 154 154 154 154 154 110 136 153 97 108 88 109 102 110 98 106 148 154 154 154 154 153 154 112 151 104 97 95 90 122 87 77 65 118 111 76 129 137 139 144 149 155 160 168 130 176 178 183 187 190 195 200 91 161 16 207 206 207 209 211 213 212 215 97
154 152 152 152 152 152 153 153 111 152 170 159 109 136 161 152 154 154 154 154 154 154 154 154 154 154 154 154 110 152 152 145 179 152 219 111 112 153 154 154 154 154 154 154 154 150 239 185 84 180 216 154 170 62 64 108 116 129 134 141 46 149 154 160 164 173 178 180 65 94 190 128 199 203 204 102 208 209 210 210 211 171 174 172 165 215 152 152 152 152 152 152 82 152 43 85 113 108 110 92 151 154 154 154 154 154 154 154 154 154 154 154 154 80 152 137 99 151 152 134 110 112 142 154 154 154 154 154 154 154 156 155 102 90 95 89 86 86 112 63 107 113 126 133 140 145 148 153 158 163 171 177 179 185 185 188 219 197 202 204 208 208 209 210 91 211 170 173 252 216 101
114 152 152 152 152 152 153 114 113 152 171 173 124 161 150 184 154 154 154 154 154 154 154 154 154 154 154 154 208 151 152 174 179 112 181 110 112 153 154 154 154 154 154 154 154 241 197 184 172 170 169 66 168 62 64 112 126 93 98 144 149 154 159 166 171 177 181 143 187 189 152 198 199 163 97 148 170 171 212 215 214 215 135 214 216 216 77 152 152 152 152 152 83 83 85 86 151 110 150 150 153 91 154 154 154 154 154 154 154 154 154 154 154 123 151 152 103 112 112 143 103 112 153 154 154 154 154 154 154 154 156 113 102 89 84 84 82 83 111 64 110 124 92 136 143 148 153 157 164 170 177 180 142 186 189 151 197 198 163 165 209 210 171 212 214 32 215 36 38 216 216
153 152 152 152 152 152 152 152 171 171 153 161 161 177 152 154 154 154 154 154 154 154 154 154 154 154 154 154 210 149 151 214 215 110 110 151 150 112 115 162 154 115 154 154 203 198 191 181 163 116 58 59 143 59 66 78 131 135 140 145 153 158 163 170 174 139 180 182 186 190 193 199 200 201 206 172 210 153 212 217 161 218 178 215 215 215 152 152 152 152 152 152 152 155 153 153 89 151 151 151 115 93 154 154 154 154 154 154 154 154 154 154 154 154 154 102 152 151 90 110 111 150 107 114 155 154 115 116 154 154 108 108 98 82 104 58 69 71 71 63 76 129 134 139 144 152 157 162 169 174 139 179 182 185 190 191 255 200 201 204 209 101 211 211 216 35 217 38 215 215 215
153 152 152 152 152 152 152 152 152 153 154 176 163 131 150 152 154 154 154 154 154 154 154 154 154 154 154 154 119 176 152 214 216 214 147 114 112 112 111 111 112 113 113 113 235 181 225 181 199 152 45 48 54 57 65 118 138 141 142 148 157 163 166 170 175 53 182 184 186 155 193 200 201 201 206 173 209 214 214 217 218 218 216 216 215 215 152 152 152 152 152 152 152 152 152 154 154 152 152 150 150 154 154 154 154 154 154 154 154 154 154 154 154 155 127 152 152 151 129 136 149 98 112 101 111 112 112 113 112 114 147 106 97 118 69 60 47 53 56 62 114 137 140 173 146 155 162 165 170 174 178 145 175 185 191 191 200 201 201 205 172 209 177 214 216 114 218 39 216 41 215
153 152 152 152 152 152 152 152 152 153 154 154 178 133 134 152 154 168 119 154 155 173 173 154 154 154 154 154 152 179 119 179 215 115 115 219 217 176 184 108 108 110 192 107 107 178 190 219 212 191 43 80 48 55 97 124 147 148 67 150 159 166 79 173 143 182 187 153 189 191 194 201 119 201 206 208 209 152 180 217 142 183 182 182 215 215 152 152 152 152 152 152 152 152 152 154 119 93 119 152 151 101 97 119 100 155 155 102 154 154 154 154 154 121 154 119 107 117 106 97 140 132 105 137 108 108 109 142 107 108 108 106 134 127 110 59 79 47 54 94 118 144 148 129 149 157 165 170 172 141 181 186 153 188 191 192 200 201 201 205 207 101 177 179 216 218 183 115 182 117 215
153 152 152 152 152 152 152 152 152 153 154 133 163 120 119 119 121 154 119 123 128 169 150 148 154 154 154 154 154 210 153 213 214 115 147 178 152 108 152 107 107 174 190 173 102 154 222 220 119 205 185 125 48 56 65 92 147 7 148 153 162 166 172 175 177 150 154 188 192 193 196 200 202 171 174 177 209 209 212 216 215 215 215 215 215 215 152 152 152 152 152 152 152 152 152 154 120 121 120 94 119 121 120 151 123 127 109 134 106 154 154 154 154 154 125 152 129 149 106 138 147 98 97 109 99 107 106 105 104 102 105 106 134 130 124 103 87 47 53 61 83 145 133 148 151 161 165 138 175 177 149 153 188 191 193 195 200 169 85 174 177 102 209 210 184 113 215 215 215 215 215
153 152 152 152 152 152 152 152 152 153 154 152 145 151 162 149 183 165 151 154 177 170 158 178 154 154 154 154 154 153 179 152 216 156 217 218 141 215 184 107 184 182 165 181 93 165 185 142 90 181 194 187 81 87 98 91 116 152 155 158 163 137 141 177 181 152 185 189 195 198 84 120 203 206 206 209 133 209 213 215 215 215 215 215 215 215 152 152 152 152 152 152 152 152 152 154 152 90 150 92 148 151 150 150 154 159 129 158 135 117 154 154 154 154 138 152 121 152 130 149 133 129 135 108 103 99 98 97 96 93 95 101 98 89 98 113 103 89 86 94 84 113 151 154 157 162 136 139 176 180 196 184 188 193 198 200 89 201 205 91 208 209 209 211 31 215 215 215 215 215 215
153 152 152 152 152 152 151 151 127 154 154 124 152 151 151 151 151 168 145 155 159 129 157 158 206 177 154 157 126 154 159 152 161 149 147 218 216 114 138 215 183 208 204 173 84 83 172 78 80 83 205 198 91 95 104 120 118 153 157 158 162 91 170 174 151 56 185 161 196 200 202 200 201 141 174 179 152 135 185 215 215 215 215 215 215 215 152 152 152 152 152 78 112 126 154 154 60 124 119 151 151 151 124 103 154 159 85 134 158 113 111 154 155 112 154 139 151 125 129 130 148 132 114 129 130 99 125 120 88 85 85 87 82 79 83 122 114 73 94 102 115 113 153 157 158 161 137 168 146 150 182 184 159 194 199 202 83 201 87 174 207 209 209 211 215 215 215 215 215 215 215
153 152 152 152 152 152 154 153 152 127 154 154 179 164 152 152 152 145 189 154 131 129 157 181 134 179 131 211 159 154 154 125 181 192 179 123 217 190 114 188 185 207 203 201 170 168 166 74 75 81 210 154 106 105 107 95 118 154 156 159 163 167 147 174 179 182 187 163 196 120 201 87 202 201 204 208 210 212 212 188 188 189 146 188 99 188 152 152 152 152 152 153 153 83 152 154 154 101 120 152 152 152 126 152 153 131 85 130 160 134 121 129 139 128 154 154 102 140 126 139 123 133 116 104 104 101 122 118 117 111 83 82 73 74 78 110 91 106 91 107 116 114 152 146 150 162 166 172 174 177 182 186 162 194 199 201 1 201 5 203 207 210 211 102 188 188 189 188 188 188 188
153 152 152 152 152 152 154 153 152 147 152 152 152 152 128 152 167 152 169 129 154 153 154 179 132 159 183 159 185 178 178 158 123 125 178 191 213 154 154 188 149 163 160 204 200 194 192 194 140 78 113 147 113 115 117 126 121 155 159 163 166 169 150 174 179 158 188 169 174 122 125 138 177 203 207 209 186 186 113 186 209 209 209 209 209 213 152 152 152 152 152 153 153 83 98 152 99 100 127 102 152 152 152 152 129 154 153 154 158 94 137 131 136 130 137 102 101 102 124 138 137 134 108 103 103 101 100 121 120 116 110 108 100 107 75 112 131 122 114 117 122 116 153 158 162 165 168 149 174 178 202 188 168 173 199 201 176 176 202 207 208 186 107 189 2 110 209 209 209 113 188
153 152 152 152 152 152 154 131 130 169 127 149 174 129 149 128 152 132 152 154 154 154 156 157 157 180 161 183 181 114 114 113 179 178 146 177 174 97 96 97 180 143 98 183 181 198 131 101 198 104 115 119 122 123 125 133 145 156 160 166 170 174 175 178 182 183 189 170 174 122 179 200 201 205 137 187 187 154 90 209 209 209 209 209 210 191 152 152 152 152 152 153 98 114 63 96 115 100 128 92 150 152 154 154 154 154 154 155 136 136 157 99 98 96 88 122 89 114 93 121 92 89 86 96 96 100 97 98 98 96 113 110 110 102 102 113 118 121 123 124 130 141 154 159 164 169 174 175 177 181 183 188 170 195 198 201 200 200 204 208 187 187 210 190 26 209 209 209 209 209 190
153 152 152 152 152 152 154 152 151 161 151 151 175 149 146 152 154 157 157 157 156 157 158 138 165 207 186 180 177 167 152 161 134 95 92 161 156 152 128 72 75 158 75 75 137 76 136 74 78 87 117 123 128 237 133 139 149 158 162 168 174 177 99 181 182 185 121 191 175 135 201 200 180 182 185 188 189 89 191 212 212 212 212 212 212 152 152 152 152 152 152 153 81 82 152 66 151 103 149 150 151 109 157 157 157 156 157 158 119 139 122 154 95 93 84 79 76 99 76 74 103 72 68 65 64 74 73 75 75 77 79 80 73 77 85 115 122 127 131 132 137 146 157 158 167 173 176 179 181 202 184 209 189 174 178 200 200 200 97 184 187 188 191 191 212 108 212 212 212 212 113
153 152 152 152 152 152 154 166 151 133 152 151 176 151 154 156 157 157 161 160 160 179 141 158 141 189 185 143 175 165 153 145 146 75 119 69 136 131 55 107 50 51 52 52 56 114 55 56 60 82 100 128 134 138 141 147 155 142 148 100 158 180 183 165 185 188 188 114 175 198 201 129 201 201 183 149 209 145 191 213 117 212 212 212 212 212 152 152 152 152 152 153 81 151 133 152 88 152 151 154 155 114 157 160 160 135 160 141 119 141 105 101 94 91 81 70 61 82 56 53 69 52 47 55 46 50 51 51 52 55 57 55 56 58 78 97 126 133 130 140 145 153 141 147 154 157 179 182 183 184 187 188 189 173 197 200 94 201 201 201 187 209 211 209 213 213 212 212 212 212 212
153 152 152 152 152 152 154 152 168 151 152 151 150 153 155 142 160 163 201 166 167 179 140 165 204 202 203 143 192 183 169 159 141 133 127 94 126 125 91 100 100 46 49 65 51 68 69 70 55 68 88 110 137 142 148 155 161 166 95 36 175 181 183 169 188 188 188 188 191 181 184 184 200 185 185 186 190 208 193 193 162 152 212 212 212 212 152 152 152 152 152 153 81 152 150 152 88 153 153 154 142 159 163 165 124 161 116 99 102 156 117 151 112 108 99 86 75 82 49 43 49 63 40 51 41 60 42 48 66 51 68 68 70 54 65 82 107 135 162 147 153 159 165 152 173 158 180 183 168 187 187 188 188 190 180 184 184 200 184 201 186 189 208 192 9 197 117 212 212 212 212
153 152 152 152 152 152 140 152 168 152 138 163 153 154 156 162 164 167 167 202 149 189 166 156 141 203 201 169 193 169 173 162 139 127 118 91 115 42 41 42 44 60 100 47 49 68 71 70 72 63 76 109 138 144 151 157 164 170 174 177 179 181 182 186 188 114 121 188 175 177 179 182 183 186 200 186 189 194 208 209 196 197 198 213 213 198 152 152 152 152 152 139 81 152 151 107 109 152 154 155 161 136 166 167 118 148 148 101 156 141 134 116 128 109 86 89 80 54 43 34 50 37 50 41 42 43 60 47 46 48 54 70 70 71 62 72 102 135 143 151 156 161 169 174 176 179 181 182 185 188 197 197 188 175 177 179 182 182 185 249 200 188 193 208 209 196 196 198 212 116 116
153 152 152 152 152 152 154 152 168 140 161 137 154 167 160 165 168 175 204 193 162 202 201 178 177 202 201 200 195 185 177 165 148 135 112 104 66 102 26 28 39 60 129 86 44 54 61 79 79 80 79 117 126 146 151 158 167 173 162 178 180 170 185 186 188 115 116 118 125 188 175 177 178 182 185 144 201 190 196 209 209 152 211 112 201 210 152 152 152 152 152 153 82 152 139 153 73 140 154 157 153 166 169 168 133 129 138 126 156 154 105 149 146 111 101 93 83 65 53 42 19 15 29 26 27 37 48 44 41 43 51 60 78 72 79 77 109 123 145 150 157 165 172 188 177 179 170 184 226 188 198 209 188 175 188 230 177 178 181 184 187 200 190 195 113 209 209 210 202 200 39
153 152 152 152 152 152 154 152 168 141 174 152 155 156 149 187 176 204 169 179 204 153 157 171 204 202 188 133 187 192 182 169 156 142 128 115 27 25 34 35 29 41 85 124 89 38 46 62 70 86 90 107 142 139 144 160 171 174 176 180 182 185 188 188 187 189 64 187 187 177 173 175 178 190 185 198 98 201 194 209 209 209 211 212 202 201 152 152 152 152 152 153 81 152 150 153 152 154 156 121 156 141 135 169 136 120 152 106 157 128 117 103 126 102 97 99 87 73 59 46 31 14 20 29 34 26 39 40 40 46 37 43 59 69 85 88 100 137 158 143 158 169 174 205 179 181 184 187 198 230 188 236 187 187 212 201 174 216 189 193 198 201 201 193 199 209 209 210 212 212 29
154 147 154 152 152 152 152 154 154 162 153 155 160 150 152 168 162 173 199 209 198 162 181 158 180 200 191 167 184 180 173 173 164 150 135 118 109 35 71 34 28 37 40 135 47 90 39 52 68 77 92 107 134 150 154 154 170 173 178 111 183 187 189 191 60 189 59 124 125 175 174 176 178 180 131 187 146 191 204 197 201 203 110 204 161 203 111 152 152 152 152 152 154 154 153 88 154 156 149 159 167 160 172 114 171 114 119 119 157 130 108 123 117 99 96 88 90 81 67 52 35 26 29 22 34 27 35 39 50 47 40 38 49 65 75 90 101 129 150 152 152 169 179 178 181 182 186 189 191 231 188 214 227 179 228 202 176 177 180 182 186 191 191 204 107 200 203 25 203 204 122
147 148 152 152 152 152 153 154 154 153 153 149 155 158 154 167 171 171 207 209 199 165 208 200 156 203 198 193 191 179 118 107 162 145 138 123 116 41 78 40 40 41 44 51 140 49 50 54 60 77 94 109 131 150 148 155 169 169 170 174 183 186 183 189 61 183 57 117 176 174 119 173 175 179 181 191 191 198 195 204 155 202 202 202 205 208 147 152 152 152 152 152 154 154 153 120 148 149 157 159 158 170 171 171 147 114 159 143 160 138 118 113 108 106 101 87 85 80 63 50 41 32 30 31 40 40 40 38 49 52 53 53 53 56 73 92 103 127 142 153 153 167 168 170 173 183 184 189 224 231 188 235 202 207 226 227 235 175 179 180 190 190 100 194 204 207 202 24 116 204 37
152 151 151 152 152 152 154 154 154 154 149 155 156 154 160 159 165 166 166 200 162 160 179 161 157 200 198 194 190 186 177 165 155 144 141 130 116 41 41 41 41 42 45 47 50 60 149 55 61 78 94 107 126 141 148 159 164 174 175 175 182 187 188 185 62 62 57 55 117 116 55 171 172 175 79 188 197 97 201 204 203 109 205 208 205 209 68 151 152 152 152 153 154 154 87 83 154 155 154 160 157 164 143 142 116 117 138 116 160 120 116 114 110 106 102 92 82 73 61 57 49 31 30 41 41 41 40 44 45 50 60 65 55 59 75 92 102 123 139 146 158 166 170 174 178 178 185 188 184 208 188 228 226 203 202 172 171 171 175 182 190 196 104 200 199 202 115 115 208 204 209
152 151 152 150 152 152 150 151 151 169 160 150 167 155 158 159 162 162 162 197 156 156 178 201 152 178 199 169 193 187 173 165 153 142 143 133 117 43 42 81 82 40 44 45 50 56 105 58 61 80 93 106 125 142 148 160 165 171 35 176 181 182 188 123 123 59 56 116 174 173 115 170 173 179 183 190 193 197 199 200 202 206 160 205 206 209 68 151 152 152 152 152 151 151 118 118 149 155 155 158 158 161 136 162 112 110 136 156 137 152 135 113 126 109 103 92 83 68 58 67 52 31 43 33 42 42 36 42 44 50 54 62 64 59 76 90 105 121 138 145 159 164 170 175 175 181 181 186 186 186 209 228 203 224 225 200 172 172 176 182 189 192 197 106 108 201 115 205 205 206 209
152 155 152 152 152 152 152 152 152 171 152 152 156 169 160 160 177 157 158 176 155 154 176 149 196 172 197 141 194 187 177 165 153 144 144 140 126 120 43 121 41 41 42 44 50 55 60 62 65 82 95 111 129 142 152 161 167 171 174 178 181 183 186 187 124 122 57 56 176 115 172 172 174 175 183 188 192 195 197 152 202 156 202 202 206 207 70 152 152 152 152 152 152 152 86 119 151 156 156 159 160 134 107 157 134 110 110 154 110 149 148 128 109 109 104 94 83 70 59 76 57 44 36 34 43 41 41 42 43 49 54 60 62 64 77 92 107 125 140 150 159 166 170 173 194 180 183 184 227 209 208 229 227 176 201 199 172 173 204 182 187 192 195 103 201 201 23 202 201 205 207
152 155 152 152 152 152 152 161 155 154 173 151 157 155 158 161 193 159 195 157 194 192 149 196 145 195 191 134 187 183 176 166 154 112 143 141 133 89 121 42 122 42 44 45 52 56 60 65 75 90 102 124 139 147 157 161 168 175 175 178 180 183 187 123 60 60 57 55 112 112 173 114 171 174 182 187 192 195 198 104 203 109 109 200 203 161 70 152 152 152 152 152 152 153 156 121 150 156 96 156 160 161 157 159 131 109 128 129 147 107 110 121 103 102 99 91 84 71 60 58 56 50 40 36 35 43 42 43 44 51 55 60 63 73 86 99 118 135 145 155 160 166 172 191 178 180 183 186 188 188 186 229 226 225 225 172 228 170 173 179 186 190 193 197 202 202 113 201 200 28 204
153 152 152 152 152 152 157 153 164 161 158 168 159 160 156 162 158 155 190 154 194 169 150 196 146 193 189 154 183 181 173 167 151 109 137 139 133 53 126 123 82 42 44 47 51 59 62 70 83 97 115 130 140 150 158 161 168 171 177 114 185 50 183 186 187 123 59 58 52 49 54 54 169 176 180 185 190 93 197 200 153 202 205 158 202 161 152 152 152 152 152 156 153 83 152 157 157 158 159 156 157 109 104 155 153 154 105 150 130 145 108 105 100 98 96 88 83 72 58 53 54 49 53 41 38 39 42 43 47 51 57 61 68 81 94 111 127 138 147 157 160 168 199 176 179 184 184 183 202 186 183 230 201 223 195 169 225 169 175 175 184 189 195 196 200 201 201 204 202 201 117
153 152 152 152 152 152 154 154 153 170 155 155 156 159 160 173 179 160 178 154 193 189 195 190 139 193 186 155 178 175 168 161 152 141 137 131 91 95 131 96 129 127 46 49 54 62 63 76 84 98 117 133 143 150 158 168 175 172 183 180 180 183 183 52 180 119 177 53 57 56 54 172 173 174 180 183 189 192 195 198 195 202 205 156 209 162 152 152 152 152 114 153 154 153 85 155 155 156 159 160 163 163 109 160 154 131 104 130 144 121 125 102 98 93 98 84 76 68 57 52 46 47 58 60 48 47 42 46 49 53 60 63 74 81 95 119 130 141 148 157 167 174 200 181 180 202 188 183 203 180 186 223 230 228 227 170 200 173 174 179 181 188 191 194 197 106 201 204 205 202 29
160 159 155 152 152 161 154 162 168 170 153 160 170 158 159 163 179 173 154 154 194 192 190 195 163 192 160 181 177 172 165 165 156 149 143 136 132 93 58 137 136 93 54 57 60 69 73 69 91 107 124 136 152 159 168 172 170 172 175 180 180 181 183 118 179 60 181 57 48 112 164 113 164 113 177 182 187 183 194 197 103 199 204 205 204 208 117 152 152 152 160 124 161 125 154 127 159 90 150 129 162 136 155 154 154 138 107 146 110 101 107 94 90 93 93 80 103 74 65 59 44 47 52 57 59 50 44 46 49 59 67 72 69 79 104 111 132 151 157 159 171 168 200 182 179 198 180 183 221 201 202 198 197 201 198 198 171 172 173 169 181 186 182 193 196 104 198 203 204 203 207
152 151 157 152 152 152 152 168 152 152 151 163 175 151 151 163 156 190 154 155 203 191 191 187 185 184 179 172 174 162 164 158 152 147 140 135 130 46 46 123 133 42 53 56 59 66 72 68 83 99 117 136 144 153 88 162 168 171 177 183 180 182 183 182 124 52 112 115 170 56 111 57 107 163 177 181 185 191 193 196 197 198 201 203 204 204 68 152 152 152 152 152 154 151 152 151 152 122 151 93 162 155 156 154 155 139 106 135 103 100 99 104 88 91 87 80 73 69 63 56 51 46 46 46 38 48 42 52 55 57 64 72 75 79 96 113 132 143 150 169 161 167 195 175 182 215 181 183 203 223 223 228 169 169 227 226 162 171 172 176 181 184 189 192 195 197 197 200 202 113 204
152 151 157 152 152 152 153 165 173 153 153 174 162 165 182 153 156 173 154 156 151 183 184 196 189 187 183 178 170 165 155 147 139 110 129 126 122 46 46 124 41 84 92 53 55 62 69 76 94 100 118 136 145 152 158 161 168 172 176 194 180 181 194 182 54 119 47 169 60 46 114 46 160 174 163 182 184 189 192 195 89 185 200 202 204 162 68 152 152 152 152 152 82 153 153 153 90 130 164 154 152 155 131 154 156 118 108 151 150 105 102 98 94 85 81 73 63 56 48 45 41 39 45 46 46 36 38 52 41 55 60 67 74 90 97 125 133 144 151 157 160 167 197 175 181 214 181 194 182 182 223 220 169 195 202 162 200 159 174 163 180 183 188 191 194 197 195 199 201 204 195
152 152 152 152 152 152 154 168 176 154 154 178 165 154 182 153 185 204 171 166 192 152 152 198 196 192 192 186 180 173 165 159 151 144 140 134 128 85 87 124 43 42 41 55 56 46 63 71 76 102 121 140 147 156 160 164 171 174 176 195 182 194 125 193 194 56 54 53 51 49 47 161 162 162 164 170 185 173 179 183 196 197 200 199 202 160 152 152 152 152 152 153 154 168 154 154 154 152 154 168 138 141 170 166 166 142 151 152 152 131 108 141 103 96 90 82 74 68 60 56 49 44 36 47 46 40 41 41 41 55 50 62 68 86 98 116 137 145 155 159 163 169 174 191 194 181 180 181 213 193 182 224 201 221 195 193 217 161 162 164 168 171 173 192 182 196 183 200 22 202 205
154 152 152 152 152 152 152 152 152 153 154 177 152 152 151 167 171 151 151 155 156 196 152 152 149 195 210 189 184 180 159 172 168 157 150 146 136 125 46 62 58 57 96 40 57 47 64 71 77 101 143 140 168 174 162 165 174 174 178 181 119 119 183 183 183 56 56 120 54 113 112 167 168 168 119 188 173 175 194 198 137 196 198 140 200 206 69 152 152 152 152 152 152 152 152 154 154 152 152 94 166 154 100 151 154 156 111 152 152 111 110 125 121 100 95 90 88 83 74 66 61 53 42 37 46 53 57 56 40 40 47 63 67 72 96 137 139 165 173 188 165 172 202 178 180 183 215 183 183 218 183 180 226 202 221 209 167 168 168 170 187 173 174 193 197 221 196 198 198 107 205
171 152 152 152 152 152 152 152 152 153 154 177 152 166 168 152 154 172 189 173 192 213 212 170 191 215 193 177 176 186 199 194 190 180 155 168 122 135 124 121 137 55 37 41 41 46 64 53 92 117 142 156 149 158 104 187 174 175 178 179 116 197 182 131 199 123 181 72 70 187 172 172 175 173 193 67 174 174 194 195 196 197 179 180 200 207 113 152 152 152 152 152 152 152 152 154 154 152 152 111 151 154 172 172 172 134 148 146 169 149 130 108 104 135 102 97 110 116 96 71 83 58 51 41 36 53 54 36 41 41 46 63 50 87 113 135 154 164 158 163 185 191 206 178 179 197 197 182 200 241 199 180 244 241 211 171 172 175 233 192 239 173 174 194 195 195 196 178 180 107 205
153 152 152 152 152 152 152 152 152 153 154 196 152 150 152 152 154 154 154 154 177 213 213 168 147 187 194 167 190 191 182 176 172 161 153 166 90 141 128 121 117 34 34 40 61 46 51 60 78 98 120 156 168 158 166 170 194 118 121 119 191 55 106 186 185 107 187 187 66 183 188 191 193 192 193 126 194 176 175 198 180 85 198 198 182 207 152 152 152 152 152 152 152 152 152 154 174 152 123 151 152 153 154 154 154 155 128 128 147 110 129 127 107 106 134 99 92 87 77 70 82 83 56 46 38 33 34 54 39 60 46 49 57 73 94 115 154 164 176 165 168 173 223 196 191 225 206 226 188 185 185 186 187 210 183 187 191 193 220 255 4 210 176 213 197 178 103 178 197 101 207
152 151 152 152 152 152 152 152 152 153 155 151 177 201 151 153 154 154 154 154 195 193 172 168 167 189 218 139 135 193 186 180 174 166 155 147 70 162 130 122 120 118 35 39 45 53 58 67 82 102 123 138 147 159 166 170 174 108 48 42 89 33 161 161 161 34 163 165 167 168 173 183 188 192 123 196 198 199 198 197 178 84 107 174 182 206 151 152 152 152 152 152 152 152 152 155 88 152 175 151 152 147 154 154 154 154 149 107 147 127 128 148 108 106 136 103 96 90 82 72 63 57 77 70 38 35 36 35 39 44 51 56 65 78 99 119 136 145 156 166 190 174 188 220 213 209 205 200 180 161 162 161 164 166 174 172 180 187 191 193 195 197 198 198 14 177 219 199 254 180 106
152 152 152 152 152 152 152 152 152 153 154 151 153 167 152 153 154 154 154 154 195 173 171 190 144 168 196 193 167 194 188 186 182 171 164 152 143 161 131 127 127 104 41 45 50 56 64 72 86 110 132 144 153 183 190 192 45 35 143 10 0 246 115 115 118 118 123 131 137 142 150 164 179 185 189 120 172 198 201 174 200 107 174 176 203 182 152 152 152 152 152 152 152 152 152 154 88 152 126 152 153 101 154 154 154 155 108 106 128 143 143 144 108 136 136 103 102 97 88 80 70 59 77 71 42 45 63 39 44 49 55 62 70 82 105 128 143 152 169 189 192 181 207 201 183 173 162 154 115 117 118 121 128 136 141 148 161 176 184 188 192 171 198 201 247 199 22 174 176 108 181
152 152 152 152 152 152 152 152 152 153 154 177 153 179 181 154 154 154 154 154 194 195 148 146 147 194 144 197 195 194 194 190 186 179 173 166 154 140 133 150 150 105 108 46 52 60 67 74 90 111 133 146 155 185 187 41 140 188 247 224 215 204 200 75 81 210 82 89 101 115 130 143 156 165 179 188 194 173 177 131 132 200 174 178 138 205 152 152 152 152 152 152 152 152 152 154 114 153 152 153 178 130 154 154 154 154 153 129 106 146 152 152 129 138 136 135 106 102 94 89 82 70 59 50 67 65 41 70 46 50 57 65 72 86 108 129 170 153 170 187 175 201 180 168 142 132 121 116 75 80 81 80 88 97 112 125 140 154 162 176 186 194 172 176 18 201 174 174 177 178 179
152 152 152 152 152 152 152 152 152 153 154 176 151 152 180 153 154 154 154 198 199 181 175 149 147 147 145 144 173 196 223 193 192 185 180 174 95 159 141 124 39 39 70 73 78 86 67 103 92 113 162 148 184 103 184 140 3 237 213 202 132 195 68 123 124 66 74 82 62 94 98 115 131 149 163 174 187 202 204 150 133 175 174 206 90 139 152 152 152 152 152 152 152 152 152 154 154 145 152 149 153 130 154 132 155 181 156 110 131 109 131 154 144 129 111 135 108 128 100 95 89 82 76 61 42 34 36 69 72 77 85 92 100 116 109 158 146 183 186 206 202 178 156 132 118 51 112 107 62 67 85 72 80 60 93 96 112 127 145 161 171 184 200 203 204 237 251 174 205 101 205
152 152 152 152 152 152 152 152 152 153 154 206 151 194 181 181 183 154 191 153 153 154 204 153 177 151 150 201 199 198 196 196 195 188 185 207 100 166 151 133 123 40 124 71 75 82 66 77 124 113 163 177 181 35 27 11 243 220 209 202 51 169 67 67 108 38 43 52 69 162 68 97 109 134 147 156 174 195 200 172 175 152 173 175 177 178 152 152 152 152 152 152 152 152 152 154 184 124 182 153 126 182 131 185 106 153 153 184 113 113 150 116 116 114 114 125 111 149 103 100 93 123 83 71 51 39 38 40 41 73 80 64 74 90 110 160 176 180 194 199 187 163 138 96 118 51 85 107 67 86 37 42 50 66 71 99 98 106 129 146 154 169 192 232 172 175 217 237 175 176 178
152 152 152 152 152 152 152 152 152 153 154 175 150 152 181 151 154 154 154 153 153 155 154 154 207 208 204 203 203 143 200 199 174 198 193 186 180 175 162 148 131 154 153 69 71 79 94 110 125 143 163 173 178 27 15 251 229 215 180 174 119 197 67 108 122 36 75 53 80 100 239 223 81 104 138 143 158 185 169 204 205 110 205 176 177 178 152 152 152 152 152 152 152 152 152 154 90 89 152 153 151 153 154 154 106 153 154 154 154 186 154 152 149 134 160 131 117 117 113 109 101 96 90 82 65 49 40 68 68 70 76 91 106 122 140 159 172 178 158 189 171 148 131 128 89 71 82 107 37 109 35 73 81 74 96 155 141 79 102 141 142 154 180 198 203 205 25 204 176 177 178
151 188 151 152 152 152 152 152 152 153 154 176 151 154 154 188 154 154 154 154 188 188 154 154 154 154 211 205 206 146 178 144 208 206 203 197 186 176 167 155 140 125 157 34 68 74 90 110 125 142 160 175 201 24 234 206 189 181 214 209 169 198 192 33 160 68 73 83 110 130 26 7 113 8 190 201 148 177 199 203 171 206 174 157 159 123 186 115 152 152 152 152 152 152 152 154 154 151 154 129 188 131 154 154 153 154 135 113 154 154 154 154 120 167 134 119 144 144 121 118 113 103 93 84 73 58 43 72 69 34 73 84 105 122 139 156 173 185 195 184 127 108 96 64 124 85 114 107 84 33 32 73 80 103 118 173 183 112 180 171 201 142 171 196 233 170 205 174 243 208 209
149 147 184 152 161 152 152 152 152 153 154 176 177 201 154 155 154 154 173 187 151 192 151 154 154 154 154 154 207 210 149 209 210 208 243 235 190 179 168 157 145 131 125 84 35 72 53 76 90 141 159 174 224 223 237 214 196 183 178 210 167 197 191 67 31 31 36 77 98 178 46 36 148 37 15 146 136 158 193 199 205 206 207 207 172 208 63 147 152 119 152 152 152 152 152 154 153 152 153 152 154 154 154 104 151 131 151 150 154 154 154 154 154 122 137 149 125 145 134 122 152 106 96 85 74 62 48 42 36 35 72 47 71 87 138 155 171 143 153 155 134 115 100 94 89 84 113 106 66 73 31 35 75 90 161 218 210 146 211 190 173 137 151 187 198 204 206 207 217 208 172
151 150 149 190 158 157 152 152 152 153 155 176 201 192 191 192 154 154 154 154 151 209 153 189 183 154 154 154 187 150 188 211 210 177 239 235 191 217 203 192 188 140 133 45 96 47 60 80 90 106 126 140 150 105 248 230 204 187 178 211 202 196 191 30 125 201 206 39 84 142 180 195 164 53 35 10 32 149 179 192 199 204 207 170 172 174 139 140 190 76 119 152 152 152 152 155 153 190 153 158 192 154 154 133 153 132 153 153 150 154 154 154 154 142 123 187 162 145 158 155 150 108 133 121 71 105 57 49 46 46 45 58 74 88 141 121 138 149 153 166 150 123 142 94 126 119 112 106 29 33 71 74 38 79 128 174 193 162 225 210 185 167 144 172 190 198 203 207 208 172 173
152 154 189 192 154 154 160 161 152 152 152 203 166 153 154 154 154 154 175 191 154 177 151 191 204 154 154 155 194 193 151 184 250 204 198 236 231 179 165 155 150 143 130 139 104 97 67 125 95 112 132 146 155 95 149 242 216 196 183 178 168 160 159 35 37 37 36 39 54 84 149 174 203 94 44 23 149 112 138 149 195 162 156 171 134 214 68 68 152 154 154 122 152 152 152 86 130 153 193 154 154 163 154 154 144 153 134 110 151 156 154 154 154 194 178 140 125 174 118 114 111 146 96 84 71 66 99 53 53 53 95 64 121 92 109 128 143 154 158 174 160 137 113 99 94 84 76 35 34 37 37 63 38 49 77 145 168 199 10 218 198 175 107 132 147 195 160 169 170 219 213
153 156 152 152 154 154 166 167 152 152 152 175 220 154 154 154 155 154 154 194 152 212 212 193 154 154 154 208 215 151 151 212 211 207 202 198 192 188 179 133 155 146 57 58 136 147 67 89 106 123 144 157 204 165 8 252 240 226 217 211 208 154 175 81 83 82 158 83 89 99 113 138 199 48 132 36 14 127 146 155 157 205 211 172 213 174 153 69 152 154 154 154 152 152 152 156 90 196 153 154 154 132 166 154 167 133 169 193 151 195 154 154 154 175 150 151 141 126 119 117 114 107 104 95 83 73 62 57 58 102 101 64 83 104 118 139 155 161 185 180 170 156 143 133 127 146 120 81 104 83 107 143 82 88 96 108 134 195 225 216 211 188 122 143 154 156 162 210 172 253 173
196 156 152 153 154 154 165 152 152 152 152 175 195 197 154 183 153 154 154 152 151 152 152 152 220 198 154 198 209 187 185 193 0 183 210 207 206 201 196 187 176 158 146 143 99 60 71 91 111 132 150 161 168 106 13 6 153 5 232 136 229 228 228 134 136 137 137 136 136 139 143 153 200 157 47 41 96 144 155 156 160 164 169 171 172 174 154 151 152 154 154 80 151 152 152 152 152 159 197 154 98 196 154 154 106 106 152 152 152 155 198 140 198 141 153 125 149 128 144 125 122 135 116 112 104 93 77 63 58 102 59 68 85 106 128 147 159 166 180 185 177 174 147 171 193 136 170 133 158 136 137 137 184 165 139 142 151 199 157 218 212 211 142 154 156 158 163 168 171 171 173
153 201 157 205 198 152 152 152 152 152 152 152 152 152 153 183 171 154 236 149 197 198 153 155 153 153 154 154 154 154 214 149 148 149 147 189 215 217 205 192 181 166 151 142 56 63 78 98 119 139 156 164 171 129 21 17 161 124 161 107 127 160 163 166 165 137 166 116 166 168 172 58 171 172 62 60 58 162 165 152 68 167 171 171 218 173 153 121 74 198 121 152 152 152 152 152 152 152 152 153 98 152 153 200 148 132 197 153 154 116 153 153 123 154 154 129 126 126 149 129 141 130 143 122 109 99 82 70 104 55 62 75 93 113 135 152 162 170 171 191 219 161 161 179 163 182 196 162 165 165 165 166 166 165 167 172 172 171 207 171 166 201 162 164 236 164 165 170 252 172 173
153 202 153 153 152 152 152 152 152 152 152 152 152 152 153 154 154 152 187 149 149 198 200 221 221 154 223 155 226 215 213 150 150 226 219 228 220 218 208 195 183 213 194 103 60 72 93 114 134 152 164 168 174 131 171 131 25 168 112 170 139 171 42 176 179 177 178 178 180 180 65 180 163 68 68 68 158 169 163 75 162 173 176 83 172 174 152 152 153 120 76 151 152 152 152 152 152 152 152 152 154 154 100 131 129 130 198 200 202 154 154 202 142 155 156 128 140 141 199 152 151 135 133 125 112 101 130 113 103 57 69 90 108 129 147 163 167 173 193 171 194 169 167 169 169 206 234 173 175 178 222 178 178 179 249 181 180 181 239 239 175 238 237 174 173 215 172 176 222 172 173
202 203 155 162 154 154 152 152 152 152 152 152 152 152 202 172 202 174 187 149 151 152 152 155 204 154 204 6 207 9 204 229 12 218 228 201 15 220 212 244 231 163 145 56 63 81 99 118 140 156 217 170 223 114 174 175 137 222 172 175 38 121 179 181 156 184 235 233 185 236 69 183 72 71 181 168 169 183 83 179 170 178 177 171 174 176 202 205 156 153 123 79 152 152 152 152 152 152 152 202 154 202 132 172 149 151 152 152 203 182 154 204 207 205 190 154 204 154 144 190 151 186 135 129 163 149 129 61 56 59 78 96 112 134 153 214 169 222 174 232 190 199 222 234 175 238 224 177 180 208 233 213 26 255 217 186 183 184 255 180 1 221 182 253 252 2 177 3 255 50 175
154 157 157 209 157 153 154 154 154 172 152 152 152 152 152 153 154 205 220 173 219 152 152 201 205 154 154 206 207 212 154 154 11 218 153 152 222 220 211 196 232 162 199 59 69 88 104 171 143 158 219 220 223 174 136 227 175 227 175 177 41 176 180 183 237 186 186 186 67 167 237 186 74 172 237 143 188 194 90 87 181 174 174 176 176 178 157 155 206 158 152 153 154 154 86 152 152 152 152 152 205 153 205 154 103 203 152 152 154 157 154 154 187 189 155 154 154 183 152 152 152 145 135 130 114 151 80 63 111 65 84 101 166 137 155 164 219 221 234 187 227 175 226 239 176 243 175 179 182 237 238 1 235 187 186 35 238 221 186 223 237 187 193 6 2 181 255 178 176 177 178
208 209 210 208 154 154 154 154 154 171 152 152 152 152 152 152 154 154 154 188 151 152 152 154 204 154 154 154 154 154 154 154 189 205 206 221 223 229 214 197 185 167 151 67 77 96 104 119 143 209 165 127 223 226 173 176 175 176 177 179 178 179 181 160 185 164 186 188 68 188 189 187 191 193 84 192 194 196 94 92 146 180 180 179 91 92 158 209 208 123 154 154 154 154 86 152 152 152 152 152 152 154 154 154 103 150 152 152 154 155 154 154 154 154 154 154 154 130 205 135 136 151 189 132 169 103 84 67 67 72 93 103 114 138 207 216 166 221 224 236 175 201 175 177 179 212 178 180 185 185 186 186 187 239 6 188 187 190 193 15 192 193 196 9 190 2 183 3 126 6 178
153 152 157 151 151 206 208 209 210 153 152 152 152 152 152 152 154 153 154 149 151 152 152 208 209 154 154 154 154 154 154 154 150 205 152 223 206 19 13 202 197 179 163 77 83 151 159 171 196 209 217 220 223 225 173 176 178 178 234 179 179 180 183 186 165 187 140 190 190 147 193 181 194 196 87 154 195 197 97 96 186 187 94 179 93 94 119 154 159 74 206 208 82 210 86 152 152 152 152 152 152 154 153 154 103 150 152 152 208 209 154 154 154 154 154 154 154 130 130 152 209 192 191 187 118 113 97 81 76 80 149 158 167 191 206 214 219 221 181 228 175 178 178 196 247 179 180 183 186 187 187 244 190 190 193 226 194 194 195 196 251 195 196 12 10 7 7 9 3 114 180
210 152 156 211 214 151 222 161 152 153 154 154 177 152 152 152 152 153 154 173 151 193 209 207 208 155 188 154 154 154 154 154 219 150 197 154 23 218 213 205 199 183 175 141 142 90 156 171 193 148 158 162 167 111 174 232 119 233 151 126 180 130 134 189 189 140 189 193 195 199 183 197 199 199 90 155 195 254 198 99 153 187 152 148 238 92 152 152 209 152 75 209 152 152 211 128 154 173 152 152 152 152 152 154 103 150 108 208 110 208 155 155 193 154 154 154 154 154 149 212 148 137 133 130 121 175 158 91 84 141 147 153 166 189 204 156 161 166 181 172 232 232 232 178 179 180 182 243 188 189 189 189 192 195 198 251 196 199 199 199 121 195 196 255 127 11 118 135 6 237 7
152 153 157 151 220 152 223 151 152 154 154 154 177 152 152 152 152 153 154 188 151 151 152 149 213 157 209 154 154 154 213 213 22 150 238 197 222 217 19 207 3 185 180 183 89 186 148 104 130 148 159 162 226 230 175 174 174 175 179 182 184 134 188 193 195 197 198 198 183 199 187 3 191 5 157 196 195 255 254 156 152 246 152 88 238 236 152 212 150 165 152 166 150 152 154 154 154 92 152 152 152 152 152 154 103 150 134 151 170 211 155 157 154 154 154 198 213 154 150 152 153 138 133 191 122 175 101 96 90 91 94 154 99 125 145 156 161 225 229 174 189 174 174 178 181 184 185 187 192 195 196 227 21 247 199 254 199 124 5 140 4 122 255 139 254 67 135 8 4 178 64
212 153 151 218 214 153 165 152 152 155 154 214 223 152 152 152 152 215 154 188 150 212 152 181 211 217 189 154 154 154 155 218 241 151 152 223 239 26 217 18 198 184 194 182 147 92 101 114 134 149 125 224 168 173 174 29 176 179 183 183 188 190 194 198 201 200 199 199 140 5 145 4 190 148 0 148 255 150 190 154 91 151 88 183 150 147 161 150 166 214 152 153 152 152 154 154 151 214 152 152 152 152 152 154 104 149 185 151 152 188 216 218 142 154 154 154 147 203 201 152 152 136 136 132 127 116 100 100 97 155 155 98 111 129 146 158 223 166 171 244 175 175 178 182 183 187 190 193 198 200 227 52 229 4 5 60 233 0 123 63 63 254 65 67 139 119 4 113 1 65 106
151 214 213 151 151 215 152 152 153 165 225 228 178 152 152 152 152 154 175 229 176 149 213 213 150 154 156 211 154 154 155 25 216 214 194 151 223 29 220 15 1 163 100 185 95 98 107 119 140 214 159 161 166 172 118 173 178 182 247 186 187 255 4 198 201 200 137 150 195 151 5 191 84 146 83 149 252 188 253 92 153 246 88 149 148 137 213 213 215 151 215 216 152 153 87 177 155 93 152 152 152 152 153 167 151 151 186 213 213 149 217 156 157 153 154 154 205 203 194 145 145 207 200 141 188 175 161 99 99 98 97 105 117 136 213 159 161 229 235 174 188 177 181 246 250 187 254 2 198 201 244 52 3 22 195 4 6 26 61 191 189 229 188 252 253 68 66 134 160 11 62
214 214 214 215 226 151 217 151 219 154 153 220 243 152 152 152 152 219 153 152 152 177 149 149 149 217 153 21 154 154 155 216 192 151 219 196 32 28 25 9 251 162 165 99 99 106 117 127 144 150 224 161 232 235 240 176 178 182 183 186 186 189 2 198 10 9 148 3 194 3 4 143 190 190 191 192 84 187 188 253 88 87 149 147 146 144 214 214 215 218 150 217 151 219 129 153 220 158 152 152 152 152 219 135 152 152 189 149 149 149 216 153 222 154 154 145 131 143 151 145 152 203 200 197 183 168 159 165 165 100 105 114 125 141 149 223 161 230 234 239 241 178 182 183 185 220 188 1 7 226 53 52 3 22 226 4 58 190 190 191 192 255 187 188 138 3 115 64 62 61 60
148 148 148 217 155 152 151 152 152 221 155 153 177 178 182 172 152 152 152 154 154 178 234 217 149 150 154 210 243 154 154 154 217 151 152 223 221 29 213 197 183 145 163 168 105 113 119 132 211 216 224 230 166 86 239 150 244 181 252 254 255 173 3 193 4 148 193 146 148 192 148 191 190 190 192 192 84 187 88 155 251 154 83 149 146 163 148 148 149 141 151 78 152 152 152 131 130 153 152 153 186 220 152 152 154 154 108 218 217 149 196 222 204 222 154 154 154 132 151 152 153 136 201 130 115 99 92 163 167 104 111 116 129 208 215 222 228 241 236 238 242 243 3 251 254 254 15 2 193 219 6 22 222 4 192 225 191 190 249 192 192 0 187 188 253 251 69 254 172 62 6
148 216 149 149 149 223 151 221 152 164 222 222 247 222 233 223 152 152 222 222 223 9 221 153 181 221 154 244 245 155 193 223 246 152 195 247 223 220 217 204 188 175 162 99 108 115 122 133 212 215 221 228 236 16 239 242 175 178 254 135 185 0 0 1 177 2 3 146 4 4 2 188 3 191 192 192 87 87 152 88 252 86 153 135 145 143 133 218 149 121 219 220 221 152 86 129 181 223 152 222 222 99 152 152 222 194 110 221 152 197 221 153 224 154 155 145 208 201 152 152 222 212 136 133 121 106 91 92 168 106 114 119 132 140 214 219 227 234 166 237 240 174 177 253 11 185 186 211 42 18 2 2 4 3 224 56 188 3 26 192 192 123 189 188 140 182 116 255 63 60 59
147 146 220 149 149 228 152 152 224 152 152 152 177 152 170 152 152 152 152 152 152 154 152 14 201 223 226 247 188 223 245 152 152 152 220 151 249 40 222 214 196 181 145 97 107 115 194 134 213 141 218 226 231 233 237 241 244 245 250 162 129 250 252 252 127 255 0 186 181 143 187 75 188 191 195 192 88 3 187 88 147 156 83 181 75 142 146 219 149 221 151 152 126 224 152 152 129 153 152 152 96 99 152 152 152 107 154 110 224 225 222 153 227 194 223 143 152 152 152 152 151 138 150 137 130 114 99 90 94 105 114 191 133 210 153 216 224 230 253 237 239 244 244 249 6 250 250 251 252 255 254 0 186 20 186 187 189 188 190 232 8 192 255 187 186 164 71 254 248 246 57
146 145 148 149 224 225 225 230 151 152 152 225 152 152 180 152 152 152 152 152 152 154 243 153 183 184 154 248 206 149 150 152 152 152 152 152 153 225 41 214 206 189 183 101 109 187 198 208 213 57 145 224 227 102 231 236 115 243 246 123 246 249 248 250 251 253 255 1 3 184 143 6 191 192 84 192 88 187 187 153 87 84 82 150 146 139 145 147 149 224 176 225 225 225 152 152 88 152 152 152 152 192 152 152 152 107 154 112 153 115 151 228 228 150 149 150 152 152 152 152 152 153 140 138 131 122 105 98 99 107 185 195 207 138 215 143 223 226 229 231 235 240 241 246 246 245 248 248 249 251 207 15 1 2 220 219 187 191 192 10 192 192 255 187 188 2 255 71 65 62 55
219 144 222 152 233 223 223 156 231 151 151 227 226 226 228 227 152 152 152 152 228 229 154 154 246 154 207 152 153 153 192 152 152 152 152 152 152 224 146 215 207 193 189 212 184 187 123 134 212 252 220 224 224 152 156 160 243 241 244 171 171 115 247 247 173 168 252 180 184 65 182 185 8 9 9 12 155 199 187 187 162 158 156 150 146 63 114 222 224 224 223 223 122 225 150 151 227 186 129 228 227 175 152 152 152 152 229 154 154 140 154 155 197 143 153 153 152 152 152 152 152 152 139 137 132 123 110 104 106 183 187 120 133 211 217 218 224 224 227 156 159 242 184 244 170 205 249 30 247 8 174 251 255 183 235 182 185 6 69 230 12 78 2 143 187 77 73 71 65 234 55
143 223 224 227 146 146 229 146 147 229 172 247 233 146 226 183 152 152 152 152 152 153 154 154 154 154 152 230 232 213 250 152 152 152 152 152 152 45 146 216 210 198 213 106 108 110 201 132 210 212 217 221 225 152 235 237 164 247 26 244 244 113 246 247 169 171 175 252 133 254 254 2 182 4 6 10 11 168 154 202 87 80 79 150 143 138 167 222 174 146 146 146 121 147 228 151 162 224 146 226 152 99 152 152 152 152 152 154 154 154 154 152 121 232 155 213 152 152 152 152 152 152 217 136 134 125 114 106 106 107 110 199 131 139 211 216 220 224 151 242 237 241 245 166 166 244 247 245 246 169 170 174 206 254 253 254 1 182 3 5 9 11 14 125 146 81 252 173 66 60 53
222 221 149 228 146 146 157 146 158 229 230 163 146 146 147 183 152 152 152 152 152 153 154 154 154 154 152 250 152 252 150 193 152 152 152 152 153 255 225 218 213 200 193 106 164 110 199 206 207 209 215 220 224 231 235 238 243 245 247 108 155 245 243 160 124 249 252 174 174 253 139 253 254 254 255 2 7 153 202 168 182 175 80 129 142 136 167 224 226 146 146 147 75 147 229 230 85 125 146 146 152 99 152 152 152 152 152 154 154 154 154 119 211 151 232 150 152 152 152 152 152 153 219 149 135 129 116 109 106 107 189 196 205 207 208 214 218 144 229 234 158 242 245 246 23 245 245 188 245 247 249 250 14 206 252 255 210 254 254 255 1 6 11 11 124 120 253 252 65 58 51
142 142 226 227 227 153 227 146 164 228 145 149 171 228 149 8 154 154 190 152 152 153 154 154 154 154 154 207 152 152 211 231 152 152 152 152 233 224 226 219 216 203 194 107 195 109 116 202 202 207 132 138 225 230 153 157 241 242 241 112 160 241 240 242 247 123 44 250 250 251 129 168 169 248 249 254 3 8 7 149 181 164 79 151 140 131 142 224 144 119 146 179 181 184 146 184 230 86 146 148 152 153 154 154 152 152 152 154 154 154 154 154 154 151 152 216 231 234 152 152 152 233 139 149 135 135 119 110 107 107 107 115 202 127 206 130 137 224 229 152 156 240 241 241 241 159 183 22 242 246 248 214 199 201 204 204 168 168 206 14 170 2 8 7 9 32 80 251 69 56 47
145 144 142 151 143 156 146 146 167 146 146 147 163 146 149 172 154 154 190 152 152 153 154 154 154 154 235 152 154 40 213 151 152 152 152 152 152 225 53 222 216 206 198 194 107 113 117 185 189 126 132 138 226 147 234 237 108 98 236 237 237 150 157 156 164 40 125 250 252 169 169 169 169 57 179 252 189 191 4 181 168 143 160 69 54 124 143 142 144 227 230 146 75 151 146 146 146 147 146 232 152 136 154 154 152 152 152 154 154 154 154 202 236 124 238 127 151 152 152 152 152 227 148 227 137 132 122 114 109 106 112 116 122 124 125 131 137 225 231 233 236 241 175 11 236 249 239 195 0 245 166 250 197 251 169 169 169 169 228 166 251 174 3 3 181 230 79 76 69 55 41
