Analysis & Synthesis report for ModoSecuencial
Sat Nov 29 02:39:45 2025
Quartus Prime Version 20.1.1 Build 720 11/11/2020 SJ Lite Edition


---------------------
; Table of Contents ;
---------------------
  1. Legal Notice
  2. Analysis & Synthesis Summary
  3. Analysis & Synthesis Settings
  4. Parallel Compilation
  5. Analysis & Synthesis Source Files Read
  6. Analysis & Synthesis Resource Usage Summary
  7. Analysis & Synthesis Resource Utilization by Entity
  8. Analysis & Synthesis RAM Summary
  9. Analysis & Synthesis DSP Block Usage Summary
 10. Analysis & Synthesis IP Cores Summary
 11. State Machine - |Top_VJTAG|Top_General:u_top_general|Top_Downscale_Integration:u_top_simd|Downscale_SIMD:u_downscale|state
 12. State Machine - |Top_VJTAG|Top_General:u_top_general|Top_Downscale_Integration:u_top_simd|Downscale_SIMD:u_downscale|Top_SIMD:u_top_simd|FSM_SIMD:fsm_inst|state
 13. State Machine - |Top_VJTAG|Top_General:u_top_general|Top_Downscale_Secuencial:u_top_seq|Downscale_Secuencial:u_seq|fetch_cnt
 14. State Machine - |Top_VJTAG|Top_General:u_top_general|Top_Downscale_Secuencial:u_top_seq|Downscale_Secuencial:u_seq|state
 15. Registers Removed During Synthesis
 16. Removed Registers Triggering Further Register Optimizations
 17. General Register Statistics
 18. Inverted Register Statistics
 19. Registers Added for RAM Pass-Through Logic
 20. Multiplexer Restructuring Statistics (Restructuring Performed)
 21. Source assignments for Top_General:u_top_general|Top_Downscale_Integration:u_top_simd|ImageMemory_SIMDPort:u_image_memory|altsyncram:memory[0][7]__1|altsyncram_s9k1:auto_generated
 22. Source assignments for Top_General:u_top_general|Top_Downscale_Integration:u_top_simd|ImageMemory_SIMDPort:u_image_memory|altsyncram:memory[0][7]__2|altsyncram_s9k1:auto_generated
 23. Source assignments for Top_General:u_top_general|Top_Downscale_Integration:u_top_simd|ImageMemory_SIMDPort:u_image_memory|altsyncram:memory[0][7]__3|altsyncram_s9k1:auto_generated
 24. Source assignments for Top_General:u_top_general|Top_Downscale_Integration:u_top_simd|ImageMemory_SIMDPort:u_image_memory|altsyncram:memory[0][7]__4|altsyncram_s9k1:auto_generated
 25. Source assignments for Top_General:u_top_general|Top_Downscale_Secuencial:u_top_seq|ImageMemory_SeqPort:mem|altsyncram:memory_rtl_0|altsyncram_dso1:auto_generated
 26. Parameter Settings for User Entity Instance: Top-level Entity: |Top_VJTAG
 27. Parameter Settings for User Entity Instance: sld_virtual_jtag:u_vjtag
 28. Parameter Settings for User Entity Instance: Top_General:u_top_general
 29. Parameter Settings for User Entity Instance: Top_General:u_top_general|Top_Downscale_Secuencial:u_top_seq
 30. Parameter Settings for User Entity Instance: Top_General:u_top_general|Top_Downscale_Secuencial:u_top_seq|ImageMemory_SeqPort:mem
 31. Parameter Settings for User Entity Instance: Top_General:u_top_general|Top_Downscale_Secuencial:u_top_seq|Downscale_Secuencial:u_seq
 32. Parameter Settings for User Entity Instance: Top_General:u_top_general|Top_Downscale_Integration:u_top_simd
 33. Parameter Settings for User Entity Instance: Top_General:u_top_general|Top_Downscale_Integration:u_top_simd|ImageMemory_SIMDPort:u_image_memory
 34. Parameter Settings for User Entity Instance: Top_General:u_top_general|Top_Downscale_Integration:u_top_simd|ImageMemory_SIMDPort:u_image_memory|altsyncram:memory[0][7]__1
 35. Parameter Settings for User Entity Instance: Top_General:u_top_general|Top_Downscale_Integration:u_top_simd|ImageMemory_SIMDPort:u_image_memory|altsyncram:memory[0][7]__2
 36. Parameter Settings for User Entity Instance: Top_General:u_top_general|Top_Downscale_Integration:u_top_simd|ImageMemory_SIMDPort:u_image_memory|altsyncram:memory[0][7]__3
 37. Parameter Settings for User Entity Instance: Top_General:u_top_general|Top_Downscale_Integration:u_top_simd|ImageMemory_SIMDPort:u_image_memory|altsyncram:memory[0][7]__4
 38. Parameter Settings for User Entity Instance: Top_General:u_top_general|Top_Downscale_Integration:u_top_simd|Downscale_SIMD:u_downscale
 39. Parameter Settings for User Entity Instance: Top_General:u_top_general|Top_Downscale_Integration:u_top_simd|Downscale_SIMD:u_downscale|Top_SIMD:u_top_simd
 40. Parameter Settings for User Entity Instance: Top_General:u_top_general|Top_Downscale_Integration:u_top_simd|Downscale_SIMD:u_downscale|Top_SIMD:u_top_simd|SIMD_Registros:regs_inst
 41. Parameter Settings for User Entity Instance: Top_General:u_top_general|Top_Downscale_Integration:u_top_simd|Downscale_SIMD:u_downscale|Top_SIMD:u_top_simd|ModoSIMD:simd_inst
 42. Parameter Settings for Inferred Entity Instance: Top_General:u_top_general|Top_Downscale_Secuencial:u_top_seq|ImageMemory_SeqPort:mem|altsyncram:memory_rtl_0
 43. altsyncram Parameter Settings by Entity Instance
 44. Port Connectivity Checks: "Top_General:u_top_general|Top_Downscale_Integration:u_top_simd|Downscale_SIMD:u_downscale|Top_SIMD:u_top_simd|ModoSIMD:simd_inst|ModoSecuencial:SIMD_CORES[3].core"
 45. Port Connectivity Checks: "Top_General:u_top_general|Top_Downscale_Integration:u_top_simd|Downscale_SIMD:u_downscale|Top_SIMD:u_top_simd|ModoSIMD:simd_inst|ModoSecuencial:SIMD_CORES[2].core"
 46. Port Connectivity Checks: "Top_General:u_top_general|Top_Downscale_Integration:u_top_simd|Downscale_SIMD:u_downscale|Top_SIMD:u_top_simd|ModoSIMD:simd_inst|ModoSecuencial:SIMD_CORES[1].core"
 47. Port Connectivity Checks: "Top_General:u_top_general|Top_Downscale_Integration:u_top_simd|Downscale_SIMD:u_downscale|Top_SIMD:u_top_simd|FSM_SIMD:fsm_inst"
 48. Port Connectivity Checks: "Top_General:u_top_general|Top_Downscale_Integration:u_top_simd"
 49. Port Connectivity Checks: "Top_General:u_top_general|Top_Downscale_Secuencial:u_top_seq|Downscale_Secuencial:u_seq"
 50. Port Connectivity Checks: "Top_General:u_top_general|Top_Downscale_Secuencial:u_top_seq|ImageMemory_SeqPort:mem"
 51. Port Connectivity Checks: "Top_General:u_top_general|JTAG_Interface:jtag"
 52. Port Connectivity Checks: "sld_virtual_jtag:u_vjtag"
 53. Virtual JTAG Settings
 54. Post-Synthesis Netlist Statistics for Top Partition
 55. Elapsed Time Per Partition
 56. Analysis & Synthesis Messages
 57. Analysis & Synthesis Suppressed Messages



----------------
; Legal Notice ;
----------------
Copyright (C) 2020  Intel Corporation. All rights reserved.
Your use of Intel Corporation's design tools, logic functions 
and other software and tools, and any partner logic 
functions, and any output files from any of the foregoing 
(including device programming or simulation files), and any 
associated documentation or information are expressly subject 
to the terms and conditions of the Intel Program License 
Subscription Agreement, the Intel Quartus Prime License Agreement,
the Intel FPGA IP License Agreement, or other applicable license
agreement, including, without limitation, that your use is for
the sole purpose of programming logic devices manufactured by
Intel and sold by Intel or its authorized distributors.  Please
refer to the applicable agreement for further details, at
https://fpgasoftware.intel.com/eula.



+-------------------------------------------------------------------------------+
; Analysis & Synthesis Summary                                                  ;
+---------------------------------+---------------------------------------------+
; Analysis & Synthesis Status     ; Successful - Sat Nov 29 02:39:45 2025       ;
; Quartus Prime Version           ; 20.1.1 Build 720 11/11/2020 SJ Lite Edition ;
; Revision Name                   ; ModoSecuencial                              ;
; Top-level Entity Name           ; Top_VJTAG                                   ;
; Family                          ; Cyclone V                                   ;
; Logic utilization (in ALMs)     ; N/A                                         ;
; Total registers                 ; 783                                         ;
; Total pins                      ; 10                                          ;
; Total virtual pins              ; 0                                           ;
; Total block memory bits         ; 393,216                                     ;
; Total DSP Blocks                ; 18                                          ;
; Total HSSI RX PCSs              ; 0                                           ;
; Total HSSI PMA RX Deserializers ; 0                                           ;
; Total HSSI TX PCSs              ; 0                                           ;
; Total HSSI PMA TX Serializers   ; 0                                           ;
; Total PLLs                      ; 0                                           ;
; Total DLLs                      ; 0                                           ;
+---------------------------------+---------------------------------------------+


+---------------------------------------------------------------------------------------------------------------------------+
; Analysis & Synthesis Settings                                                                                             ;
+---------------------------------------------------------------------------------+--------------------+--------------------+
; Option                                                                          ; Setting            ; Default Value      ;
+---------------------------------------------------------------------------------+--------------------+--------------------+
; Device                                                                          ; 5CSEMA5F31C6       ;                    ;
; Top-level entity name                                                           ; Top_VJTAG          ; ModoSecuencial     ;
; Family name                                                                     ; Cyclone V          ; Cyclone V          ;
; Use smart compilation                                                           ; Off                ; Off                ;
; Enable parallel Assembler and Timing Analyzer during compilation                ; On                 ; On                 ;
; Enable compact report table                                                     ; Off                ; Off                ;
; Restructure Multiplexers                                                        ; Auto               ; Auto               ;
; MLAB Add Timing Constraints For Mixed-Port Feed-Through Mode Setting Don't Care ; Off                ; Off                ;
; Create Debugging Nodes for IP Cores                                             ; Off                ; Off                ;
; Preserve fewer node names                                                       ; On                 ; On                 ;
; Intel FPGA IP Evaluation Mode                                                   ; Enable             ; Enable             ;
; Verilog Version                                                                 ; Verilog_2001       ; Verilog_2001       ;
; VHDL Version                                                                    ; VHDL_1993          ; VHDL_1993          ;
; State Machine Processing                                                        ; Auto               ; Auto               ;
; Safe State Machine                                                              ; Off                ; Off                ;
; Extract Verilog State Machines                                                  ; On                 ; On                 ;
; Extract VHDL State Machines                                                     ; On                 ; On                 ;
; Ignore Verilog initial constructs                                               ; Off                ; Off                ;
; Iteration limit for constant Verilog loops                                      ; 5000               ; 5000               ;
; Iteration limit for non-constant Verilog loops                                  ; 250                ; 250                ;
; Add Pass-Through Logic to Inferred RAMs                                         ; On                 ; On                 ;
; Infer RAMs from Raw Logic                                                       ; On                 ; On                 ;
; Parallel Synthesis                                                              ; On                 ; On                 ;
; DSP Block Balancing                                                             ; Auto               ; Auto               ;
; NOT Gate Push-Back                                                              ; On                 ; On                 ;
; Power-Up Don't Care                                                             ; On                 ; On                 ;
; Remove Redundant Logic Cells                                                    ; Off                ; Off                ;
; Remove Duplicate Registers                                                      ; On                 ; On                 ;
; Ignore CARRY Buffers                                                            ; Off                ; Off                ;
; Ignore CASCADE Buffers                                                          ; Off                ; Off                ;
; Ignore GLOBAL Buffers                                                           ; Off                ; Off                ;
; Ignore ROW GLOBAL Buffers                                                       ; Off                ; Off                ;
; Ignore LCELL Buffers                                                            ; Off                ; Off                ;
; Ignore SOFT Buffers                                                             ; On                 ; On                 ;
; Limit AHDL Integers to 32 Bits                                                  ; Off                ; Off                ;
; Optimization Technique                                                          ; Balanced           ; Balanced           ;
; Carry Chain Length                                                              ; 70                 ; 70                 ;
; Auto Carry Chains                                                               ; On                 ; On                 ;
; Auto Open-Drain Pins                                                            ; On                 ; On                 ;
; Perform WYSIWYG Primitive Resynthesis                                           ; Off                ; Off                ;
; Auto ROM Replacement                                                            ; On                 ; On                 ;
; Auto RAM Replacement                                                            ; On                 ; On                 ;
; Auto DSP Block Replacement                                                      ; On                 ; On                 ;
; Auto Shift Register Replacement                                                 ; Auto               ; Auto               ;
; Allow Shift Register Merging across Hierarchies                                 ; Auto               ; Auto               ;
; Auto Clock Enable Replacement                                                   ; On                 ; On                 ;
; Strict RAM Replacement                                                          ; Off                ; Off                ;
; Allow Synchronous Control Signals                                               ; On                 ; On                 ;
; Force Use of Synchronous Clear Signals                                          ; Off                ; Off                ;
; Auto Resource Sharing                                                           ; Off                ; Off                ;
; Allow Any RAM Size For Recognition                                              ; Off                ; Off                ;
; Allow Any ROM Size For Recognition                                              ; Off                ; Off                ;
; Allow Any Shift Register Size For Recognition                                   ; Off                ; Off                ;
; Use LogicLock Constraints during Resource Balancing                             ; On                 ; On                 ;
; Ignore translate_off and synthesis_off directives                               ; Off                ; Off                ;
; Timing-Driven Synthesis                                                         ; On                 ; On                 ;
; Report Parameter Settings                                                       ; On                 ; On                 ;
; Report Source Assignments                                                       ; On                 ; On                 ;
; Report Connectivity Checks                                                      ; On                 ; On                 ;
; Ignore Maximum Fan-Out Assignments                                              ; Off                ; Off                ;
; Synchronization Register Chain Length                                           ; 3                  ; 3                  ;
; Power Optimization During Synthesis                                             ; Normal compilation ; Normal compilation ;
; HDL message level                                                               ; Level2             ; Level2             ;
; Suppress Register Optimization Related Messages                                 ; Off                ; Off                ;
; Number of Removed Registers Reported in Synthesis Report                        ; 5000               ; 5000               ;
; Number of Swept Nodes Reported in Synthesis Report                              ; 5000               ; 5000               ;
; Number of Inverted Registers Reported in Synthesis Report                       ; 100                ; 100                ;
; Clock MUX Protection                                                            ; On                 ; On                 ;
; Auto Gated Clock Conversion                                                     ; Off                ; Off                ;
; Block Design Naming                                                             ; Auto               ; Auto               ;
; SDC constraint protection                                                       ; Off                ; Off                ;
; Synthesis Effort                                                                ; Auto               ; Auto               ;
; Shift Register Replacement - Allow Asynchronous Clear Signal                    ; On                 ; On                 ;
; Pre-Mapping Resynthesis Optimization                                            ; Off                ; Off                ;
; Analysis & Synthesis Message Level                                              ; Medium             ; Medium             ;
; Disable Register Merging Across Hierarchies                                     ; Auto               ; Auto               ;
; Resource Aware Inference For Block RAM                                          ; On                 ; On                 ;
; Automatic Parallel Synthesis                                                    ; On                 ; On                 ;
; Partial Reconfiguration Bitstream ID                                            ; Off                ; Off                ;
+---------------------------------------------------------------------------------+--------------------+--------------------+


+------------------------------------------+
; Parallel Compilation                     ;
+----------------------------+-------------+
; Processors                 ; Number      ;
+----------------------------+-------------+
; Number detected on machine ; 32          ;
; Maximum allowed            ; 16          ;
;                            ;             ;
; Average used               ; 1.00        ;
; Maximum used               ; 16          ;
;                            ;             ;
; Usage by Processor         ; % Time Used ;
;     Processor 1            ; 100.0%      ;
;     Processor 2            ;   0.0%      ;
;     Processor 3            ;   0.0%      ;
;     Processor 4            ;   0.0%      ;
;     Processor 5            ;   0.0%      ;
;     Processor 6            ;   0.0%      ;
;     Processor 7            ;   0.0%      ;
;     Processor 8            ;   0.0%      ;
;     Processors 9-16        ;   0.0%      ;
+----------------------------+-------------+


+----------------------------------------------------------------------------------------------------------------------------------------------------------------------------------------------------------------------------------------------------------------------------+
; Analysis & Synthesis Source Files Read                                                                                                                                                                                                                                     ;
+--------------------------------------------------------------------+-----------------+----------------------------------------------+------------------------------------------------------------------------------------------------------------------------+-------------+
; File Name with User-Entered Path                                   ; Used in Netlist ; File Type                                    ; File Name with Absolute Path                                                                                           ; Library     ;
+--------------------------------------------------------------------+-----------------+----------------------------------------------+------------------------------------------------------------------------------------------------------------------------+-------------+
; Top_VJTAG.sv                                                       ; yes             ; User SystemVerilog HDL File                  ; C:/Users/sebas/OneDrive/Escritorio/Arqui2-Proyecto1/Top_VJTAG.sv                                                       ;             ;
; connect.sv                                                         ; yes             ; User SystemVerilog HDL File                  ; C:/Users/sebas/OneDrive/Escritorio/Arqui2-Proyecto1/connect.sv                                                         ;             ;
; JTAG_Interface.sv                                                  ; yes             ; User SystemVerilog HDL File                  ; C:/Users/sebas/OneDrive/Escritorio/Arqui2-Proyecto1/JTAG_Interface.sv                                                  ;             ;
; Top_General.sv                                                     ; yes             ; User SystemVerilog HDL File                  ; C:/Users/sebas/OneDrive/Escritorio/Arqui2-Proyecto1/Top_General.sv                                                     ;             ;
; Top_Downscale_Secuencial.sv                                        ; yes             ; User SystemVerilog HDL File                  ; C:/Users/sebas/OneDrive/Escritorio/Arqui2-Proyecto1/Top_Downscale_Secuencial.sv                                        ;             ;
; ModoSecuencial.sv                                                  ; yes             ; User SystemVerilog HDL File                  ; C:/Users/sebas/OneDrive/Escritorio/Arqui2-Proyecto1/ModoSecuencial.sv                                                  ;             ;
; ModoSIMD.sv                                                        ; yes             ; User SystemVerilog HDL File                  ; C:/Users/sebas/OneDrive/Escritorio/Arqui2-Proyecto1/ModoSIMD.sv                                                        ;             ;
; SIMD_Registros.sv                                                  ; yes             ; User SystemVerilog HDL File                  ; C:/Users/sebas/OneDrive/Escritorio/Arqui2-Proyecto1/SIMD_Registros.sv                                                  ;             ;
; FSM_SIMD.sv                                                        ; yes             ; User SystemVerilog HDL File                  ; C:/Users/sebas/OneDrive/Escritorio/Arqui2-Proyecto1/FSM_SIMD.sv                                                        ;             ;
; Top_SIMD.sv                                                        ; yes             ; User SystemVerilog HDL File                  ; C:/Users/sebas/OneDrive/Escritorio/Arqui2-Proyecto1/Top_SIMD.sv                                                        ;             ;
; Downscale_Secuencial.sv                                            ; yes             ; User SystemVerilog HDL File                  ; C:/Users/sebas/OneDrive/Escritorio/Arqui2-Proyecto1/Downscale_Secuencial.sv                                            ;             ;
; Downscale_SIMD.sv                                                  ; yes             ; User SystemVerilog HDL File                  ; C:/Users/sebas/OneDrive/Escritorio/Arqui2-Proyecto1/Downscale_SIMD.sv                                                  ;             ;
; ImageMemory_SIMDPort.sv                                            ; yes             ; User SystemVerilog HDL File                  ; C:/Users/sebas/OneDrive/Escritorio/Arqui2-Proyecto1/ImageMemory_SIMDPort.sv                                            ;             ;
; Top_Downscale_Integration.sv                                       ; yes             ; User SystemVerilog HDL File                  ; C:/Users/sebas/OneDrive/Escritorio/Arqui2-Proyecto1/Top_Downscale_Integration.sv                                       ;             ;
; ImageMemory_SeqPort.sv                                             ; yes             ; User SystemVerilog HDL File                  ; C:/Users/sebas/OneDrive/Escritorio/Arqui2-Proyecto1/ImageMemory_SeqPort.sv                                             ;             ;
; sld_virtual_jtag.v                                                 ; yes             ; Megafunction                                 ; c:/intelfpga_lite/20.1/quartus/libraries/megafunctions/sld_virtual_jtag.v                                              ;             ;
; sld_virtual_jtag_basic.v                                           ; yes             ; Megafunction                                 ; c:/intelfpga_lite/20.1/quartus/libraries/megafunctions/sld_virtual_jtag_basic.v                                        ;             ;
; sld_jtag_endpoint_adapter.vhd                                      ; yes             ; Encrypted Megafunction                       ; c:/intelfpga_lite/20.1/quartus/libraries/megafunctions/sld_jtag_endpoint_adapter.vhd                                   ;             ;
; sld_jtag_endpoint_adapter_impl.sv                                  ; yes             ; Encrypted Megafunction                       ; c:/intelfpga_lite/20.1/quartus/libraries/megafunctions/sld_jtag_endpoint_adapter_impl.sv                               ;             ;
; altsyncram.tdf                                                     ; yes             ; Megafunction                                 ; c:/intelfpga_lite/20.1/quartus/libraries/megafunctions/altsyncram.tdf                                                  ;             ;
; stratix_ram_block.inc                                              ; yes             ; Megafunction                                 ; c:/intelfpga_lite/20.1/quartus/libraries/megafunctions/stratix_ram_block.inc                                           ;             ;
; lpm_mux.inc                                                        ; yes             ; Megafunction                                 ; c:/intelfpga_lite/20.1/quartus/libraries/megafunctions/lpm_mux.inc                                                     ;             ;
; lpm_decode.inc                                                     ; yes             ; Megafunction                                 ; c:/intelfpga_lite/20.1/quartus/libraries/megafunctions/lpm_decode.inc                                                  ;             ;
; aglobal201.inc                                                     ; yes             ; Megafunction                                 ; c:/intelfpga_lite/20.1/quartus/libraries/megafunctions/aglobal201.inc                                                  ;             ;
; a_rdenreg.inc                                                      ; yes             ; Megafunction                                 ; c:/intelfpga_lite/20.1/quartus/libraries/megafunctions/a_rdenreg.inc                                                   ;             ;
; altrom.inc                                                         ; yes             ; Megafunction                                 ; c:/intelfpga_lite/20.1/quartus/libraries/megafunctions/altrom.inc                                                      ;             ;
; altram.inc                                                         ; yes             ; Megafunction                                 ; c:/intelfpga_lite/20.1/quartus/libraries/megafunctions/altram.inc                                                      ;             ;
; altdpram.inc                                                       ; yes             ; Megafunction                                 ; c:/intelfpga_lite/20.1/quartus/libraries/megafunctions/altdpram.inc                                                    ;             ;
; db/altsyncram_s9k1.tdf                                             ; yes             ; Auto-Generated Megafunction                  ; C:/Users/sebas/OneDrive/Escritorio/Arqui2-Proyecto1/db/altsyncram_s9k1.tdf                                             ;             ;
; db/decode_5la.tdf                                                  ; yes             ; Auto-Generated Megafunction                  ; C:/Users/sebas/OneDrive/Escritorio/Arqui2-Proyecto1/db/decode_5la.tdf                                                  ;             ;
; db/mux_lfb.tdf                                                     ; yes             ; Auto-Generated Megafunction                  ; C:/Users/sebas/OneDrive/Escritorio/Arqui2-Proyecto1/db/mux_lfb.tdf                                                     ;             ;
; sld_hub.vhd                                                        ; yes             ; Encrypted Megafunction                       ; c:/intelfpga_lite/20.1/quartus/libraries/megafunctions/sld_hub.vhd                                                     ; altera_sld  ;
; db/ip/sld2ddc75ed/alt_sld_fab.v                                    ; yes             ; Encrypted Auto-Found Verilog HDL File        ; C:/Users/sebas/OneDrive/Escritorio/Arqui2-Proyecto1/db/ip/sld2ddc75ed/alt_sld_fab.v                                    ; alt_sld_fab ;
; db/ip/sld2ddc75ed/submodules/alt_sld_fab_alt_sld_fab.v             ; yes             ; Encrypted Auto-Found Verilog HDL File        ; C:/Users/sebas/OneDrive/Escritorio/Arqui2-Proyecto1/db/ip/sld2ddc75ed/submodules/alt_sld_fab_alt_sld_fab.v             ; alt_sld_fab ;
; db/ip/sld2ddc75ed/submodules/alt_sld_fab_alt_sld_fab_ident.sv      ; yes             ; Auto-Found SystemVerilog HDL File            ; C:/Users/sebas/OneDrive/Escritorio/Arqui2-Proyecto1/db/ip/sld2ddc75ed/submodules/alt_sld_fab_alt_sld_fab_ident.sv      ; alt_sld_fab ;
; db/ip/sld2ddc75ed/submodules/alt_sld_fab_alt_sld_fab_presplit.sv   ; yes             ; Encrypted Auto-Found SystemVerilog HDL File  ; C:/Users/sebas/OneDrive/Escritorio/Arqui2-Proyecto1/db/ip/sld2ddc75ed/submodules/alt_sld_fab_alt_sld_fab_presplit.sv   ; alt_sld_fab ;
; db/ip/sld2ddc75ed/submodules/alt_sld_fab_alt_sld_fab_sldfabric.vhd ; yes             ; Encrypted Auto-Found VHDL File               ; C:/Users/sebas/OneDrive/Escritorio/Arqui2-Proyecto1/db/ip/sld2ddc75ed/submodules/alt_sld_fab_alt_sld_fab_sldfabric.vhd ; alt_sld_fab ;
; db/ip/sld2ddc75ed/submodules/alt_sld_fab_alt_sld_fab_splitter.sv   ; yes             ; Encrypted Auto-Found SystemVerilog HDL File  ; C:/Users/sebas/OneDrive/Escritorio/Arqui2-Proyecto1/db/ip/sld2ddc75ed/submodules/alt_sld_fab_alt_sld_fab_splitter.sv   ; alt_sld_fab ;
; sld_jtag_hub.vhd                                                   ; yes             ; Encrypted Megafunction                       ; c:/intelfpga_lite/20.1/quartus/libraries/megafunctions/sld_jtag_hub.vhd                                                ;             ;
; sld_rom_sr.vhd                                                     ; yes             ; Encrypted Megafunction                       ; c:/intelfpga_lite/20.1/quartus/libraries/megafunctions/sld_rom_sr.vhd                                                  ;             ;
; db/altsyncram_dso1.tdf                                             ; yes             ; Auto-Generated Megafunction                  ; C:/Users/sebas/OneDrive/Escritorio/Arqui2-Proyecto1/db/altsyncram_dso1.tdf                                             ;             ;
; db/altsyncram_uck1.tdf                                             ; yes             ; Auto-Generated Megafunction                  ; C:/Users/sebas/OneDrive/Escritorio/Arqui2-Proyecto1/db/altsyncram_uck1.tdf                                             ;             ;
; db/decode_sma.tdf                                                  ; yes             ; Auto-Generated Megafunction                  ; C:/Users/sebas/OneDrive/Escritorio/Arqui2-Proyecto1/db/decode_sma.tdf                                                  ;             ;
; db/mux_chb.tdf                                                     ; yes             ; Auto-Generated Megafunction                  ; C:/Users/sebas/OneDrive/Escritorio/Arqui2-Proyecto1/db/mux_chb.tdf                                                     ;             ;
; db/altsyncram_fvo1.tdf                                             ; yes             ; Auto-Generated Megafunction                  ; C:/Users/sebas/OneDrive/Escritorio/Arqui2-Proyecto1/db/altsyncram_fvo1.tdf                                             ;             ;
+--------------------------------------------------------------------+-----------------+----------------------------------------------+------------------------------------------------------------------------------------------------------------------------+-------------+


+---------------------------------------------------------+
; Analysis & Synthesis Resource Usage Summary             ;
+---------------------------------------------+-----------+
; Resource                                    ; Usage     ;
+---------------------------------------------+-----------+
; Estimate of Logic utilization (ALMs needed) ; 572       ;
;                                             ;           ;
; Combinational ALUT usage for logic          ; 870       ;
;     -- 7 input functions                    ; 24        ;
;     -- 6 input functions                    ; 82        ;
;     -- 5 input functions                    ; 71        ;
;     -- 4 input functions                    ; 172       ;
;     -- <=3 input functions                  ; 521       ;
;                                             ;           ;
; Dedicated logic registers                   ; 783       ;
;                                             ;           ;
; I/O pins                                    ; 10        ;
; Total MLAB memory bits                      ; 0         ;
; Total block memory bits                     ; 393216    ;
;                                             ;           ;
; Total DSP Blocks                            ; 18        ;
;                                             ;           ;
; Maximum fan-out node                        ; clk~input ;
; Maximum fan-out                             ; 705       ;
; Total fan-out                               ; 7828      ;
; Average fan-out                             ; 4.48      ;
+---------------------------------------------+-----------+


+-------------------------------------------------------------------------------------------------------------------------------------------------------------------------------------------------------------------------------------------------------------------------------------------------------------------------------------------------------------------------------------------------------------------------------------------------------------------------------------------------------------------------------------------------------------------------------------------------------------------------------------------------------------+
; Analysis & Synthesis Resource Utilization by Entity                                                                                                                                                                                                                                                                                                                                                                                                                                                                                                                                                                                                         ;
+-----------------------------------------------------------------------------------------------------------------------------------------+---------------------+---------------------------+-------------------+------------+------+--------------+-------------------------------------------------------------------------------------------------------------------------------------------------------------------------------------------------------------------------------------------------------------------------------------------------------------------------------------------------------+-----------------------------------+--------------+
; Compilation Hierarchy Node                                                                                                              ; Combinational ALUTs ; Dedicated Logic Registers ; Block Memory Bits ; DSP Blocks ; Pins ; Virtual Pins ; Full Hierarchy Name                                                                                                                                                                                                                                                                                                                                   ; Entity Name                       ; Library Name ;
+-----------------------------------------------------------------------------------------------------------------------------------------+---------------------+---------------------------+-------------------+------------+------+--------------+-------------------------------------------------------------------------------------------------------------------------------------------------------------------------------------------------------------------------------------------------------------------------------------------------------------------------------------------------------+-----------------------------------+--------------+
; |Top_VJTAG                                                                                                                              ; 870 (2)             ; 783 (0)                   ; 393216            ; 18         ; 10   ; 0            ; |Top_VJTAG                                                                                                                                                                                                                                                                                                                                            ; Top_VJTAG                         ; work         ;
;    |Top_General:u_top_general|                                                                                                          ; 768 (37)            ; 657 (33)                  ; 393216            ; 18         ; 0    ; 0            ; |Top_VJTAG|Top_General:u_top_general                                                                                                                                                                                                                                                                                                                  ; Top_General                       ; work         ;
;       |JTAG_Interface:jtag|                                                                                                             ; 118 (118)           ; 256 (256)                 ; 0                 ; 0          ; 0    ; 0            ; |Top_VJTAG|Top_General:u_top_general|JTAG_Interface:jtag                                                                                                                                                                                                                                                                                              ; JTAG_Interface                    ; work         ;
;       |Top_Downscale_Integration:u_top_simd|                                                                                            ; 469 (0)             ; 249 (0)                   ; 262144            ; 18         ; 0    ; 0            ; |Top_VJTAG|Top_General:u_top_general|Top_Downscale_Integration:u_top_simd                                                                                                                                                                                                                                                                             ; Top_Downscale_Integration         ; work         ;
;          |Downscale_SIMD:u_downscale|                                                                                                   ; 467 (93)            ; 246 (149)                 ; 0                 ; 18         ; 0    ; 0            ; |Top_VJTAG|Top_General:u_top_general|Top_Downscale_Integration:u_top_simd|Downscale_SIMD:u_downscale                                                                                                                                                                                                                                                  ; Downscale_SIMD                    ; work         ;
;             |Top_SIMD:u_top_simd|                                                                                                       ; 374 (0)             ; 97 (0)                    ; 0                 ; 18         ; 0    ; 0            ; |Top_VJTAG|Top_General:u_top_general|Top_Downscale_Integration:u_top_simd|Downscale_SIMD:u_downscale|Top_SIMD:u_top_simd                                                                                                                                                                                                                              ; Top_SIMD                          ; work         ;
;                |FSM_SIMD:fsm_inst|                                                                                                      ; 4 (4)               ; 5 (5)                     ; 0                 ; 0          ; 0    ; 0            ; |Top_VJTAG|Top_General:u_top_general|Top_Downscale_Integration:u_top_simd|Downscale_SIMD:u_downscale|Top_SIMD:u_top_simd|FSM_SIMD:fsm_inst                                                                                                                                                                                                            ; FSM_SIMD                          ; work         ;
;                |ModoSIMD:simd_inst|                                                                                                     ; 370 (0)             ; 17 (0)                    ; 0                 ; 18         ; 0    ; 0            ; |Top_VJTAG|Top_General:u_top_general|Top_Downscale_Integration:u_top_simd|Downscale_SIMD:u_downscale|Top_SIMD:u_top_simd|ModoSIMD:simd_inst                                                                                                                                                                                                           ; ModoSIMD                          ; work         ;
;                   |ModoSecuencial:SIMD_CORES[0].core|                                                                                   ; 185 (185)           ; 9 (9)                     ; 0                 ; 9          ; 0    ; 0            ; |Top_VJTAG|Top_General:u_top_general|Top_Downscale_Integration:u_top_simd|Downscale_SIMD:u_downscale|Top_SIMD:u_top_simd|ModoSIMD:simd_inst|ModoSecuencial:SIMD_CORES[0].core                                                                                                                                                                         ; ModoSecuencial                    ; work         ;
;                   |ModoSecuencial:SIMD_CORES[3].core|                                                                                   ; 185 (185)           ; 8 (8)                     ; 0                 ; 9          ; 0    ; 0            ; |Top_VJTAG|Top_General:u_top_general|Top_Downscale_Integration:u_top_simd|Downscale_SIMD:u_downscale|Top_SIMD:u_top_simd|ModoSIMD:simd_inst|ModoSecuencial:SIMD_CORES[3].core                                                                                                                                                                         ; ModoSecuencial                    ; work         ;
;                |SIMD_Registros:regs_inst|                                                                                               ; 0 (0)               ; 75 (75)                   ; 0                 ; 0          ; 0    ; 0            ; |Top_VJTAG|Top_General:u_top_general|Top_Downscale_Integration:u_top_simd|Downscale_SIMD:u_downscale|Top_SIMD:u_top_simd|SIMD_Registros:regs_inst                                                                                                                                                                                                     ; SIMD_Registros                    ; work         ;
;          |ImageMemory_SIMDPort:u_image_memory|                                                                                          ; 2 (0)               ; 3 (2)                     ; 262144            ; 0          ; 0    ; 0            ; |Top_VJTAG|Top_General:u_top_general|Top_Downscale_Integration:u_top_simd|ImageMemory_SIMDPort:u_image_memory                                                                                                                                                                                                                                         ; ImageMemory_SIMDPort              ; work         ;
;             |altsyncram:memory[0][7]__1|                                                                                                ; 2 (0)               ; 0 (0)                     ; 131072            ; 0          ; 0    ; 0            ; |Top_VJTAG|Top_General:u_top_general|Top_Downscale_Integration:u_top_simd|ImageMemory_SIMDPort:u_image_memory|altsyncram:memory[0][7]__1                                                                                                                                                                                                              ; altsyncram                        ; work         ;
;                |altsyncram_s9k1:auto_generated|                                                                                         ; 2 (0)               ; 0 (0)                     ; 131072            ; 0          ; 0    ; 0            ; |Top_VJTAG|Top_General:u_top_general|Top_Downscale_Integration:u_top_simd|ImageMemory_SIMDPort:u_image_memory|altsyncram:memory[0][7]__1|altsyncram_s9k1:auto_generated                                                                                                                                                                               ; altsyncram_s9k1                   ; work         ;
;                   |decode_5la:decode2|                                                                                                  ; 2 (2)               ; 0 (0)                     ; 0                 ; 0          ; 0    ; 0            ; |Top_VJTAG|Top_General:u_top_general|Top_Downscale_Integration:u_top_simd|ImageMemory_SIMDPort:u_image_memory|altsyncram:memory[0][7]__1|altsyncram_s9k1:auto_generated|decode_5la:decode2                                                                                                                                                            ; decode_5la                        ; work         ;
;             |altsyncram:memory[0][7]__4|                                                                                                ; 0 (0)               ; 1 (0)                     ; 131072            ; 0          ; 0    ; 0            ; |Top_VJTAG|Top_General:u_top_general|Top_Downscale_Integration:u_top_simd|ImageMemory_SIMDPort:u_image_memory|altsyncram:memory[0][7]__4                                                                                                                                                                                                              ; altsyncram                        ; work         ;
;                |altsyncram_s9k1:auto_generated|                                                                                         ; 0 (0)               ; 1 (1)                     ; 131072            ; 0          ; 0    ; 0            ; |Top_VJTAG|Top_General:u_top_general|Top_Downscale_Integration:u_top_simd|ImageMemory_SIMDPort:u_image_memory|altsyncram:memory[0][7]__4|altsyncram_s9k1:auto_generated                                                                                                                                                                               ; altsyncram_s9k1                   ; work         ;
;       |Top_Downscale_Secuencial:u_top_seq|                                                                                              ; 144 (0)             ; 119 (0)                   ; 131072            ; 0          ; 0    ; 0            ; |Top_VJTAG|Top_General:u_top_general|Top_Downscale_Secuencial:u_top_seq                                                                                                                                                                                                                                                                               ; Top_Downscale_Secuencial          ; work         ;
;          |Downscale_Secuencial:u_seq|                                                                                                   ; 124 (124)           ; 71 (70)                   ; 0                 ; 0          ; 0    ; 0            ; |Top_VJTAG|Top_General:u_top_general|Top_Downscale_Secuencial:u_top_seq|Downscale_Secuencial:u_seq                                                                                                                                                                                                                                                    ; Downscale_Secuencial              ; work         ;
;             |ModoSecuencial:u_secuencial|                                                                                               ; 0 (0)               ; 1 (1)                     ; 0                 ; 0          ; 0    ; 0            ; |Top_VJTAG|Top_General:u_top_general|Top_Downscale_Secuencial:u_top_seq|Downscale_Secuencial:u_seq|ModoSecuencial:u_secuencial                                                                                                                                                                                                                        ; ModoSecuencial                    ; work         ;
;          |ImageMemory_SeqPort:mem|                                                                                                      ; 20 (9)              ; 48 (46)                   ; 131072            ; 0          ; 0    ; 0            ; |Top_VJTAG|Top_General:u_top_general|Top_Downscale_Secuencial:u_top_seq|ImageMemory_SeqPort:mem                                                                                                                                                                                                                                                       ; ImageMemory_SeqPort               ; work         ;
;             |altsyncram:memory_rtl_0|                                                                                                   ; 11 (0)              ; 2 (0)                     ; 131072            ; 0          ; 0    ; 0            ; |Top_VJTAG|Top_General:u_top_general|Top_Downscale_Secuencial:u_top_seq|ImageMemory_SeqPort:mem|altsyncram:memory_rtl_0                                                                                                                                                                                                                               ; altsyncram                        ; work         ;
;                |altsyncram_dso1:auto_generated|                                                                                         ; 11 (1)              ; 2 (2)                     ; 131072            ; 0          ; 0    ; 0            ; |Top_VJTAG|Top_General:u_top_general|Top_Downscale_Secuencial:u_top_seq|ImageMemory_SeqPort:mem|altsyncram:memory_rtl_0|altsyncram_dso1:auto_generated                                                                                                                                                                                                ; altsyncram_dso1                   ; work         ;
;                   |decode_5la:decode2|                                                                                                  ; 2 (2)               ; 0 (0)                     ; 0                 ; 0          ; 0    ; 0            ; |Top_VJTAG|Top_General:u_top_general|Top_Downscale_Secuencial:u_top_seq|ImageMemory_SeqPort:mem|altsyncram:memory_rtl_0|altsyncram_dso1:auto_generated|decode_5la:decode2                                                                                                                                                                             ; decode_5la                        ; work         ;
;                   |mux_lfb:mux3|                                                                                                        ; 8 (8)               ; 0 (0)                     ; 0                 ; 0          ; 0    ; 0            ; |Top_VJTAG|Top_General:u_top_general|Top_Downscale_Secuencial:u_top_seq|ImageMemory_SeqPort:mem|altsyncram:memory_rtl_0|altsyncram_dso1:auto_generated|mux_lfb:mux3                                                                                                                                                                                   ; mux_lfb                           ; work         ;
;    |connect:u_connect|                                                                                                                  ; 6 (6)               ; 50 (50)                   ; 0                 ; 0          ; 0    ; 0            ; |Top_VJTAG|connect:u_connect                                                                                                                                                                                                                                                                                                                          ; connect                           ; work         ;
;    |sld_hub:auto_hub|                                                                                                                   ; 93 (1)              ; 76 (0)                    ; 0                 ; 0          ; 0    ; 0            ; |Top_VJTAG|sld_hub:auto_hub                                                                                                                                                                                                                                                                                                                           ; sld_hub                           ; altera_sld   ;
;       |alt_sld_fab_with_jtag_input:\instrumentation_fabric_with_node_gen:fabric_gen_new_way:with_jtag_input_gen:instrumentation_fabric| ; 92 (0)              ; 76 (0)                    ; 0                 ; 0          ; 0    ; 0            ; |Top_VJTAG|sld_hub:auto_hub|alt_sld_fab_with_jtag_input:\instrumentation_fabric_with_node_gen:fabric_gen_new_way:with_jtag_input_gen:instrumentation_fabric                                                                                                                                                                                           ; alt_sld_fab_with_jtag_input       ; altera_sld   ;
;          |alt_sld_fab:instrumentation_fabric|                                                                                           ; 92 (0)              ; 76 (0)                    ; 0                 ; 0          ; 0    ; 0            ; |Top_VJTAG|sld_hub:auto_hub|alt_sld_fab_with_jtag_input:\instrumentation_fabric_with_node_gen:fabric_gen_new_way:with_jtag_input_gen:instrumentation_fabric|alt_sld_fab:instrumentation_fabric                                                                                                                                                        ; alt_sld_fab                       ; alt_sld_fab  ;
;             |alt_sld_fab_alt_sld_fab:alt_sld_fab|                                                                                       ; 92 (1)              ; 76 (5)                    ; 0                 ; 0          ; 0    ; 0            ; |Top_VJTAG|sld_hub:auto_hub|alt_sld_fab_with_jtag_input:\instrumentation_fabric_with_node_gen:fabric_gen_new_way:with_jtag_input_gen:instrumentation_fabric|alt_sld_fab:instrumentation_fabric|alt_sld_fab_alt_sld_fab:alt_sld_fab                                                                                                                    ; alt_sld_fab_alt_sld_fab           ; alt_sld_fab  ;
;                |alt_sld_fab_alt_sld_fab_sldfabric:sldfabric|                                                                            ; 91 (0)              ; 71 (0)                    ; 0                 ; 0          ; 0    ; 0            ; |Top_VJTAG|sld_hub:auto_hub|alt_sld_fab_with_jtag_input:\instrumentation_fabric_with_node_gen:fabric_gen_new_way:with_jtag_input_gen:instrumentation_fabric|alt_sld_fab:instrumentation_fabric|alt_sld_fab_alt_sld_fab:alt_sld_fab|alt_sld_fab_alt_sld_fab_sldfabric:sldfabric                                                                        ; alt_sld_fab_alt_sld_fab_sldfabric ; alt_sld_fab  ;
;                   |sld_jtag_hub:\jtag_hub_gen:real_sld_jtag_hub|                                                                        ; 91 (57)             ; 71 (43)                   ; 0                 ; 0          ; 0    ; 0            ; |Top_VJTAG|sld_hub:auto_hub|alt_sld_fab_with_jtag_input:\instrumentation_fabric_with_node_gen:fabric_gen_new_way:with_jtag_input_gen:instrumentation_fabric|alt_sld_fab:instrumentation_fabric|alt_sld_fab_alt_sld_fab:alt_sld_fab|alt_sld_fab_alt_sld_fab_sldfabric:sldfabric|sld_jtag_hub:\jtag_hub_gen:real_sld_jtag_hub                           ; sld_jtag_hub                      ; work         ;
;                      |sld_rom_sr:hub_info_reg|                                                                                          ; 15 (15)             ; 9 (9)                     ; 0                 ; 0          ; 0    ; 0            ; |Top_VJTAG|sld_hub:auto_hub|alt_sld_fab_with_jtag_input:\instrumentation_fabric_with_node_gen:fabric_gen_new_way:with_jtag_input_gen:instrumentation_fabric|alt_sld_fab:instrumentation_fabric|alt_sld_fab_alt_sld_fab:alt_sld_fab|alt_sld_fab_alt_sld_fab_sldfabric:sldfabric|sld_jtag_hub:\jtag_hub_gen:real_sld_jtag_hub|sld_rom_sr:hub_info_reg   ; sld_rom_sr                        ; work         ;
;                      |sld_shadow_jsm:shadow_jsm|                                                                                        ; 19 (19)             ; 19 (19)                   ; 0                 ; 0          ; 0    ; 0            ; |Top_VJTAG|sld_hub:auto_hub|alt_sld_fab_with_jtag_input:\instrumentation_fabric_with_node_gen:fabric_gen_new_way:with_jtag_input_gen:instrumentation_fabric|alt_sld_fab:instrumentation_fabric|alt_sld_fab_alt_sld_fab:alt_sld_fab|alt_sld_fab_alt_sld_fab_sldfabric:sldfabric|sld_jtag_hub:\jtag_hub_gen:real_sld_jtag_hub|sld_shadow_jsm:shadow_jsm ; sld_shadow_jsm                    ; altera_sld   ;
;    |sld_virtual_jtag:u_vjtag|                                                                                                           ; 1 (0)               ; 0 (0)                     ; 0                 ; 0          ; 0    ; 0            ; |Top_VJTAG|sld_virtual_jtag:u_vjtag                                                                                                                                                                                                                                                                                                                   ; sld_virtual_jtag                  ; work         ;
;       |sld_virtual_jtag_basic:sld_virtual_jtag_basic_inst|                                                                              ; 1 (1)               ; 0 (0)                     ; 0                 ; 0          ; 0    ; 0            ; |Top_VJTAG|sld_virtual_jtag:u_vjtag|sld_virtual_jtag_basic:sld_virtual_jtag_basic_inst                                                                                                                                                                                                                                                                ; sld_virtual_jtag_basic            ; work         ;
+-----------------------------------------------------------------------------------------------------------------------------------------+---------------------+---------------------------+-------------------+------------+------+--------------+-------------------------------------------------------------------------------------------------------------------------------------------------------------------------------------------------------------------------------------------------------------------------------------------------------------------------------------------------------+-----------------------------------+--------------+
Note: For table entries with two numbers listed, the numbers in parentheses indicate the number of resources of the given type used by the specific entity alone. The numbers listed outside of parentheses indicate the total resources of the given type used by the specific entity and all of its sub-entities in the hierarchy.


+-------------------------------------------------------------------------------------------------------------------------------------------------------------------------------------------------------------------------------------------------------------------------------+
; Analysis & Synthesis RAM Summary                                                                                                                                                                                                                                              ;
+-------------------------------------------------------------------------------------------------------------------------------------------------------------------------+------+------------------+--------------+--------------+--------------+--------------+--------+------+
; Name                                                                                                                                                                    ; Type ; Mode             ; Port A Depth ; Port A Width ; Port B Depth ; Port B Width ; Size   ; MIF  ;
+-------------------------------------------------------------------------------------------------------------------------------------------------------------------------+------+------------------+--------------+--------------+--------------+--------------+--------+------+
; Top_General:u_top_general|Top_Downscale_Integration:u_top_simd|ImageMemory_SIMDPort:u_image_memory|altsyncram:memory[0][7]__1|altsyncram_s9k1:auto_generated|ALTSYNCRAM ; AUTO ; Simple Dual Port ; 16384        ; 8            ; 16384        ; 8            ; 131072 ; None ;
; Top_General:u_top_general|Top_Downscale_Integration:u_top_simd|ImageMemory_SIMDPort:u_image_memory|altsyncram:memory[0][7]__4|altsyncram_s9k1:auto_generated|ALTSYNCRAM ; AUTO ; Simple Dual Port ; 16384        ; 8            ; 16384        ; 8            ; 131072 ; None ;
; Top_General:u_top_general|Top_Downscale_Secuencial:u_top_seq|ImageMemory_SeqPort:mem|altsyncram:memory_rtl_0|altsyncram_dso1:auto_generated|ALTSYNCRAM                  ; AUTO ; Simple Dual Port ; 16384        ; 8            ; 16384        ; 8            ; 131072 ; None ;
+-------------------------------------------------------------------------------------------------------------------------------------------------------------------------+------+------------------+--------------+--------------+--------------+--------------+--------+------+


+-----------------------------------------------+
; Analysis & Synthesis DSP Block Usage Summary  ;
+---------------------------------+-------------+
; Statistic                       ; Number Used ;
+---------------------------------+-------------+
; Two Independent 18x18           ; 12          ;
; Independent 18x18 plus 36       ; 6           ;
; Total number of DSP blocks      ; 18          ;
;                                 ;             ;
; Fixed Point Unsigned Multiplier ; 18          ;
+---------------------------------+-------------+


+------------------------------------------------------------------------------------------------------------------------------------------------------------------------------------------------------------------------------------------------------------------------------------------------------------------------------------------------------------------+
; Analysis & Synthesis IP Cores Summary                                                                                                                                                                                                                                                                                                                            ;
+--------+--------------+---------+--------------+--------------+--------------------------------------------------------------------------------------------------------------------------------------------------------------------------------------------------------------------------------------------------------------------------------+-----------------+
; Vendor ; IP Core Name ; Version ; Release Date ; License Type ; Entity Instance                                                                                                                                                                                                                                                                ; IP Include File ;
+--------+--------------+---------+--------------+--------------+--------------------------------------------------------------------------------------------------------------------------------------------------------------------------------------------------------------------------------------------------------------------------------+-----------------+
; Altera ; Signal Tap   ; N/A     ; N/A          ; Licensed     ; |Top_VJTAG|sld_hub:auto_hub|alt_sld_fab_with_jtag_input:\instrumentation_fabric_with_node_gen:fabric_gen_new_way:with_jtag_input_gen:instrumentation_fabric|alt_sld_fab:instrumentation_fabric                                                                                 ;                 ;
; Altera ; Signal Tap   ; N/A     ; N/A          ; Licensed     ; |Top_VJTAG|sld_hub:auto_hub|alt_sld_fab_with_jtag_input:\instrumentation_fabric_with_node_gen:fabric_gen_new_way:with_jtag_input_gen:instrumentation_fabric|alt_sld_fab:instrumentation_fabric|alt_sld_fab_alt_sld_fab:alt_sld_fab                                             ;                 ;
; Altera ; Signal Tap   ; N/A     ; N/A          ; Licensed     ; |Top_VJTAG|sld_hub:auto_hub|alt_sld_fab_with_jtag_input:\instrumentation_fabric_with_node_gen:fabric_gen_new_way:with_jtag_input_gen:instrumentation_fabric|alt_sld_fab:instrumentation_fabric|alt_sld_fab_alt_sld_fab:alt_sld_fab|alt_sld_fab_alt_sld_fab_presplit:presplit   ;                 ;
; Altera ; Signal Tap   ; N/A     ; N/A          ; Licensed     ; |Top_VJTAG|sld_hub:auto_hub|alt_sld_fab_with_jtag_input:\instrumentation_fabric_with_node_gen:fabric_gen_new_way:with_jtag_input_gen:instrumentation_fabric|alt_sld_fab:instrumentation_fabric|alt_sld_fab_alt_sld_fab:alt_sld_fab|alt_sld_fab_alt_sld_fab_sldfabric:sldfabric ;                 ;
; Altera ; Signal Tap   ; N/A     ; N/A          ; Licensed     ; |Top_VJTAG|sld_hub:auto_hub|alt_sld_fab_with_jtag_input:\instrumentation_fabric_with_node_gen:fabric_gen_new_way:with_jtag_input_gen:instrumentation_fabric|alt_sld_fab:instrumentation_fabric|alt_sld_fab_alt_sld_fab:alt_sld_fab|alt_sld_fab_alt_sld_fab_splitter:splitter   ;                 ;
+--------+--------------+---------+--------------+--------------+--------------------------------------------------------------------------------------------------------------------------------------------------------------------------------------------------------------------------------------------------------------------------------+-----------------+


Encoding Type:  One-Hot
+-------------------------------------------------------------------------------------------------------------------------------------------------------------------------------------------------------------------------------------------------------------------------------------------------------------+
; State Machine - |Top_VJTAG|Top_General:u_top_general|Top_Downscale_Integration:u_top_simd|Downscale_SIMD:u_downscale|state                                                                                                                                                                                  ;
+---------------------+--------------+---------------------+------------------+-------------------+------------------+-----------------+------------------+-----------------+------------------+-----------------+------------------+-----------------+------------------+---------------------+--------------+
; Name                ; state.S_DONE ; state.S_WRITE_BATCH ; state.S_WAIT_TOP ; state.S_START_TOP ; state.S_WAIT_I11 ; state.S_REQ_I11 ; state.S_WAIT_I01 ; state.S_REQ_I01 ; state.S_WAIT_I10 ; state.S_REQ_I10 ; state.S_WAIT_I00 ; state.S_REQ_I00 ; state.S_CALC_SRC ; state.S_CALC_COORDS ; state.S_IDLE ;
+---------------------+--------------+---------------------+------------------+-------------------+------------------+-----------------+------------------+-----------------+------------------+-----------------+------------------+-----------------+------------------+---------------------+--------------+
; state.S_IDLE        ; 0            ; 0                   ; 0                ; 0                 ; 0                ; 0               ; 0                ; 0               ; 0                ; 0               ; 0                ; 0               ; 0                ; 0                   ; 0            ;
; state.S_CALC_COORDS ; 0            ; 0                   ; 0                ; 0                 ; 0                ; 0               ; 0                ; 0               ; 0                ; 0               ; 0                ; 0               ; 0                ; 1                   ; 1            ;
; state.S_CALC_SRC    ; 0            ; 0                   ; 0                ; 0                 ; 0                ; 0               ; 0                ; 0               ; 0                ; 0               ; 0                ; 0               ; 1                ; 0                   ; 1            ;
; state.S_REQ_I00     ; 0            ; 0                   ; 0                ; 0                 ; 0                ; 0               ; 0                ; 0               ; 0                ; 0               ; 0                ; 1               ; 0                ; 0                   ; 1            ;
; state.S_WAIT_I00    ; 0            ; 0                   ; 0                ; 0                 ; 0                ; 0               ; 0                ; 0               ; 0                ; 0               ; 1                ; 0               ; 0                ; 0                   ; 1            ;
; state.S_REQ_I10     ; 0            ; 0                   ; 0                ; 0                 ; 0                ; 0               ; 0                ; 0               ; 0                ; 1               ; 0                ; 0               ; 0                ; 0                   ; 1            ;
; state.S_WAIT_I10    ; 0            ; 0                   ; 0                ; 0                 ; 0                ; 0               ; 0                ; 0               ; 1                ; 0               ; 0                ; 0               ; 0                ; 0                   ; 1            ;
; state.S_REQ_I01     ; 0            ; 0                   ; 0                ; 0                 ; 0                ; 0               ; 0                ; 1               ; 0                ; 0               ; 0                ; 0               ; 0                ; 0                   ; 1            ;
; state.S_WAIT_I01    ; 0            ; 0                   ; 0                ; 0                 ; 0                ; 0               ; 1                ; 0               ; 0                ; 0               ; 0                ; 0               ; 0                ; 0                   ; 1            ;
; state.S_REQ_I11     ; 0            ; 0                   ; 0                ; 0                 ; 0                ; 1               ; 0                ; 0               ; 0                ; 0               ; 0                ; 0               ; 0                ; 0                   ; 1            ;
; state.S_WAIT_I11    ; 0            ; 0                   ; 0                ; 0                 ; 1                ; 0               ; 0                ; 0               ; 0                ; 0               ; 0                ; 0               ; 0                ; 0                   ; 1            ;
; state.S_START_TOP   ; 0            ; 0                   ; 0                ; 1                 ; 0                ; 0               ; 0                ; 0               ; 0                ; 0               ; 0                ; 0               ; 0                ; 0                   ; 1            ;
; state.S_WAIT_TOP    ; 0            ; 0                   ; 1                ; 0                 ; 0                ; 0               ; 0                ; 0               ; 0                ; 0               ; 0                ; 0               ; 0                ; 0                   ; 1            ;
; state.S_WRITE_BATCH ; 0            ; 1                   ; 0                ; 0                 ; 0                ; 0               ; 0                ; 0               ; 0                ; 0               ; 0                ; 0               ; 0                ; 0                   ; 1            ;
; state.S_DONE        ; 1            ; 0                   ; 0                ; 0                 ; 0                ; 0               ; 0                ; 0               ; 0                ; 0               ; 0                ; 0               ; 0                ; 0                   ; 1            ;
+---------------------+--------------+---------------------+------------------+-------------------+------------------+-----------------+------------------+-----------------+------------------+-----------------+------------------+-----------------+------------------+---------------------+--------------+


Encoding Type:  One-Hot
+------------------------------------------------------------------------------------------------------------------------------------------------------------------+
; State Machine - |Top_VJTAG|Top_General:u_top_general|Top_Downscale_Integration:u_top_simd|Downscale_SIMD:u_downscale|Top_SIMD:u_top_simd|FSM_SIMD:fsm_inst|state ;
+---------------+--------------+-------------+--------------+--------------+---------------------------------------------------------------------------------------+
; Name          ; state.S_WAIT ; state.S_RUN ; state.S_LOAD ; state.S_IDLE ; state.S_WRITE                                                                         ;
+---------------+--------------+-------------+--------------+--------------+---------------------------------------------------------------------------------------+
; state.S_IDLE  ; 0            ; 0           ; 0            ; 0            ; 0                                                                                     ;
; state.S_LOAD  ; 0            ; 0           ; 1            ; 1            ; 0                                                                                     ;
; state.S_RUN   ; 0            ; 1           ; 0            ; 1            ; 0                                                                                     ;
; state.S_WAIT  ; 1            ; 0           ; 0            ; 1            ; 0                                                                                     ;
; state.S_WRITE ; 0            ; 0           ; 0            ; 1            ; 1                                                                                     ;
+---------------+--------------+-------------+--------------+--------------+---------------------------------------------------------------------------------------+


Encoding Type:  One-Hot
+------------------------------------------------------------------------------------------------------------------------------+
; State Machine - |Top_VJTAG|Top_General:u_top_general|Top_Downscale_Secuencial:u_top_seq|Downscale_Secuencial:u_seq|fetch_cnt ;
+---------------+---------------+---------------+---------------+---------------+----------------------------------------------+
; Name          ; fetch_cnt.011 ; fetch_cnt.010 ; fetch_cnt.001 ; fetch_cnt.000 ; fetch_cnt.100                                ;
+---------------+---------------+---------------+---------------+---------------+----------------------------------------------+
; fetch_cnt.000 ; 0             ; 0             ; 0             ; 0             ; 0                                            ;
; fetch_cnt.001 ; 0             ; 0             ; 1             ; 1             ; 0                                            ;
; fetch_cnt.010 ; 0             ; 1             ; 0             ; 1             ; 0                                            ;
; fetch_cnt.011 ; 1             ; 0             ; 0             ; 1             ; 0                                            ;
; fetch_cnt.100 ; 0             ; 0             ; 0             ; 1             ; 1                                            ;
+---------------+---------------+---------------+---------------+---------------+----------------------------------------------+


Encoding Type:  One-Hot
+--------------------------------------------------------------------------------------------------------------------------+
; State Machine - |Top_VJTAG|Top_General:u_top_general|Top_Downscale_Secuencial:u_top_seq|Downscale_Secuencial:u_seq|state ;
+----------------+--------------+----------------+---------------+---------------------------------------------------------+
; Name           ; state.S_DONE ; state.S_INTERP ; state.S_FETCH ; state.S_IDLE                                            ;
+----------------+--------------+----------------+---------------+---------------------------------------------------------+
; state.S_IDLE   ; 0            ; 0              ; 0             ; 0                                                       ;
; state.S_FETCH  ; 0            ; 0              ; 1             ; 1                                                       ;
; state.S_INTERP ; 0            ; 1              ; 0             ; 1                                                       ;
; state.S_DONE   ; 1            ; 0              ; 0             ; 1                                                       ;
+----------------+--------------+----------------+---------------+---------------------------------------------------------+


+-----------------------------------------------------------------------------------------------------------------------------------------------------------------------------------------------------------------------------------------------------------------------------------------------------------------------------------------------------------------------------+
; Registers Removed During Synthesis                                                                                                                                                                                                                                                                                                                                          ;
+---------------------------------------------------------------------------------------------------------------------------------------------------------------------------------+-------------------------------------------------------------------------------------------------------------------------------------------------------------------------------------------+
; Register name                                                                                                                                                                   ; Reason for Removal                                                                                                                                                                        ;
+---------------------------------------------------------------------------------------------------------------------------------------------------------------------------------+-------------------------------------------------------------------------------------------------------------------------------------------------------------------------------------------+
; Top_General:u_top_general|Top_Downscale_Integration:u_top_simd|Downscale_SIMD:u_downscale|base_idx[0,1]                                                                         ; Stuck at GND due to stuck port data_in                                                                                                                                                    ;
; Top_General:u_top_general|Top_Downscale_Integration:u_top_simd|Downscale_SIMD:u_downscale|j_dst[0][6]                                                                           ; Stuck at GND due to stuck port data_in                                                                                                                                                    ;
; Top_General:u_top_general|Top_Downscale_Integration:u_top_simd|Downscale_SIMD:u_downscale|j_dst[0][1]                                                                           ; Stuck at GND due to stuck port data_in                                                                                                                                                    ;
; Top_General:u_top_general|Top_Downscale_Integration:u_top_simd|Downscale_SIMD:u_downscale|j_dst[0][0]                                                                           ; Stuck at GND due to stuck port data_in                                                                                                                                                    ;
; Top_General:u_top_general|Top_Downscale_Integration:u_top_simd|Downscale_SIMD:u_downscale|j_dst[1][6]                                                                           ; Stuck at GND due to stuck port data_in                                                                                                                                                    ;
; Top_General:u_top_general|Top_Downscale_Integration:u_top_simd|Downscale_SIMD:u_downscale|j_dst[2][6]                                                                           ; Stuck at GND due to stuck port data_in                                                                                                                                                    ;
; Top_General:u_top_general|Top_Downscale_Integration:u_top_simd|Downscale_SIMD:u_downscale|j_dst[2][0]                                                                           ; Stuck at GND due to stuck port data_in                                                                                                                                                    ;
; Top_General:u_top_general|Top_Downscale_Integration:u_top_simd|Downscale_SIMD:u_downscale|j_dst[3][6]                                                                           ; Stuck at GND due to stuck port data_in                                                                                                                                                    ;
; Top_General:u_top_general|Top_Downscale_Integration:u_top_simd|Downscale_SIMD:u_downscale|x_src_fp[0][23]                                                                       ; Stuck at GND due to stuck port data_in                                                                                                                                                    ;
; Top_General:u_top_general|Top_Downscale_Integration:u_top_simd|Downscale_SIMD:u_downscale|x_src_fp[0][22]                                                                       ; Stuck at GND due to stuck port data_in                                                                                                                                                    ;
; Top_General:u_top_general|Top_Downscale_Integration:u_top_simd|Downscale_SIMD:u_downscale|x_src_fp[0][21]                                                                       ; Stuck at GND due to stuck port data_in                                                                                                                                                    ;
; Top_General:u_top_general|Top_Downscale_Integration:u_top_simd|Downscale_SIMD:u_downscale|x_src_fp[0][20]                                                                       ; Stuck at GND due to stuck port data_in                                                                                                                                                    ;
; Top_General:u_top_general|Top_Downscale_Integration:u_top_simd|Downscale_SIMD:u_downscale|x_src_fp[0][19]                                                                       ; Stuck at GND due to stuck port data_in                                                                                                                                                    ;
; Top_General:u_top_general|Top_Downscale_Integration:u_top_simd|Downscale_SIMD:u_downscale|x_src_fp[0][18]                                                                       ; Stuck at GND due to stuck port data_in                                                                                                                                                    ;
; Top_General:u_top_general|Top_Downscale_Integration:u_top_simd|Downscale_SIMD:u_downscale|x_src_fp[0][17]                                                                       ; Stuck at GND due to stuck port data_in                                                                                                                                                    ;
; Top_General:u_top_general|Top_Downscale_Integration:u_top_simd|Downscale_SIMD:u_downscale|x_src_fp[0][16]                                                                       ; Stuck at GND due to stuck port data_in                                                                                                                                                    ;
; Top_General:u_top_general|Top_Downscale_Integration:u_top_simd|Downscale_SIMD:u_downscale|x_src_fp[0][15]                                                                       ; Stuck at GND due to stuck port data_in                                                                                                                                                    ;
; Top_General:u_top_general|Top_Downscale_Integration:u_top_simd|Downscale_SIMD:u_downscale|x_src_fp[0][10]                                                                       ; Stuck at GND due to stuck port data_in                                                                                                                                                    ;
; Top_General:u_top_general|Top_Downscale_Integration:u_top_simd|Downscale_SIMD:u_downscale|x_src_fp[0][9]                                                                        ; Stuck at GND due to stuck port data_in                                                                                                                                                    ;
; Top_General:u_top_general|Top_Downscale_Integration:u_top_simd|Downscale_SIMD:u_downscale|x_src_fp[0][8]                                                                        ; Stuck at GND due to stuck port data_in                                                                                                                                                    ;
; Top_General:u_top_general|Top_Downscale_Integration:u_top_simd|Downscale_SIMD:u_downscale|x_src_fp[0][3]                                                                        ; Stuck at GND due to stuck port data_in                                                                                                                                                    ;
; Top_General:u_top_general|Top_Downscale_Integration:u_top_simd|Downscale_SIMD:u_downscale|x_src_fp[0][2]                                                                        ; Stuck at GND due to stuck port data_in                                                                                                                                                    ;
; Top_General:u_top_general|Top_Downscale_Integration:u_top_simd|Downscale_SIMD:u_downscale|x_src_fp[0][1]                                                                        ; Stuck at GND due to stuck port data_in                                                                                                                                                    ;
; Top_General:u_top_general|Top_Downscale_Integration:u_top_simd|Downscale_SIMD:u_downscale|x_src_fp[0][0]                                                                        ; Stuck at GND due to stuck port data_in                                                                                                                                                    ;
; Top_General:u_top_general|Top_Downscale_Integration:u_top_simd|Downscale_SIMD:u_downscale|x_src_fp[1][23]                                                                       ; Stuck at GND due to stuck port data_in                                                                                                                                                    ;
; Top_General:u_top_general|Top_Downscale_Integration:u_top_simd|Downscale_SIMD:u_downscale|x_src_fp[1][22]                                                                       ; Stuck at GND due to stuck port data_in                                                                                                                                                    ;
; Top_General:u_top_general|Top_Downscale_Integration:u_top_simd|Downscale_SIMD:u_downscale|x_src_fp[1][21]                                                                       ; Stuck at GND due to stuck port data_in                                                                                                                                                    ;
; Top_General:u_top_general|Top_Downscale_Integration:u_top_simd|Downscale_SIMD:u_downscale|x_src_fp[1][20]                                                                       ; Stuck at GND due to stuck port data_in                                                                                                                                                    ;
; Top_General:u_top_general|Top_Downscale_Integration:u_top_simd|Downscale_SIMD:u_downscale|x_src_fp[1][19]                                                                       ; Stuck at GND due to stuck port data_in                                                                                                                                                    ;
; Top_General:u_top_general|Top_Downscale_Integration:u_top_simd|Downscale_SIMD:u_downscale|x_src_fp[1][18]                                                                       ; Stuck at GND due to stuck port data_in                                                                                                                                                    ;
; Top_General:u_top_general|Top_Downscale_Integration:u_top_simd|Downscale_SIMD:u_downscale|x_src_fp[1][17]                                                                       ; Stuck at GND due to stuck port data_in                                                                                                                                                    ;
; Top_General:u_top_general|Top_Downscale_Integration:u_top_simd|Downscale_SIMD:u_downscale|x_src_fp[1][16]                                                                       ; Stuck at GND due to stuck port data_in                                                                                                                                                    ;
; Top_General:u_top_general|Top_Downscale_Integration:u_top_simd|Downscale_SIMD:u_downscale|x_src_fp[1][15]                                                                       ; Stuck at GND due to stuck port data_in                                                                                                                                                    ;
; Top_General:u_top_general|Top_Downscale_Integration:u_top_simd|Downscale_SIMD:u_downscale|x_src_fp[1][8]                                                                        ; Stuck at GND due to stuck port data_in                                                                                                                                                    ;
; Top_General:u_top_general|Top_Downscale_Integration:u_top_simd|Downscale_SIMD:u_downscale|x_src_fp[1][1]                                                                        ; Stuck at GND due to stuck port data_in                                                                                                                                                    ;
; Top_General:u_top_general|Top_Downscale_Integration:u_top_simd|Downscale_SIMD:u_downscale|x_src_fp[1][0]                                                                        ; Stuck at GND due to stuck port data_in                                                                                                                                                    ;
; Top_General:u_top_general|Top_Downscale_Integration:u_top_simd|Downscale_SIMD:u_downscale|x_src_fp[2][23]                                                                       ; Stuck at GND due to stuck port data_in                                                                                                                                                    ;
; Top_General:u_top_general|Top_Downscale_Integration:u_top_simd|Downscale_SIMD:u_downscale|x_src_fp[2][22]                                                                       ; Stuck at GND due to stuck port data_in                                                                                                                                                    ;
; Top_General:u_top_general|Top_Downscale_Integration:u_top_simd|Downscale_SIMD:u_downscale|x_src_fp[2][21]                                                                       ; Stuck at GND due to stuck port data_in                                                                                                                                                    ;
; Top_General:u_top_general|Top_Downscale_Integration:u_top_simd|Downscale_SIMD:u_downscale|x_src_fp[2][20]                                                                       ; Stuck at GND due to stuck port data_in                                                                                                                                                    ;
; Top_General:u_top_general|Top_Downscale_Integration:u_top_simd|Downscale_SIMD:u_downscale|x_src_fp[2][19]                                                                       ; Stuck at GND due to stuck port data_in                                                                                                                                                    ;
; Top_General:u_top_general|Top_Downscale_Integration:u_top_simd|Downscale_SIMD:u_downscale|x_src_fp[2][18]                                                                       ; Stuck at GND due to stuck port data_in                                                                                                                                                    ;
; Top_General:u_top_general|Top_Downscale_Integration:u_top_simd|Downscale_SIMD:u_downscale|x_src_fp[2][17]                                                                       ; Stuck at GND due to stuck port data_in                                                                                                                                                    ;
; Top_General:u_top_general|Top_Downscale_Integration:u_top_simd|Downscale_SIMD:u_downscale|x_src_fp[2][16]                                                                       ; Stuck at GND due to stuck port data_in                                                                                                                                                    ;
; Top_General:u_top_general|Top_Downscale_Integration:u_top_simd|Downscale_SIMD:u_downscale|x_src_fp[2][15]                                                                       ; Stuck at GND due to stuck port data_in                                                                                                                                                    ;
; Top_General:u_top_general|Top_Downscale_Integration:u_top_simd|Downscale_SIMD:u_downscale|x_src_fp[2][9]                                                                        ; Stuck at GND due to stuck port data_in                                                                                                                                                    ;
; Top_General:u_top_general|Top_Downscale_Integration:u_top_simd|Downscale_SIMD:u_downscale|x_src_fp[2][8]                                                                        ; Stuck at GND due to stuck port data_in                                                                                                                                                    ;
; Top_General:u_top_general|Top_Downscale_Integration:u_top_simd|Downscale_SIMD:u_downscale|x_src_fp[2][2]                                                                        ; Stuck at GND due to stuck port data_in                                                                                                                                                    ;
; Top_General:u_top_general|Top_Downscale_Integration:u_top_simd|Downscale_SIMD:u_downscale|x_src_fp[2][1]                                                                        ; Stuck at GND due to stuck port data_in                                                                                                                                                    ;
; Top_General:u_top_general|Top_Downscale_Integration:u_top_simd|Downscale_SIMD:u_downscale|x_src_fp[2][0]                                                                        ; Stuck at GND due to stuck port data_in                                                                                                                                                    ;
; Top_General:u_top_general|Top_Downscale_Integration:u_top_simd|Downscale_SIMD:u_downscale|x_src_fp[3][23]                                                                       ; Stuck at GND due to stuck port data_in                                                                                                                                                    ;
; Top_General:u_top_general|Top_Downscale_Integration:u_top_simd|Downscale_SIMD:u_downscale|x_src_fp[3][22]                                                                       ; Stuck at GND due to stuck port data_in                                                                                                                                                    ;
; Top_General:u_top_general|Top_Downscale_Integration:u_top_simd|Downscale_SIMD:u_downscale|x_src_fp[3][21]                                                                       ; Stuck at GND due to stuck port data_in                                                                                                                                                    ;
; Top_General:u_top_general|Top_Downscale_Integration:u_top_simd|Downscale_SIMD:u_downscale|x_src_fp[3][20]                                                                       ; Stuck at GND due to stuck port data_in                                                                                                                                                    ;
; Top_General:u_top_general|Top_Downscale_Integration:u_top_simd|Downscale_SIMD:u_downscale|x_src_fp[3][19]                                                                       ; Stuck at GND due to stuck port data_in                                                                                                                                                    ;
; Top_General:u_top_general|Top_Downscale_Integration:u_top_simd|Downscale_SIMD:u_downscale|x_src_fp[3][18]                                                                       ; Stuck at GND due to stuck port data_in                                                                                                                                                    ;
; Top_General:u_top_general|Top_Downscale_Integration:u_top_simd|Downscale_SIMD:u_downscale|x_src_fp[3][17]                                                                       ; Stuck at GND due to stuck port data_in                                                                                                                                                    ;
; Top_General:u_top_general|Top_Downscale_Integration:u_top_simd|Downscale_SIMD:u_downscale|x_src_fp[3][16]                                                                       ; Stuck at GND due to stuck port data_in                                                                                                                                                    ;
; Top_General:u_top_general|Top_Downscale_Integration:u_top_simd|Downscale_SIMD:u_downscale|x_src_fp[3][15]                                                                       ; Stuck at GND due to stuck port data_in                                                                                                                                                    ;
; Top_General:u_top_general|Top_Downscale_Integration:u_top_simd|Downscale_SIMD:u_downscale|x_src_fp[3][8]                                                                        ; Stuck at GND due to stuck port data_in                                                                                                                                                    ;
; Top_General:u_top_general|Top_Downscale_Integration:u_top_simd|Downscale_SIMD:u_downscale|x_src_fp[3][1]                                                                        ; Stuck at GND due to stuck port data_in                                                                                                                                                    ;
; Top_General:u_top_general|Top_Downscale_Integration:u_top_simd|Downscale_SIMD:u_downscale|x_src_fp[3][0]                                                                        ; Stuck at GND due to stuck port data_in                                                                                                                                                    ;
; Top_General:u_top_general|Top_Downscale_Integration:u_top_simd|Downscale_SIMD:u_downscale|y_src_fp[0][23]                                                                       ; Stuck at GND due to stuck port data_in                                                                                                                                                    ;
; Top_General:u_top_general|Top_Downscale_Integration:u_top_simd|Downscale_SIMD:u_downscale|y_src_fp[0][22]                                                                       ; Stuck at GND due to stuck port data_in                                                                                                                                                    ;
; Top_General:u_top_general|Top_Downscale_Integration:u_top_simd|Downscale_SIMD:u_downscale|y_src_fp[0][21]                                                                       ; Stuck at GND due to stuck port data_in                                                                                                                                                    ;
; Top_General:u_top_general|Top_Downscale_Integration:u_top_simd|Downscale_SIMD:u_downscale|y_src_fp[0][20]                                                                       ; Stuck at GND due to stuck port data_in                                                                                                                                                    ;
; Top_General:u_top_general|Top_Downscale_Integration:u_top_simd|Downscale_SIMD:u_downscale|y_src_fp[0][19]                                                                       ; Stuck at GND due to stuck port data_in                                                                                                                                                    ;
; Top_General:u_top_general|Top_Downscale_Integration:u_top_simd|Downscale_SIMD:u_downscale|y_src_fp[0][18]                                                                       ; Stuck at GND due to stuck port data_in                                                                                                                                                    ;
; Top_General:u_top_general|Top_Downscale_Integration:u_top_simd|Downscale_SIMD:u_downscale|y_src_fp[0][17]                                                                       ; Stuck at GND due to stuck port data_in                                                                                                                                                    ;
; Top_General:u_top_general|Top_Downscale_Integration:u_top_simd|Downscale_SIMD:u_downscale|y_src_fp[0][16]                                                                       ; Stuck at GND due to stuck port data_in                                                                                                                                                    ;
; Top_General:u_top_general|Top_Downscale_Integration:u_top_simd|Downscale_SIMD:u_downscale|y_src_fp[0][1]                                                                        ; Stuck at GND due to stuck port data_in                                                                                                                                                    ;
; Top_General:u_top_general|Top_Downscale_Integration:u_top_simd|Downscale_SIMD:u_downscale|y_src_fp[0][0]                                                                        ; Stuck at GND due to stuck port data_in                                                                                                                                                    ;
; Top_General:u_top_general|Top_Downscale_Integration:u_top_simd|Downscale_SIMD:u_downscale|y_src_fp[1][23]                                                                       ; Stuck at GND due to stuck port data_in                                                                                                                                                    ;
; Top_General:u_top_general|Top_Downscale_Integration:u_top_simd|Downscale_SIMD:u_downscale|y_src_fp[1][22]                                                                       ; Stuck at GND due to stuck port data_in                                                                                                                                                    ;
; Top_General:u_top_general|Top_Downscale_Integration:u_top_simd|Downscale_SIMD:u_downscale|y_src_fp[1][21]                                                                       ; Stuck at GND due to stuck port data_in                                                                                                                                                    ;
; Top_General:u_top_general|Top_Downscale_Integration:u_top_simd|Downscale_SIMD:u_downscale|y_src_fp[1][20]                                                                       ; Stuck at GND due to stuck port data_in                                                                                                                                                    ;
; Top_General:u_top_general|Top_Downscale_Integration:u_top_simd|Downscale_SIMD:u_downscale|y_src_fp[1][19]                                                                       ; Stuck at GND due to stuck port data_in                                                                                                                                                    ;
; Top_General:u_top_general|Top_Downscale_Integration:u_top_simd|Downscale_SIMD:u_downscale|y_src_fp[1][18]                                                                       ; Stuck at GND due to stuck port data_in                                                                                                                                                    ;
; Top_General:u_top_general|Top_Downscale_Integration:u_top_simd|Downscale_SIMD:u_downscale|y_src_fp[1][17]                                                                       ; Stuck at GND due to stuck port data_in                                                                                                                                                    ;
; Top_General:u_top_general|Top_Downscale_Integration:u_top_simd|Downscale_SIMD:u_downscale|y_src_fp[1][16]                                                                       ; Stuck at GND due to stuck port data_in                                                                                                                                                    ;
; Top_General:u_top_general|Top_Downscale_Integration:u_top_simd|Downscale_SIMD:u_downscale|y_src_fp[1][1]                                                                        ; Stuck at GND due to stuck port data_in                                                                                                                                                    ;
; Top_General:u_top_general|Top_Downscale_Integration:u_top_simd|Downscale_SIMD:u_downscale|y_src_fp[1][0]                                                                        ; Stuck at GND due to stuck port data_in                                                                                                                                                    ;
; Top_General:u_top_general|Top_Downscale_Integration:u_top_simd|Downscale_SIMD:u_downscale|y_src_fp[2][23]                                                                       ; Stuck at GND due to stuck port data_in                                                                                                                                                    ;
; Top_General:u_top_general|Top_Downscale_Integration:u_top_simd|Downscale_SIMD:u_downscale|y_src_fp[2][22]                                                                       ; Stuck at GND due to stuck port data_in                                                                                                                                                    ;
; Top_General:u_top_general|Top_Downscale_Integration:u_top_simd|Downscale_SIMD:u_downscale|y_src_fp[2][21]                                                                       ; Stuck at GND due to stuck port data_in                                                                                                                                                    ;
; Top_General:u_top_general|Top_Downscale_Integration:u_top_simd|Downscale_SIMD:u_downscale|y_src_fp[2][20]                                                                       ; Stuck at GND due to stuck port data_in                                                                                                                                                    ;
; Top_General:u_top_general|Top_Downscale_Integration:u_top_simd|Downscale_SIMD:u_downscale|y_src_fp[2][19]                                                                       ; Stuck at GND due to stuck port data_in                                                                                                                                                    ;
; Top_General:u_top_general|Top_Downscale_Integration:u_top_simd|Downscale_SIMD:u_downscale|y_src_fp[2][18]                                                                       ; Stuck at GND due to stuck port data_in                                                                                                                                                    ;
; Top_General:u_top_general|Top_Downscale_Integration:u_top_simd|Downscale_SIMD:u_downscale|y_src_fp[2][17]                                                                       ; Stuck at GND due to stuck port data_in                                                                                                                                                    ;
; Top_General:u_top_general|Top_Downscale_Integration:u_top_simd|Downscale_SIMD:u_downscale|y_src_fp[2][16]                                                                       ; Stuck at GND due to stuck port data_in                                                                                                                                                    ;
; Top_General:u_top_general|Top_Downscale_Integration:u_top_simd|Downscale_SIMD:u_downscale|y_src_fp[2][1]                                                                        ; Stuck at GND due to stuck port data_in                                                                                                                                                    ;
; Top_General:u_top_general|Top_Downscale_Integration:u_top_simd|Downscale_SIMD:u_downscale|y_src_fp[2][0]                                                                        ; Stuck at GND due to stuck port data_in                                                                                                                                                    ;
; Top_General:u_top_general|Top_Downscale_Integration:u_top_simd|Downscale_SIMD:u_downscale|y_src_fp[3][23]                                                                       ; Stuck at GND due to stuck port data_in                                                                                                                                                    ;
; Top_General:u_top_general|Top_Downscale_Integration:u_top_simd|Downscale_SIMD:u_downscale|y_src_fp[3][22]                                                                       ; Stuck at GND due to stuck port data_in                                                                                                                                                    ;
; Top_General:u_top_general|Top_Downscale_Integration:u_top_simd|Downscale_SIMD:u_downscale|y_src_fp[3][21]                                                                       ; Stuck at GND due to stuck port data_in                                                                                                                                                    ;
; Top_General:u_top_general|Top_Downscale_Integration:u_top_simd|Downscale_SIMD:u_downscale|y_src_fp[3][20]                                                                       ; Stuck at GND due to stuck port data_in                                                                                                                                                    ;
; Top_General:u_top_general|Top_Downscale_Integration:u_top_simd|Downscale_SIMD:u_downscale|y_src_fp[3][19]                                                                       ; Stuck at GND due to stuck port data_in                                                                                                                                                    ;
; Top_General:u_top_general|Top_Downscale_Integration:u_top_simd|Downscale_SIMD:u_downscale|y_src_fp[3][18]                                                                       ; Stuck at GND due to stuck port data_in                                                                                                                                                    ;
; Top_General:u_top_general|Top_Downscale_Integration:u_top_simd|Downscale_SIMD:u_downscale|y_src_fp[3][17]                                                                       ; Stuck at GND due to stuck port data_in                                                                                                                                                    ;
; Top_General:u_top_general|Top_Downscale_Integration:u_top_simd|Downscale_SIMD:u_downscale|y_src_fp[3][16]                                                                       ; Stuck at GND due to stuck port data_in                                                                                                                                                    ;
; Top_General:u_top_general|Top_Downscale_Integration:u_top_simd|Downscale_SIMD:u_downscale|y_src_fp[3][1]                                                                        ; Stuck at GND due to stuck port data_in                                                                                                                                                    ;
; Top_General:u_top_general|Top_Downscale_Integration:u_top_simd|Downscale_SIMD:u_downscale|y_src_fp[3][0]                                                                        ; Stuck at GND due to stuck port data_in                                                                                                                                                    ;
; Top_General:u_top_general|Top_Downscale_Integration:u_top_simd|Downscale_SIMD:u_downscale|x_l[0][7]                                                                             ; Stuck at GND due to stuck port data_in                                                                                                                                                    ;
; Top_General:u_top_general|Top_Downscale_Integration:u_top_simd|Downscale_SIMD:u_downscale|x_l[0][2]                                                                             ; Stuck at GND due to stuck port data_in                                                                                                                                                    ;
; Top_General:u_top_general|Top_Downscale_Integration:u_top_simd|Downscale_SIMD:u_downscale|x_l[0][1]                                                                             ; Stuck at GND due to stuck port data_in                                                                                                                                                    ;
; Top_General:u_top_general|Top_Downscale_Integration:u_top_simd|Downscale_SIMD:u_downscale|x_l[0][0]                                                                             ; Stuck at GND due to stuck port data_in                                                                                                                                                    ;
; Top_General:u_top_general|Top_Downscale_Integration:u_top_simd|Downscale_SIMD:u_downscale|x_l[1][7]                                                                             ; Stuck at GND due to stuck port data_in                                                                                                                                                    ;
; Top_General:u_top_general|Top_Downscale_Integration:u_top_simd|Downscale_SIMD:u_downscale|x_l[1][0]                                                                             ; Stuck at GND due to stuck port data_in                                                                                                                                                    ;
; Top_General:u_top_general|Top_Downscale_Integration:u_top_simd|Downscale_SIMD:u_downscale|x_l[2][7]                                                                             ; Stuck at GND due to stuck port data_in                                                                                                                                                    ;
; Top_General:u_top_general|Top_Downscale_Integration:u_top_simd|Downscale_SIMD:u_downscale|x_l[2][1]                                                                             ; Stuck at GND due to stuck port data_in                                                                                                                                                    ;
; Top_General:u_top_general|Top_Downscale_Integration:u_top_simd|Downscale_SIMD:u_downscale|x_l[2][0]                                                                             ; Stuck at GND due to stuck port data_in                                                                                                                                                    ;
; Top_General:u_top_general|Top_Downscale_Integration:u_top_simd|Downscale_SIMD:u_downscale|x_l[3][7]                                                                             ; Stuck at GND due to stuck port data_in                                                                                                                                                    ;
; Top_General:u_top_general|Top_Downscale_Integration:u_top_simd|Downscale_SIMD:u_downscale|x_l[3][0]                                                                             ; Stuck at GND due to stuck port data_in                                                                                                                                                    ;
; Top_General:u_top_general|Top_Downscale_Integration:u_top_simd|Downscale_SIMD:u_downscale|alpha_vec[0][3]                                                                       ; Stuck at GND due to stuck port data_in                                                                                                                                                    ;
; Top_General:u_top_general|Top_Downscale_Integration:u_top_simd|Downscale_SIMD:u_downscale|alpha_vec[0][2]                                                                       ; Stuck at GND due to stuck port data_in                                                                                                                                                    ;
; Top_General:u_top_general|Top_Downscale_Integration:u_top_simd|Downscale_SIMD:u_downscale|alpha_vec[0][1]                                                                       ; Stuck at GND due to stuck port data_in                                                                                                                                                    ;
; Top_General:u_top_general|Top_Downscale_Integration:u_top_simd|Downscale_SIMD:u_downscale|alpha_vec[0][0]                                                                       ; Stuck at GND due to stuck port data_in                                                                                                                                                    ;
; Top_General:u_top_general|Top_Downscale_Integration:u_top_simd|Downscale_SIMD:u_downscale|alpha_vec[1][1]                                                                       ; Stuck at GND due to stuck port data_in                                                                                                                                                    ;
; Top_General:u_top_general|Top_Downscale_Integration:u_top_simd|Downscale_SIMD:u_downscale|alpha_vec[1][0]                                                                       ; Stuck at GND due to stuck port data_in                                                                                                                                                    ;
; Top_General:u_top_general|Top_Downscale_Integration:u_top_simd|Downscale_SIMD:u_downscale|alpha_vec[2][2]                                                                       ; Stuck at GND due to stuck port data_in                                                                                                                                                    ;
; Top_General:u_top_general|Top_Downscale_Integration:u_top_simd|Downscale_SIMD:u_downscale|alpha_vec[2][1]                                                                       ; Stuck at GND due to stuck port data_in                                                                                                                                                    ;
; Top_General:u_top_general|Top_Downscale_Integration:u_top_simd|Downscale_SIMD:u_downscale|alpha_vec[2][0]                                                                       ; Stuck at GND due to stuck port data_in                                                                                                                                                    ;
; Top_General:u_top_general|Top_Downscale_Integration:u_top_simd|Downscale_SIMD:u_downscale|alpha_vec[3][1]                                                                       ; Stuck at GND due to stuck port data_in                                                                                                                                                    ;
; Top_General:u_top_general|Top_Downscale_Integration:u_top_simd|Downscale_SIMD:u_downscale|alpha_vec[3][0]                                                                       ; Stuck at GND due to stuck port data_in                                                                                                                                                    ;
; Top_General:u_top_general|Top_Downscale_Integration:u_top_simd|Downscale_SIMD:u_downscale|beta_vec[0][1]                                                                        ; Stuck at GND due to stuck port data_in                                                                                                                                                    ;
; Top_General:u_top_general|Top_Downscale_Integration:u_top_simd|Downscale_SIMD:u_downscale|beta_vec[0][0]                                                                        ; Stuck at GND due to stuck port data_in                                                                                                                                                    ;
; Top_General:u_top_general|Top_Downscale_Integration:u_top_simd|Downscale_SIMD:u_downscale|beta_vec[1][1]                                                                        ; Stuck at GND due to stuck port data_in                                                                                                                                                    ;
; Top_General:u_top_general|Top_Downscale_Integration:u_top_simd|Downscale_SIMD:u_downscale|beta_vec[1][0]                                                                        ; Stuck at GND due to stuck port data_in                                                                                                                                                    ;
; Top_General:u_top_general|Top_Downscale_Integration:u_top_simd|Downscale_SIMD:u_downscale|beta_vec[2][1]                                                                        ; Stuck at GND due to stuck port data_in                                                                                                                                                    ;
; Top_General:u_top_general|Top_Downscale_Integration:u_top_simd|Downscale_SIMD:u_downscale|beta_vec[2][0]                                                                        ; Stuck at GND due to stuck port data_in                                                                                                                                                    ;
; Top_General:u_top_general|Top_Downscale_Integration:u_top_simd|Downscale_SIMD:u_downscale|beta_vec[3][1]                                                                        ; Stuck at GND due to stuck port data_in                                                                                                                                                    ;
; Top_General:u_top_general|Top_Downscale_Integration:u_top_simd|Downscale_SIMD:u_downscale|Top_SIMD:u_top_simd|SIMD_Registros:regs_inst|alpha_r[0][3]                            ; Stuck at GND due to stuck port data_in                                                                                                                                                    ;
; Top_General:u_top_general|Top_Downscale_Integration:u_top_simd|Downscale_SIMD:u_downscale|Top_SIMD:u_top_simd|SIMD_Registros:regs_inst|alpha_r[0][2]                            ; Stuck at GND due to stuck port data_in                                                                                                                                                    ;
; Top_General:u_top_general|Top_Downscale_Integration:u_top_simd|Downscale_SIMD:u_downscale|Top_SIMD:u_top_simd|SIMD_Registros:regs_inst|alpha_r[0][1]                            ; Stuck at GND due to stuck port data_in                                                                                                                                                    ;
; Top_General:u_top_general|Top_Downscale_Integration:u_top_simd|Downscale_SIMD:u_downscale|Top_SIMD:u_top_simd|SIMD_Registros:regs_inst|alpha_r[0][0]                            ; Stuck at GND due to stuck port data_in                                                                                                                                                    ;
; Top_General:u_top_general|Top_Downscale_Integration:u_top_simd|Downscale_SIMD:u_downscale|Top_SIMD:u_top_simd|SIMD_Registros:regs_inst|alpha_r[1][1]                            ; Stuck at GND due to stuck port data_in                                                                                                                                                    ;
; Top_General:u_top_general|Top_Downscale_Integration:u_top_simd|Downscale_SIMD:u_downscale|Top_SIMD:u_top_simd|SIMD_Registros:regs_inst|alpha_r[1][0]                            ; Stuck at GND due to stuck port data_in                                                                                                                                                    ;
; Top_General:u_top_general|Top_Downscale_Integration:u_top_simd|Downscale_SIMD:u_downscale|Top_SIMD:u_top_simd|SIMD_Registros:regs_inst|alpha_r[2][2]                            ; Stuck at GND due to stuck port data_in                                                                                                                                                    ;
; Top_General:u_top_general|Top_Downscale_Integration:u_top_simd|Downscale_SIMD:u_downscale|Top_SIMD:u_top_simd|SIMD_Registros:regs_inst|alpha_r[2][1]                            ; Stuck at GND due to stuck port data_in                                                                                                                                                    ;
; Top_General:u_top_general|Top_Downscale_Integration:u_top_simd|Downscale_SIMD:u_downscale|Top_SIMD:u_top_simd|SIMD_Registros:regs_inst|alpha_r[2][0]                            ; Stuck at GND due to stuck port data_in                                                                                                                                                    ;
; Top_General:u_top_general|Top_Downscale_Integration:u_top_simd|Downscale_SIMD:u_downscale|Top_SIMD:u_top_simd|SIMD_Registros:regs_inst|alpha_r[3][1]                            ; Stuck at GND due to stuck port data_in                                                                                                                                                    ;
; Top_General:u_top_general|Top_Downscale_Integration:u_top_simd|Downscale_SIMD:u_downscale|Top_SIMD:u_top_simd|SIMD_Registros:regs_inst|alpha_r[3][0]                            ; Stuck at GND due to stuck port data_in                                                                                                                                                    ;
; Top_General:u_top_general|Top_Downscale_Integration:u_top_simd|Downscale_SIMD:u_downscale|Top_SIMD:u_top_simd|SIMD_Registros:regs_inst|beta_r[0][1]                             ; Stuck at GND due to stuck port data_in                                                                                                                                                    ;
; Top_General:u_top_general|Top_Downscale_Integration:u_top_simd|Downscale_SIMD:u_downscale|Top_SIMD:u_top_simd|SIMD_Registros:regs_inst|beta_r[0][0]                             ; Stuck at GND due to stuck port data_in                                                                                                                                                    ;
; Top_General:u_top_general|Top_Downscale_Integration:u_top_simd|Downscale_SIMD:u_downscale|Top_SIMD:u_top_simd|SIMD_Registros:regs_inst|beta_r[1][1]                             ; Stuck at GND due to stuck port data_in                                                                                                                                                    ;
; Top_General:u_top_general|Top_Downscale_Integration:u_top_simd|Downscale_SIMD:u_downscale|Top_SIMD:u_top_simd|SIMD_Registros:regs_inst|beta_r[1][0]                             ; Stuck at GND due to stuck port data_in                                                                                                                                                    ;
; Top_General:u_top_general|Top_Downscale_Integration:u_top_simd|Downscale_SIMD:u_downscale|Top_SIMD:u_top_simd|SIMD_Registros:regs_inst|beta_r[2][1]                             ; Stuck at GND due to stuck port data_in                                                                                                                                                    ;
; Top_General:u_top_general|Top_Downscale_Integration:u_top_simd|Downscale_SIMD:u_downscale|Top_SIMD:u_top_simd|SIMD_Registros:regs_inst|beta_r[2][0]                             ; Stuck at GND due to stuck port data_in                                                                                                                                                    ;
; Top_General:u_top_general|Top_Downscale_Integration:u_top_simd|Downscale_SIMD:u_downscale|Top_SIMD:u_top_simd|SIMD_Registros:regs_inst|beta_r[3][1]                             ; Stuck at GND due to stuck port data_in                                                                                                                                                    ;
; Top_General:u_top_general|Top_Downscale_Integration:u_top_simd|Downscale_SIMD:u_downscale|beta_vec[3][0]                                                                        ; Stuck at GND due to stuck port data_in                                                                                                                                                    ;
; Top_General:u_top_general|Top_Downscale_Integration:u_top_simd|Downscale_SIMD:u_downscale|Top_SIMD:u_top_simd|SIMD_Registros:regs_inst|beta_r[3][0]                             ; Stuck at GND due to stuck port data_in                                                                                                                                                    ;
; Top_General:u_top_general|Top_Downscale_Integration:u_top_simd|Downscale_SIMD:u_downscale|j_dst[1][1]                                                                           ; Stuck at GND due to stuck port data_in                                                                                                                                                    ;
; Top_General:u_top_general|Top_Downscale_Integration:u_top_simd|Downscale_SIMD:u_downscale|x_src_fp[1][10]                                                                       ; Stuck at GND due to stuck port data_in                                                                                                                                                    ;
; Top_General:u_top_general|Top_Downscale_Integration:u_top_simd|Downscale_SIMD:u_downscale|x_src_fp[1][3]                                                                        ; Stuck at GND due to stuck port data_in                                                                                                                                                    ;
; Top_General:u_top_general|Top_Downscale_Integration:u_top_simd|Downscale_SIMD:u_downscale|x_l[1][2]                                                                             ; Stuck at GND due to stuck port data_in                                                                                                                                                    ;
; Top_General:u_top_general|Top_Downscale_Integration:u_top_simd|Downscale_SIMD:u_downscale|y_l[0][7]                                                                             ; Lost fanout                                                                                                                                                                               ;
; Top_General:u_top_general|Top_Downscale_Integration:u_top_simd|Downscale_SIMD:u_downscale|y_l[1][7]                                                                             ; Lost fanout                                                                                                                                                                               ;
; Top_General:u_top_general|Top_Downscale_Integration:u_top_simd|Downscale_SIMD:u_downscale|y_l[2][7]                                                                             ; Lost fanout                                                                                                                                                                               ;
; Top_General:u_top_general|Top_Downscale_Integration:u_top_simd|Downscale_SIMD:u_downscale|y_l[3][7]                                                                             ; Lost fanout                                                                                                                                                                               ;
; Top_General:u_top_general|Top_Downscale_Integration:u_top_simd|Downscale_SIMD:u_downscale|x_h[0][7]                                                                             ; Stuck at GND due to stuck port data_in                                                                                                                                                    ;
; Top_General:u_top_general|Top_Downscale_Integration:u_top_simd|Downscale_SIMD:u_downscale|x_h[0][2]                                                                             ; Stuck at GND due to stuck port data_in                                                                                                                                                    ;
; Top_General:u_top_general|Top_Downscale_Integration:u_top_simd|Downscale_SIMD:u_downscale|x_h[0][1]                                                                             ; Stuck at GND due to stuck port data_in                                                                                                                                                    ;
; Top_General:u_top_general|Top_Downscale_Integration:u_top_simd|Downscale_SIMD:u_downscale|x_h[1][7]                                                                             ; Stuck at GND due to stuck port data_in                                                                                                                                                    ;
; Top_General:u_top_general|Top_Downscale_Integration:u_top_simd|Downscale_SIMD:u_downscale|x_h[1][2]                                                                             ; Stuck at GND due to stuck port data_in                                                                                                                                                    ;
; Top_General:u_top_general|Top_Downscale_Integration:u_top_simd|Downscale_SIMD:u_downscale|x_h[2][7]                                                                             ; Stuck at GND due to stuck port data_in                                                                                                                                                    ;
; Top_General:u_top_general|Top_Downscale_Integration:u_top_simd|Downscale_SIMD:u_downscale|x_h[2][1]                                                                             ; Stuck at GND due to stuck port data_in                                                                                                                                                    ;
; Top_General:u_top_general|Top_Downscale_Integration:u_top_simd|Downscale_SIMD:u_downscale|x_h[3][7]                                                                             ; Stuck at GND due to stuck port data_in                                                                                                                                                    ;
; Top_General:u_top_general|Top_Downscale_Integration:u_top_simd|Downscale_SIMD:u_downscale|y_h[0][7]                                                                             ; Lost fanout                                                                                                                                                                               ;
; Top_General:u_top_general|Top_Downscale_Integration:u_top_simd|Downscale_SIMD:u_downscale|y_h[1][7]                                                                             ; Lost fanout                                                                                                                                                                               ;
; Top_General:u_top_general|Top_Downscale_Integration:u_top_simd|Downscale_SIMD:u_downscale|y_h[2][7]                                                                             ; Lost fanout                                                                                                                                                                               ;
; Top_General:u_top_general|Top_Downscale_Integration:u_top_simd|Downscale_SIMD:u_downscale|y_h[3][7]                                                                             ; Lost fanout                                                                                                                                                                               ;
; Top_General:u_top_general|Top_Downscale_Integration:u_top_simd|Downscale_SIMD:u_downscale|alpha_vec[1][3]                                                                       ; Stuck at GND due to stuck port data_in                                                                                                                                                    ;
; Top_General:u_top_general|Top_Downscale_Integration:u_top_simd|Downscale_SIMD:u_downscale|Top_SIMD:u_top_simd|SIMD_Registros:regs_inst|alpha_r[1][3]                            ; Stuck at GND due to stuck port data_in                                                                                                                                                    ;
; Top_General:u_top_general|Top_Downscale_Secuencial:u_top_seq|Downscale_Secuencial:u_seq|y_l[7]                                                                                  ; Lost fanout                                                                                                                                                                               ;
; Top_General:u_top_general|Top_Downscale_Secuencial:u_top_seq|Downscale_Secuencial:u_seq|y_h[7]                                                                                  ; Lost fanout                                                                                                                                                                               ;
; Top_General:u_top_general|Top_Downscale_Integration:u_top_simd|Downscale_SIMD:u_downscale|j_dst[3][1]                                                                           ; Merged with Top_General:u_top_general|Top_Downscale_Integration:u_top_simd|Downscale_SIMD:u_downscale|j_dst[3][0]                                                                         ;
; Top_General:u_top_general|Top_Downscale_Integration:u_top_simd|Downscale_SIMD:u_downscale|Top_SIMD:u_top_simd|SIMD_Registros:regs_inst|alpha_r[3][3]                            ; Merged with Top_General:u_top_general|Top_Downscale_Integration:u_top_simd|Downscale_SIMD:u_downscale|Top_SIMD:u_top_simd|SIMD_Registros:regs_inst|alpha_r[3][2]                          ;
; Top_General:u_top_general|Top_Downscale_Integration:u_top_simd|Downscale_SIMD:u_downscale|x_h[0][3]                                                                             ; Merged with Top_General:u_top_general|Top_Downscale_Integration:u_top_simd|Downscale_SIMD:u_downscale|alpha_vec[0][4]                                                                     ;
; Top_General:u_top_general|Top_Downscale_Integration:u_top_simd|Downscale_SIMD:u_downscale|x_l[0][3]                                                                             ; Merged with Top_General:u_top_general|Top_Downscale_Integration:u_top_simd|Downscale_SIMD:u_downscale|alpha_vec[0][4]                                                                     ;
; Top_General:u_top_general|Top_Downscale_Integration:u_top_simd|Downscale_SIMD:u_downscale|x_h[0][4]                                                                             ; Merged with Top_General:u_top_general|Top_Downscale_Integration:u_top_simd|Downscale_SIMD:u_downscale|alpha_vec[0][5]                                                                     ;
; Top_General:u_top_general|Top_Downscale_Integration:u_top_simd|Downscale_SIMD:u_downscale|x_l[0][4]                                                                             ; Merged with Top_General:u_top_general|Top_Downscale_Integration:u_top_simd|Downscale_SIMD:u_downscale|alpha_vec[0][5]                                                                     ;
; Top_General:u_top_general|Top_Downscale_Integration:u_top_simd|Downscale_SIMD:u_downscale|x_h[0][5]                                                                             ; Merged with Top_General:u_top_general|Top_Downscale_Integration:u_top_simd|Downscale_SIMD:u_downscale|alpha_vec[0][6]                                                                     ;
; Top_General:u_top_general|Top_Downscale_Integration:u_top_simd|Downscale_SIMD:u_downscale|x_l[0][5]                                                                             ; Merged with Top_General:u_top_general|Top_Downscale_Integration:u_top_simd|Downscale_SIMD:u_downscale|alpha_vec[0][6]                                                                     ;
; Top_General:u_top_general|Top_Downscale_Integration:u_top_simd|Downscale_SIMD:u_downscale|x_h[0][6]                                                                             ; Merged with Top_General:u_top_general|Top_Downscale_Integration:u_top_simd|Downscale_SIMD:u_downscale|alpha_vec[0][7]                                                                     ;
; Top_General:u_top_general|Top_Downscale_Integration:u_top_simd|Downscale_SIMD:u_downscale|x_l[0][6]                                                                             ; Merged with Top_General:u_top_general|Top_Downscale_Integration:u_top_simd|Downscale_SIMD:u_downscale|alpha_vec[0][7]                                                                     ;
; Top_General:u_top_general|Top_Downscale_Integration:u_top_simd|Downscale_SIMD:u_downscale|y_l[0][1]                                                                             ; Merged with Top_General:u_top_general|Top_Downscale_Integration:u_top_simd|Downscale_SIMD:u_downscale|beta_vec[0][2]                                                                      ;
; Top_General:u_top_general|Top_Downscale_Integration:u_top_simd|Downscale_SIMD:u_downscale|y_l[0][2]                                                                             ; Merged with Top_General:u_top_general|Top_Downscale_Integration:u_top_simd|Downscale_SIMD:u_downscale|beta_vec[0][3]                                                                      ;
; Top_General:u_top_general|Top_Downscale_Integration:u_top_simd|Downscale_SIMD:u_downscale|y_l[0][3]                                                                             ; Merged with Top_General:u_top_general|Top_Downscale_Integration:u_top_simd|Downscale_SIMD:u_downscale|beta_vec[0][4]                                                                      ;
; Top_General:u_top_general|Top_Downscale_Integration:u_top_simd|Downscale_SIMD:u_downscale|y_l[0][4]                                                                             ; Merged with Top_General:u_top_general|Top_Downscale_Integration:u_top_simd|Downscale_SIMD:u_downscale|beta_vec[0][5]                                                                      ;
; Top_General:u_top_general|Top_Downscale_Integration:u_top_simd|Downscale_SIMD:u_downscale|y_l[0][5]                                                                             ; Merged with Top_General:u_top_general|Top_Downscale_Integration:u_top_simd|Downscale_SIMD:u_downscale|beta_vec[0][6]                                                                      ;
; Top_General:u_top_general|Top_Downscale_Integration:u_top_simd|Downscale_SIMD:u_downscale|y_l[0][6]                                                                             ; Merged with Top_General:u_top_general|Top_Downscale_Integration:u_top_simd|Downscale_SIMD:u_downscale|beta_vec[0][7]                                                                      ;
; Top_General:u_top_general|Top_Downscale_Integration:u_top_simd|Downscale_SIMD:u_downscale|x_h[1][1]                                                                             ; Merged with Top_General:u_top_general|Top_Downscale_Integration:u_top_simd|Downscale_SIMD:u_downscale|alpha_vec[1][2]                                                                     ;
; Top_General:u_top_general|Top_Downscale_Integration:u_top_simd|Downscale_SIMD:u_downscale|x_l[1][1]                                                                             ; Merged with Top_General:u_top_general|Top_Downscale_Integration:u_top_simd|Downscale_SIMD:u_downscale|alpha_vec[1][2]                                                                     ;
; Top_General:u_top_general|Top_Downscale_Integration:u_top_simd|Downscale_SIMD:u_downscale|x_h[1][3]                                                                             ; Merged with Top_General:u_top_general|Top_Downscale_Integration:u_top_simd|Downscale_SIMD:u_downscale|alpha_vec[1][4]                                                                     ;
; Top_General:u_top_general|Top_Downscale_Integration:u_top_simd|Downscale_SIMD:u_downscale|x_l[1][3]                                                                             ; Merged with Top_General:u_top_general|Top_Downscale_Integration:u_top_simd|Downscale_SIMD:u_downscale|alpha_vec[1][4]                                                                     ;
; Top_General:u_top_general|Top_Downscale_Integration:u_top_simd|Downscale_SIMD:u_downscale|x_h[1][4]                                                                             ; Merged with Top_General:u_top_general|Top_Downscale_Integration:u_top_simd|Downscale_SIMD:u_downscale|alpha_vec[1][5]                                                                     ;
; Top_General:u_top_general|Top_Downscale_Integration:u_top_simd|Downscale_SIMD:u_downscale|x_l[1][4]                                                                             ; Merged with Top_General:u_top_general|Top_Downscale_Integration:u_top_simd|Downscale_SIMD:u_downscale|alpha_vec[1][5]                                                                     ;
; Top_General:u_top_general|Top_Downscale_Integration:u_top_simd|Downscale_SIMD:u_downscale|x_h[1][5]                                                                             ; Merged with Top_General:u_top_general|Top_Downscale_Integration:u_top_simd|Downscale_SIMD:u_downscale|alpha_vec[1][6]                                                                     ;
; Top_General:u_top_general|Top_Downscale_Integration:u_top_simd|Downscale_SIMD:u_downscale|x_l[1][5]                                                                             ; Merged with Top_General:u_top_general|Top_Downscale_Integration:u_top_simd|Downscale_SIMD:u_downscale|alpha_vec[1][6]                                                                     ;
; Top_General:u_top_general|Top_Downscale_Integration:u_top_simd|Downscale_SIMD:u_downscale|x_h[1][6]                                                                             ; Merged with Top_General:u_top_general|Top_Downscale_Integration:u_top_simd|Downscale_SIMD:u_downscale|alpha_vec[1][7]                                                                     ;
; Top_General:u_top_general|Top_Downscale_Integration:u_top_simd|Downscale_SIMD:u_downscale|x_l[1][6]                                                                             ; Merged with Top_General:u_top_general|Top_Downscale_Integration:u_top_simd|Downscale_SIMD:u_downscale|alpha_vec[1][7]                                                                     ;
; Top_General:u_top_general|Top_Downscale_Integration:u_top_simd|Downscale_SIMD:u_downscale|y_l[1][1]                                                                             ; Merged with Top_General:u_top_general|Top_Downscale_Integration:u_top_simd|Downscale_SIMD:u_downscale|beta_vec[1][2]                                                                      ;
; Top_General:u_top_general|Top_Downscale_Integration:u_top_simd|Downscale_SIMD:u_downscale|y_l[1][2]                                                                             ; Merged with Top_General:u_top_general|Top_Downscale_Integration:u_top_simd|Downscale_SIMD:u_downscale|beta_vec[1][3]                                                                      ;
; Top_General:u_top_general|Top_Downscale_Integration:u_top_simd|Downscale_SIMD:u_downscale|y_l[1][3]                                                                             ; Merged with Top_General:u_top_general|Top_Downscale_Integration:u_top_simd|Downscale_SIMD:u_downscale|beta_vec[1][4]                                                                      ;
; Top_General:u_top_general|Top_Downscale_Integration:u_top_simd|Downscale_SIMD:u_downscale|y_l[1][4]                                                                             ; Merged with Top_General:u_top_general|Top_Downscale_Integration:u_top_simd|Downscale_SIMD:u_downscale|beta_vec[1][5]                                                                      ;
; Top_General:u_top_general|Top_Downscale_Integration:u_top_simd|Downscale_SIMD:u_downscale|y_l[1][5]                                                                             ; Merged with Top_General:u_top_general|Top_Downscale_Integration:u_top_simd|Downscale_SIMD:u_downscale|beta_vec[1][6]                                                                      ;
; Top_General:u_top_general|Top_Downscale_Integration:u_top_simd|Downscale_SIMD:u_downscale|y_l[1][6]                                                                             ; Merged with Top_General:u_top_general|Top_Downscale_Integration:u_top_simd|Downscale_SIMD:u_downscale|beta_vec[1][7]                                                                      ;
; Top_General:u_top_general|Top_Downscale_Integration:u_top_simd|Downscale_SIMD:u_downscale|x_h[2][2]                                                                             ; Merged with Top_General:u_top_general|Top_Downscale_Integration:u_top_simd|Downscale_SIMD:u_downscale|alpha_vec[2][3]                                                                     ;
; Top_General:u_top_general|Top_Downscale_Integration:u_top_simd|Downscale_SIMD:u_downscale|x_l[2][2]                                                                             ; Merged with Top_General:u_top_general|Top_Downscale_Integration:u_top_simd|Downscale_SIMD:u_downscale|alpha_vec[2][3]                                                                     ;
; Top_General:u_top_general|Top_Downscale_Integration:u_top_simd|Downscale_SIMD:u_downscale|x_h[2][3]                                                                             ; Merged with Top_General:u_top_general|Top_Downscale_Integration:u_top_simd|Downscale_SIMD:u_downscale|alpha_vec[2][4]                                                                     ;
; Top_General:u_top_general|Top_Downscale_Integration:u_top_simd|Downscale_SIMD:u_downscale|x_l[2][3]                                                                             ; Merged with Top_General:u_top_general|Top_Downscale_Integration:u_top_simd|Downscale_SIMD:u_downscale|alpha_vec[2][4]                                                                     ;
; Top_General:u_top_general|Top_Downscale_Integration:u_top_simd|Downscale_SIMD:u_downscale|x_h[2][4]                                                                             ; Merged with Top_General:u_top_general|Top_Downscale_Integration:u_top_simd|Downscale_SIMD:u_downscale|alpha_vec[2][5]                                                                     ;
; Top_General:u_top_general|Top_Downscale_Integration:u_top_simd|Downscale_SIMD:u_downscale|x_l[2][4]                                                                             ; Merged with Top_General:u_top_general|Top_Downscale_Integration:u_top_simd|Downscale_SIMD:u_downscale|alpha_vec[2][5]                                                                     ;
; Top_General:u_top_general|Top_Downscale_Integration:u_top_simd|Downscale_SIMD:u_downscale|x_h[2][5]                                                                             ; Merged with Top_General:u_top_general|Top_Downscale_Integration:u_top_simd|Downscale_SIMD:u_downscale|alpha_vec[2][6]                                                                     ;
; Top_General:u_top_general|Top_Downscale_Integration:u_top_simd|Downscale_SIMD:u_downscale|x_l[2][5]                                                                             ; Merged with Top_General:u_top_general|Top_Downscale_Integration:u_top_simd|Downscale_SIMD:u_downscale|alpha_vec[2][6]                                                                     ;
; Top_General:u_top_general|Top_Downscale_Integration:u_top_simd|Downscale_SIMD:u_downscale|x_h[2][6]                                                                             ; Merged with Top_General:u_top_general|Top_Downscale_Integration:u_top_simd|Downscale_SIMD:u_downscale|alpha_vec[2][7]                                                                     ;
; Top_General:u_top_general|Top_Downscale_Integration:u_top_simd|Downscale_SIMD:u_downscale|x_l[2][6]                                                                             ; Merged with Top_General:u_top_general|Top_Downscale_Integration:u_top_simd|Downscale_SIMD:u_downscale|alpha_vec[2][7]                                                                     ;
; Top_General:u_top_general|Top_Downscale_Integration:u_top_simd|Downscale_SIMD:u_downscale|y_l[2][1]                                                                             ; Merged with Top_General:u_top_general|Top_Downscale_Integration:u_top_simd|Downscale_SIMD:u_downscale|beta_vec[2][2]                                                                      ;
; Top_General:u_top_general|Top_Downscale_Integration:u_top_simd|Downscale_SIMD:u_downscale|y_l[2][2]                                                                             ; Merged with Top_General:u_top_general|Top_Downscale_Integration:u_top_simd|Downscale_SIMD:u_downscale|beta_vec[2][3]                                                                      ;
; Top_General:u_top_general|Top_Downscale_Integration:u_top_simd|Downscale_SIMD:u_downscale|y_l[2][3]                                                                             ; Merged with Top_General:u_top_general|Top_Downscale_Integration:u_top_simd|Downscale_SIMD:u_downscale|beta_vec[2][4]                                                                      ;
; Top_General:u_top_general|Top_Downscale_Integration:u_top_simd|Downscale_SIMD:u_downscale|y_l[2][4]                                                                             ; Merged with Top_General:u_top_general|Top_Downscale_Integration:u_top_simd|Downscale_SIMD:u_downscale|beta_vec[2][5]                                                                      ;
; Top_General:u_top_general|Top_Downscale_Integration:u_top_simd|Downscale_SIMD:u_downscale|y_l[2][5]                                                                             ; Merged with Top_General:u_top_general|Top_Downscale_Integration:u_top_simd|Downscale_SIMD:u_downscale|beta_vec[2][6]                                                                      ;
; Top_General:u_top_general|Top_Downscale_Integration:u_top_simd|Downscale_SIMD:u_downscale|y_l[2][6]                                                                             ; Merged with Top_General:u_top_general|Top_Downscale_Integration:u_top_simd|Downscale_SIMD:u_downscale|beta_vec[2][7]                                                                      ;
; Top_General:u_top_general|Top_Downscale_Integration:u_top_simd|Downscale_SIMD:u_downscale|alpha_vec[3][3]                                                                       ; Merged with Top_General:u_top_general|Top_Downscale_Integration:u_top_simd|Downscale_SIMD:u_downscale|alpha_vec[3][2]                                                                     ;
; Top_General:u_top_general|Top_Downscale_Integration:u_top_simd|Downscale_SIMD:u_downscale|x_h[3][1]                                                                             ; Merged with Top_General:u_top_general|Top_Downscale_Integration:u_top_simd|Downscale_SIMD:u_downscale|alpha_vec[3][2]                                                                     ;
; Top_General:u_top_general|Top_Downscale_Integration:u_top_simd|Downscale_SIMD:u_downscale|x_h[3][2]                                                                             ; Merged with Top_General:u_top_general|Top_Downscale_Integration:u_top_simd|Downscale_SIMD:u_downscale|alpha_vec[3][2]                                                                     ;
; Top_General:u_top_general|Top_Downscale_Integration:u_top_simd|Downscale_SIMD:u_downscale|x_l[3][1]                                                                             ; Merged with Top_General:u_top_general|Top_Downscale_Integration:u_top_simd|Downscale_SIMD:u_downscale|alpha_vec[3][2]                                                                     ;
; Top_General:u_top_general|Top_Downscale_Integration:u_top_simd|Downscale_SIMD:u_downscale|x_l[3][2]                                                                             ; Merged with Top_General:u_top_general|Top_Downscale_Integration:u_top_simd|Downscale_SIMD:u_downscale|alpha_vec[3][2]                                                                     ;
; Top_General:u_top_general|Top_Downscale_Integration:u_top_simd|Downscale_SIMD:u_downscale|x_h[3][3]                                                                             ; Merged with Top_General:u_top_general|Top_Downscale_Integration:u_top_simd|Downscale_SIMD:u_downscale|alpha_vec[3][4]                                                                     ;
; Top_General:u_top_general|Top_Downscale_Integration:u_top_simd|Downscale_SIMD:u_downscale|x_l[3][3]                                                                             ; Merged with Top_General:u_top_general|Top_Downscale_Integration:u_top_simd|Downscale_SIMD:u_downscale|alpha_vec[3][4]                                                                     ;
; Top_General:u_top_general|Top_Downscale_Integration:u_top_simd|Downscale_SIMD:u_downscale|x_h[3][4]                                                                             ; Merged with Top_General:u_top_general|Top_Downscale_Integration:u_top_simd|Downscale_SIMD:u_downscale|alpha_vec[3][5]                                                                     ;
; Top_General:u_top_general|Top_Downscale_Integration:u_top_simd|Downscale_SIMD:u_downscale|x_l[3][4]                                                                             ; Merged with Top_General:u_top_general|Top_Downscale_Integration:u_top_simd|Downscale_SIMD:u_downscale|alpha_vec[3][5]                                                                     ;
; Top_General:u_top_general|Top_Downscale_Integration:u_top_simd|Downscale_SIMD:u_downscale|x_h[3][5]                                                                             ; Merged with Top_General:u_top_general|Top_Downscale_Integration:u_top_simd|Downscale_SIMD:u_downscale|alpha_vec[3][6]                                                                     ;
; Top_General:u_top_general|Top_Downscale_Integration:u_top_simd|Downscale_SIMD:u_downscale|x_l[3][5]                                                                             ; Merged with Top_General:u_top_general|Top_Downscale_Integration:u_top_simd|Downscale_SIMD:u_downscale|alpha_vec[3][6]                                                                     ;
; Top_General:u_top_general|Top_Downscale_Integration:u_top_simd|Downscale_SIMD:u_downscale|x_h[3][6]                                                                             ; Merged with Top_General:u_top_general|Top_Downscale_Integration:u_top_simd|Downscale_SIMD:u_downscale|alpha_vec[3][7]                                                                     ;
; Top_General:u_top_general|Top_Downscale_Integration:u_top_simd|Downscale_SIMD:u_downscale|x_l[3][6]                                                                             ; Merged with Top_General:u_top_general|Top_Downscale_Integration:u_top_simd|Downscale_SIMD:u_downscale|alpha_vec[3][7]                                                                     ;
; Top_General:u_top_general|Top_Downscale_Integration:u_top_simd|Downscale_SIMD:u_downscale|y_l[3][1]                                                                             ; Merged with Top_General:u_top_general|Top_Downscale_Integration:u_top_simd|Downscale_SIMD:u_downscale|beta_vec[3][2]                                                                      ;
; Top_General:u_top_general|Top_Downscale_Integration:u_top_simd|Downscale_SIMD:u_downscale|y_l[3][2]                                                                             ; Merged with Top_General:u_top_general|Top_Downscale_Integration:u_top_simd|Downscale_SIMD:u_downscale|beta_vec[3][3]                                                                      ;
; Top_General:u_top_general|Top_Downscale_Integration:u_top_simd|Downscale_SIMD:u_downscale|y_l[3][3]                                                                             ; Merged with Top_General:u_top_general|Top_Downscale_Integration:u_top_simd|Downscale_SIMD:u_downscale|beta_vec[3][4]                                                                      ;
; Top_General:u_top_general|Top_Downscale_Integration:u_top_simd|Downscale_SIMD:u_downscale|y_l[3][4]                                                                             ; Merged with Top_General:u_top_general|Top_Downscale_Integration:u_top_simd|Downscale_SIMD:u_downscale|beta_vec[3][5]                                                                      ;
; Top_General:u_top_general|Top_Downscale_Integration:u_top_simd|Downscale_SIMD:u_downscale|y_l[3][5]                                                                             ; Merged with Top_General:u_top_general|Top_Downscale_Integration:u_top_simd|Downscale_SIMD:u_downscale|beta_vec[3][6]                                                                      ;
; Top_General:u_top_general|Top_Downscale_Integration:u_top_simd|Downscale_SIMD:u_downscale|y_l[3][6]                                                                             ; Merged with Top_General:u_top_general|Top_Downscale_Integration:u_top_simd|Downscale_SIMD:u_downscale|beta_vec[3][7]                                                                      ;
; Top_General:u_top_general|Top_Downscale_Integration:u_top_simd|Downscale_SIMD:u_downscale|x_src_fp[0][4]                                                                        ; Merged with Top_General:u_top_general|Top_Downscale_Integration:u_top_simd|Downscale_SIMD:u_downscale|x_src_fp[0][11]                                                                     ;
; Top_General:u_top_general|Top_Downscale_Integration:u_top_simd|Downscale_SIMD:u_downscale|x_src_fp[0][5]                                                                        ; Merged with Top_General:u_top_general|Top_Downscale_Integration:u_top_simd|Downscale_SIMD:u_downscale|x_src_fp[0][12]                                                                     ;
; Top_General:u_top_general|Top_Downscale_Integration:u_top_simd|Downscale_SIMD:u_downscale|x_src_fp[0][6]                                                                        ; Merged with Top_General:u_top_general|Top_Downscale_Integration:u_top_simd|Downscale_SIMD:u_downscale|x_src_fp[0][13]                                                                     ;
; Top_General:u_top_general|Top_Downscale_Integration:u_top_simd|Downscale_SIMD:u_downscale|x_src_fp[0][7]                                                                        ; Merged with Top_General:u_top_general|Top_Downscale_Integration:u_top_simd|Downscale_SIMD:u_downscale|x_src_fp[0][14]                                                                     ;
; Top_General:u_top_general|Top_Downscale_Integration:u_top_simd|Downscale_SIMD:u_downscale|mem_rd_addr[0][2]                                                                     ; Merged with Top_General:u_top_general|Top_Downscale_Integration:u_top_simd|Downscale_SIMD:u_downscale|mem_rd_addr[0][1]                                                                   ;
; Top_General:u_top_general|Top_Downscale_Integration:u_top_simd|Downscale_SIMD:u_downscale|y_src_fp[0][9]                                                                        ; Merged with Top_General:u_top_general|Top_Downscale_Integration:u_top_simd|Downscale_SIMD:u_downscale|y_src_fp[0][2]                                                                      ;
; Top_General:u_top_general|Top_Downscale_Integration:u_top_simd|Downscale_SIMD:u_downscale|y_src_fp[0][3]                                                                        ; Merged with Top_General:u_top_general|Top_Downscale_Integration:u_top_simd|Downscale_SIMD:u_downscale|y_src_fp[0][10]                                                                     ;
; Top_General:u_top_general|Top_Downscale_Integration:u_top_simd|Downscale_SIMD:u_downscale|y_src_fp[0][4]                                                                        ; Merged with Top_General:u_top_general|Top_Downscale_Integration:u_top_simd|Downscale_SIMD:u_downscale|y_src_fp[0][11]                                                                     ;
; Top_General:u_top_general|Top_Downscale_Integration:u_top_simd|Downscale_SIMD:u_downscale|y_src_fp[0][5]                                                                        ; Merged with Top_General:u_top_general|Top_Downscale_Integration:u_top_simd|Downscale_SIMD:u_downscale|y_src_fp[0][12]                                                                     ;
; Top_General:u_top_general|Top_Downscale_Integration:u_top_simd|Downscale_SIMD:u_downscale|y_src_fp[0][6]                                                                        ; Merged with Top_General:u_top_general|Top_Downscale_Integration:u_top_simd|Downscale_SIMD:u_downscale|y_src_fp[0][13]                                                                     ;
; Top_General:u_top_general|Top_Downscale_Integration:u_top_simd|Downscale_SIMD:u_downscale|y_src_fp[0][7]                                                                        ; Merged with Top_General:u_top_general|Top_Downscale_Integration:u_top_simd|Downscale_SIMD:u_downscale|y_src_fp[0][14]                                                                     ;
; Top_General:u_top_general|Top_Downscale_Integration:u_top_simd|Downscale_SIMD:u_downscale|x_src_fp[1][9]                                                                        ; Merged with Top_General:u_top_general|Top_Downscale_Integration:u_top_simd|Downscale_SIMD:u_downscale|x_src_fp[1][2]                                                                      ;
; Top_General:u_top_general|Top_Downscale_Integration:u_top_simd|Downscale_SIMD:u_downscale|x_src_fp[1][4]                                                                        ; Merged with Top_General:u_top_general|Top_Downscale_Integration:u_top_simd|Downscale_SIMD:u_downscale|x_src_fp[1][11]                                                                     ;
; Top_General:u_top_general|Top_Downscale_Integration:u_top_simd|Downscale_SIMD:u_downscale|x_src_fp[1][5]                                                                        ; Merged with Top_General:u_top_general|Top_Downscale_Integration:u_top_simd|Downscale_SIMD:u_downscale|x_src_fp[1][12]                                                                     ;
; Top_General:u_top_general|Top_Downscale_Integration:u_top_simd|Downscale_SIMD:u_downscale|x_src_fp[1][6]                                                                        ; Merged with Top_General:u_top_general|Top_Downscale_Integration:u_top_simd|Downscale_SIMD:u_downscale|x_src_fp[1][13]                                                                     ;
; Top_General:u_top_general|Top_Downscale_Integration:u_top_simd|Downscale_SIMD:u_downscale|x_src_fp[1][7]                                                                        ; Merged with Top_General:u_top_general|Top_Downscale_Integration:u_top_simd|Downscale_SIMD:u_downscale|x_src_fp[1][14]                                                                     ;
; Top_General:u_top_general|Top_Downscale_Integration:u_top_simd|Downscale_SIMD:u_downscale|y_src_fp[1][9]                                                                        ; Merged with Top_General:u_top_general|Top_Downscale_Integration:u_top_simd|Downscale_SIMD:u_downscale|y_src_fp[1][2]                                                                      ;
; Top_General:u_top_general|Top_Downscale_Integration:u_top_simd|Downscale_SIMD:u_downscale|y_src_fp[1][3]                                                                        ; Merged with Top_General:u_top_general|Top_Downscale_Integration:u_top_simd|Downscale_SIMD:u_downscale|y_src_fp[1][10]                                                                     ;
; Top_General:u_top_general|Top_Downscale_Integration:u_top_simd|Downscale_SIMD:u_downscale|y_src_fp[1][4]                                                                        ; Merged with Top_General:u_top_general|Top_Downscale_Integration:u_top_simd|Downscale_SIMD:u_downscale|y_src_fp[1][11]                                                                     ;
; Top_General:u_top_general|Top_Downscale_Integration:u_top_simd|Downscale_SIMD:u_downscale|y_src_fp[1][5]                                                                        ; Merged with Top_General:u_top_general|Top_Downscale_Integration:u_top_simd|Downscale_SIMD:u_downscale|y_src_fp[1][12]                                                                     ;
; Top_General:u_top_general|Top_Downscale_Integration:u_top_simd|Downscale_SIMD:u_downscale|y_src_fp[1][6]                                                                        ; Merged with Top_General:u_top_general|Top_Downscale_Integration:u_top_simd|Downscale_SIMD:u_downscale|y_src_fp[1][13]                                                                     ;
; Top_General:u_top_general|Top_Downscale_Integration:u_top_simd|Downscale_SIMD:u_downscale|y_src_fp[1][7]                                                                        ; Merged with Top_General:u_top_general|Top_Downscale_Integration:u_top_simd|Downscale_SIMD:u_downscale|y_src_fp[1][14]                                                                     ;
; Top_General:u_top_general|Top_Downscale_Integration:u_top_simd|Downscale_SIMD:u_downscale|x_src_fp[2][3]                                                                        ; Merged with Top_General:u_top_general|Top_Downscale_Integration:u_top_simd|Downscale_SIMD:u_downscale|x_src_fp[2][10]                                                                     ;
; Top_General:u_top_general|Top_Downscale_Integration:u_top_simd|Downscale_SIMD:u_downscale|x_src_fp[2][4]                                                                        ; Merged with Top_General:u_top_general|Top_Downscale_Integration:u_top_simd|Downscale_SIMD:u_downscale|x_src_fp[2][11]                                                                     ;
; Top_General:u_top_general|Top_Downscale_Integration:u_top_simd|Downscale_SIMD:u_downscale|x_src_fp[2][5]                                                                        ; Merged with Top_General:u_top_general|Top_Downscale_Integration:u_top_simd|Downscale_SIMD:u_downscale|x_src_fp[2][12]                                                                     ;
; Top_General:u_top_general|Top_Downscale_Integration:u_top_simd|Downscale_SIMD:u_downscale|x_src_fp[2][6]                                                                        ; Merged with Top_General:u_top_general|Top_Downscale_Integration:u_top_simd|Downscale_SIMD:u_downscale|x_src_fp[2][13]                                                                     ;
; Top_General:u_top_general|Top_Downscale_Integration:u_top_simd|Downscale_SIMD:u_downscale|x_src_fp[2][7]                                                                        ; Merged with Top_General:u_top_general|Top_Downscale_Integration:u_top_simd|Downscale_SIMD:u_downscale|x_src_fp[2][14]                                                                     ;
; Top_General:u_top_general|Top_Downscale_Integration:u_top_simd|Downscale_SIMD:u_downscale|y_src_fp[2][9]                                                                        ; Merged with Top_General:u_top_general|Top_Downscale_Integration:u_top_simd|Downscale_SIMD:u_downscale|y_src_fp[2][2]                                                                      ;
; Top_General:u_top_general|Top_Downscale_Integration:u_top_simd|Downscale_SIMD:u_downscale|y_src_fp[2][3]                                                                        ; Merged with Top_General:u_top_general|Top_Downscale_Integration:u_top_simd|Downscale_SIMD:u_downscale|y_src_fp[2][10]                                                                     ;
; Top_General:u_top_general|Top_Downscale_Integration:u_top_simd|Downscale_SIMD:u_downscale|y_src_fp[2][4]                                                                        ; Merged with Top_General:u_top_general|Top_Downscale_Integration:u_top_simd|Downscale_SIMD:u_downscale|y_src_fp[2][11]                                                                     ;
; Top_General:u_top_general|Top_Downscale_Integration:u_top_simd|Downscale_SIMD:u_downscale|y_src_fp[2][5]                                                                        ; Merged with Top_General:u_top_general|Top_Downscale_Integration:u_top_simd|Downscale_SIMD:u_downscale|y_src_fp[2][12]                                                                     ;
; Top_General:u_top_general|Top_Downscale_Integration:u_top_simd|Downscale_SIMD:u_downscale|y_src_fp[2][6]                                                                        ; Merged with Top_General:u_top_general|Top_Downscale_Integration:u_top_simd|Downscale_SIMD:u_downscale|y_src_fp[2][13]                                                                     ;
; Top_General:u_top_general|Top_Downscale_Integration:u_top_simd|Downscale_SIMD:u_downscale|y_src_fp[2][7]                                                                        ; Merged with Top_General:u_top_general|Top_Downscale_Integration:u_top_simd|Downscale_SIMD:u_downscale|y_src_fp[2][14]                                                                     ;
; Top_General:u_top_general|Top_Downscale_Integration:u_top_simd|Downscale_SIMD:u_downscale|x_src_fp[3][2]                                                                        ; Merged with Top_General:u_top_general|Top_Downscale_Integration:u_top_simd|Downscale_SIMD:u_downscale|x_src_fp[3][10]                                                                     ;
; Top_General:u_top_general|Top_Downscale_Integration:u_top_simd|Downscale_SIMD:u_downscale|x_src_fp[3][3]                                                                        ; Merged with Top_General:u_top_general|Top_Downscale_Integration:u_top_simd|Downscale_SIMD:u_downscale|x_src_fp[3][10]                                                                     ;
; Top_General:u_top_general|Top_Downscale_Integration:u_top_simd|Downscale_SIMD:u_downscale|x_src_fp[3][9]                                                                        ; Merged with Top_General:u_top_general|Top_Downscale_Integration:u_top_simd|Downscale_SIMD:u_downscale|x_src_fp[3][10]                                                                     ;
; Top_General:u_top_general|Top_Downscale_Integration:u_top_simd|Downscale_SIMD:u_downscale|x_src_fp[3][4]                                                                        ; Merged with Top_General:u_top_general|Top_Downscale_Integration:u_top_simd|Downscale_SIMD:u_downscale|x_src_fp[3][11]                                                                     ;
; Top_General:u_top_general|Top_Downscale_Integration:u_top_simd|Downscale_SIMD:u_downscale|x_src_fp[3][5]                                                                        ; Merged with Top_General:u_top_general|Top_Downscale_Integration:u_top_simd|Downscale_SIMD:u_downscale|x_src_fp[3][12]                                                                     ;
; Top_General:u_top_general|Top_Downscale_Integration:u_top_simd|Downscale_SIMD:u_downscale|x_src_fp[3][6]                                                                        ; Merged with Top_General:u_top_general|Top_Downscale_Integration:u_top_simd|Downscale_SIMD:u_downscale|x_src_fp[3][13]                                                                     ;
; Top_General:u_top_general|Top_Downscale_Integration:u_top_simd|Downscale_SIMD:u_downscale|x_src_fp[3][7]                                                                        ; Merged with Top_General:u_top_general|Top_Downscale_Integration:u_top_simd|Downscale_SIMD:u_downscale|x_src_fp[3][14]                                                                     ;
; Top_General:u_top_general|Top_Downscale_Integration:u_top_simd|Downscale_SIMD:u_downscale|mem_rd_addr[3][2]                                                                     ; Merged with Top_General:u_top_general|Top_Downscale_Integration:u_top_simd|Downscale_SIMD:u_downscale|mem_rd_addr[3][1]                                                                   ;
; Top_General:u_top_general|Top_Downscale_Integration:u_top_simd|Downscale_SIMD:u_downscale|y_src_fp[3][9]                                                                        ; Merged with Top_General:u_top_general|Top_Downscale_Integration:u_top_simd|Downscale_SIMD:u_downscale|y_src_fp[3][2]                                                                      ;
; Top_General:u_top_general|Top_Downscale_Integration:u_top_simd|Downscale_SIMD:u_downscale|y_src_fp[3][3]                                                                        ; Merged with Top_General:u_top_general|Top_Downscale_Integration:u_top_simd|Downscale_SIMD:u_downscale|y_src_fp[3][10]                                                                     ;
; Top_General:u_top_general|Top_Downscale_Integration:u_top_simd|Downscale_SIMD:u_downscale|y_src_fp[3][4]                                                                        ; Merged with Top_General:u_top_general|Top_Downscale_Integration:u_top_simd|Downscale_SIMD:u_downscale|y_src_fp[3][11]                                                                     ;
; Top_General:u_top_general|Top_Downscale_Integration:u_top_simd|Downscale_SIMD:u_downscale|y_src_fp[3][5]                                                                        ; Merged with Top_General:u_top_general|Top_Downscale_Integration:u_top_simd|Downscale_SIMD:u_downscale|y_src_fp[3][12]                                                                     ;
; Top_General:u_top_general|Top_Downscale_Integration:u_top_simd|Downscale_SIMD:u_downscale|y_src_fp[3][6]                                                                        ; Merged with Top_General:u_top_general|Top_Downscale_Integration:u_top_simd|Downscale_SIMD:u_downscale|y_src_fp[3][13]                                                                     ;
; Top_General:u_top_general|Top_Downscale_Integration:u_top_simd|Downscale_SIMD:u_downscale|y_src_fp[3][7]                                                                        ; Merged with Top_General:u_top_general|Top_Downscale_Integration:u_top_simd|Downscale_SIMD:u_downscale|y_src_fp[3][14]                                                                     ;
; Top_General:u_top_general|Top_Downscale_Integration:u_top_simd|Downscale_SIMD:u_downscale|y_src_fp[0][8]                                                                        ; Merged with Top_General:u_top_general|Top_Downscale_Integration:u_top_simd|Downscale_SIMD:u_downscale|y_src_fp[0][15]                                                                     ;
; Top_General:u_top_general|Top_Downscale_Integration:u_top_simd|Downscale_SIMD:u_downscale|y_src_fp[1][8]                                                                        ; Merged with Top_General:u_top_general|Top_Downscale_Integration:u_top_simd|Downscale_SIMD:u_downscale|y_src_fp[1][15]                                                                     ;
; Top_General:u_top_general|Top_Downscale_Integration:u_top_simd|Downscale_SIMD:u_downscale|y_src_fp[2][8]                                                                        ; Merged with Top_General:u_top_general|Top_Downscale_Integration:u_top_simd|Downscale_SIMD:u_downscale|y_src_fp[2][15]                                                                     ;
; Top_General:u_top_general|Top_Downscale_Integration:u_top_simd|Downscale_SIMD:u_downscale|y_src_fp[3][8]                                                                        ; Merged with Top_General:u_top_general|Top_Downscale_Integration:u_top_simd|Downscale_SIMD:u_downscale|y_src_fp[3][15]                                                                     ;
; Top_General:u_top_general|Top_Downscale_Integration:u_top_simd|Downscale_SIMD:u_downscale|mem_rd_addr[0][1]                                                                     ; Stuck at GND due to stuck port data_in                                                                                                                                                    ;
; Top_General:u_top_general|Top_Downscale_Integration:u_top_simd|Downscale_SIMD:u_downscale|mem_rd_addr[1][2]                                                                     ; Stuck at GND due to stuck port data_in                                                                                                                                                    ;
; Top_General:u_top_general|Top_Downscale_Integration:u_top_simd|Downscale_SIMD:u_downscale|mem_rd_addr[2][1]                                                                     ; Stuck at GND due to stuck port data_in                                                                                                                                                    ;
; Top_General:u_top_general|Top_Downscale_Integration:u_top_simd|Downscale_SIMD:u_downscale|i_dst[1][6]                                                                           ; Stuck at GND due to stuck port data_in                                                                                                                                                    ;
; Top_General:u_top_general|Top_Downscale_Integration:u_top_simd|Downscale_SIMD:u_downscale|i_dst[2][6]                                                                           ; Stuck at GND due to stuck port data_in                                                                                                                                                    ;
; Top_General:u_top_general|Top_Downscale_Integration:u_top_simd|Downscale_SIMD:u_downscale|i_dst[3][6]                                                                           ; Stuck at GND due to stuck port data_in                                                                                                                                                    ;
; Top_General:u_top_general|Top_Downscale_Integration:u_top_simd|Downscale_SIMD:u_downscale|i_dst[0][6]                                                                           ; Stuck at GND due to stuck port data_in                                                                                                                                                    ;
; Top_General:u_top_general|Top_Downscale_Integration:u_top_simd|Downscale_SIMD:u_downscale|y_src_fp[3][15]                                                                       ; Stuck at GND due to stuck port data_in                                                                                                                                                    ;
; Top_General:u_top_general|Top_Downscale_Integration:u_top_simd|Downscale_SIMD:u_downscale|y_src_fp[2][15]                                                                       ; Stuck at GND due to stuck port data_in                                                                                                                                                    ;
; Top_General:u_top_general|Top_Downscale_Integration:u_top_simd|Downscale_SIMD:u_downscale|y_src_fp[0][15]                                                                       ; Stuck at GND due to stuck port data_in                                                                                                                                                    ;
; Top_General:u_top_general|Top_Downscale_Integration:u_top_simd|Downscale_SIMD:u_downscale|y_src_fp[1][15]                                                                       ; Stuck at GND due to stuck port data_in                                                                                                                                                    ;
; Top_General:u_top_general|Top_Downscale_Integration:u_top_simd|Downscale_SIMD:u_downscale|y_l[3][0]                                                                             ; Stuck at GND due to stuck port data_in                                                                                                                                                    ;
; Top_General:u_top_general|Top_Downscale_Integration:u_top_simd|Downscale_SIMD:u_downscale|y_l[2][0]                                                                             ; Stuck at GND due to stuck port data_in                                                                                                                                                    ;
; Top_General:u_top_general|Top_Downscale_Integration:u_top_simd|Downscale_SIMD:u_downscale|y_l[0][0]                                                                             ; Stuck at GND due to stuck port data_in                                                                                                                                                    ;
; Top_General:u_top_general|Top_Downscale_Integration:u_top_simd|Downscale_SIMD:u_downscale|y_l[1][0]                                                                             ; Stuck at GND due to stuck port data_in                                                                                                                                                    ;
; Top_General:u_top_general|Top_Downscale_Integration:u_top_simd|Downscale_SIMD:u_downscale|y_h[1][0]                                                                             ; Merged with Top_General:u_top_general|Top_Downscale_Integration:u_top_simd|Downscale_SIMD:u_downscale|x_h[1][0]                                                                           ;
; Top_General:u_top_general|Top_Downscale_Integration:u_top_simd|Downscale_SIMD:u_downscale|y_h[0][0]                                                                             ; Merged with Top_General:u_top_general|Top_Downscale_Integration:u_top_simd|Downscale_SIMD:u_downscale|x_h[0][0]                                                                           ;
; Top_General:u_top_general|Top_Downscale_Integration:u_top_simd|Downscale_SIMD:u_downscale|y_h[2][0]                                                                             ; Merged with Top_General:u_top_general|Top_Downscale_Integration:u_top_simd|Downscale_SIMD:u_downscale|x_h[2][0]                                                                           ;
; Top_General:u_top_general|Top_Downscale_Integration:u_top_simd|Downscale_SIMD:u_downscale|y_h[3][0]                                                                             ; Merged with Top_General:u_top_general|Top_Downscale_Integration:u_top_simd|Downscale_SIMD:u_downscale|x_h[3][0]                                                                           ;
; Top_General:u_top_general|Top_Downscale_Integration:u_top_simd|Downscale_SIMD:u_downscale|j_dst[3][0]                                                                           ; Merged with Top_General:u_top_general|Top_Downscale_Integration:u_top_simd|Downscale_SIMD:u_downscale|j_dst[2][1]                                                                         ;
; Top_General:u_top_general|Top_Downscale_Integration:u_top_simd|Downscale_SIMD:u_downscale|j_dst[2][1]                                                                           ; Merged with Top_General:u_top_general|Top_Downscale_Integration:u_top_simd|Downscale_SIMD:u_downscale|j_dst[1][0]                                                                         ;
; Top_General:u_top_general|Top_Downscale_Integration:u_top_simd|Downscale_SIMD:u_downscale|valid_lane[1..3]                                                                      ; Merged with Top_General:u_top_general|Top_Downscale_Integration:u_top_simd|Downscale_SIMD:u_downscale|valid_lane[0]                                                                       ;
; Top_General:u_top_general|Top_Downscale_Integration:u_top_simd|Downscale_SIMD:u_downscale|i_dst[0][5]                                                                           ; Merged with Top_General:u_top_general|Top_Downscale_Integration:u_top_simd|Downscale_SIMD:u_downscale|i_dst[1][5]                                                                         ;
; Top_General:u_top_general|Top_Downscale_Integration:u_top_simd|Downscale_SIMD:u_downscale|i_dst[2][5]                                                                           ; Merged with Top_General:u_top_general|Top_Downscale_Integration:u_top_simd|Downscale_SIMD:u_downscale|i_dst[1][5]                                                                         ;
; Top_General:u_top_general|Top_Downscale_Integration:u_top_simd|Downscale_SIMD:u_downscale|i_dst[3][5]                                                                           ; Merged with Top_General:u_top_general|Top_Downscale_Integration:u_top_simd|Downscale_SIMD:u_downscale|i_dst[1][5]                                                                         ;
; Top_General:u_top_general|Top_Downscale_Integration:u_top_simd|Downscale_SIMD:u_downscale|i_dst[0][4]                                                                           ; Merged with Top_General:u_top_general|Top_Downscale_Integration:u_top_simd|Downscale_SIMD:u_downscale|i_dst[1][4]                                                                         ;
; Top_General:u_top_general|Top_Downscale_Integration:u_top_simd|Downscale_SIMD:u_downscale|i_dst[2][4]                                                                           ; Merged with Top_General:u_top_general|Top_Downscale_Integration:u_top_simd|Downscale_SIMD:u_downscale|i_dst[1][4]                                                                         ;
; Top_General:u_top_general|Top_Downscale_Integration:u_top_simd|Downscale_SIMD:u_downscale|i_dst[3][4]                                                                           ; Merged with Top_General:u_top_general|Top_Downscale_Integration:u_top_simd|Downscale_SIMD:u_downscale|i_dst[1][4]                                                                         ;
; Top_General:u_top_general|Top_Downscale_Integration:u_top_simd|Downscale_SIMD:u_downscale|i_dst[0][3]                                                                           ; Merged with Top_General:u_top_general|Top_Downscale_Integration:u_top_simd|Downscale_SIMD:u_downscale|i_dst[1][3]                                                                         ;
; Top_General:u_top_general|Top_Downscale_Integration:u_top_simd|Downscale_SIMD:u_downscale|i_dst[2][3]                                                                           ; Merged with Top_General:u_top_general|Top_Downscale_Integration:u_top_simd|Downscale_SIMD:u_downscale|i_dst[1][3]                                                                         ;
; Top_General:u_top_general|Top_Downscale_Integration:u_top_simd|Downscale_SIMD:u_downscale|i_dst[3][3]                                                                           ; Merged with Top_General:u_top_general|Top_Downscale_Integration:u_top_simd|Downscale_SIMD:u_downscale|i_dst[1][3]                                                                         ;
; Top_General:u_top_general|Top_Downscale_Integration:u_top_simd|Downscale_SIMD:u_downscale|i_dst[0][2]                                                                           ; Merged with Top_General:u_top_general|Top_Downscale_Integration:u_top_simd|Downscale_SIMD:u_downscale|i_dst[1][2]                                                                         ;
; Top_General:u_top_general|Top_Downscale_Integration:u_top_simd|Downscale_SIMD:u_downscale|i_dst[2][2]                                                                           ; Merged with Top_General:u_top_general|Top_Downscale_Integration:u_top_simd|Downscale_SIMD:u_downscale|i_dst[1][2]                                                                         ;
; Top_General:u_top_general|Top_Downscale_Integration:u_top_simd|Downscale_SIMD:u_downscale|i_dst[3][2]                                                                           ; Merged with Top_General:u_top_general|Top_Downscale_Integration:u_top_simd|Downscale_SIMD:u_downscale|i_dst[1][2]                                                                         ;
; Top_General:u_top_general|Top_Downscale_Integration:u_top_simd|Downscale_SIMD:u_downscale|i_dst[0][1]                                                                           ; Merged with Top_General:u_top_general|Top_Downscale_Integration:u_top_simd|Downscale_SIMD:u_downscale|i_dst[1][1]                                                                         ;
; Top_General:u_top_general|Top_Downscale_Integration:u_top_simd|Downscale_SIMD:u_downscale|i_dst[2][1]                                                                           ; Merged with Top_General:u_top_general|Top_Downscale_Integration:u_top_simd|Downscale_SIMD:u_downscale|i_dst[1][1]                                                                         ;
; Top_General:u_top_general|Top_Downscale_Integration:u_top_simd|Downscale_SIMD:u_downscale|i_dst[3][1]                                                                           ; Merged with Top_General:u_top_general|Top_Downscale_Integration:u_top_simd|Downscale_SIMD:u_downscale|i_dst[1][1]                                                                         ;
; Top_General:u_top_general|Top_Downscale_Integration:u_top_simd|Downscale_SIMD:u_downscale|i_dst[0][0]                                                                           ; Merged with Top_General:u_top_general|Top_Downscale_Integration:u_top_simd|Downscale_SIMD:u_downscale|i_dst[1][0]                                                                         ;
; Top_General:u_top_general|Top_Downscale_Integration:u_top_simd|Downscale_SIMD:u_downscale|i_dst[2][0]                                                                           ; Merged with Top_General:u_top_general|Top_Downscale_Integration:u_top_simd|Downscale_SIMD:u_downscale|i_dst[1][0]                                                                         ;
; Top_General:u_top_general|Top_Downscale_Integration:u_top_simd|Downscale_SIMD:u_downscale|i_dst[3][0]                                                                           ; Merged with Top_General:u_top_general|Top_Downscale_Integration:u_top_simd|Downscale_SIMD:u_downscale|i_dst[1][0]                                                                         ;
; Top_General:u_top_general|Top_Downscale_Integration:u_top_simd|Downscale_SIMD:u_downscale|j_dst[0][5]                                                                           ; Merged with Top_General:u_top_general|Top_Downscale_Integration:u_top_simd|Downscale_SIMD:u_downscale|j_dst[1][5]                                                                         ;
; Top_General:u_top_general|Top_Downscale_Integration:u_top_simd|Downscale_SIMD:u_downscale|j_dst[2][5]                                                                           ; Merged with Top_General:u_top_general|Top_Downscale_Integration:u_top_simd|Downscale_SIMD:u_downscale|j_dst[1][5]                                                                         ;
; Top_General:u_top_general|Top_Downscale_Integration:u_top_simd|Downscale_SIMD:u_downscale|j_dst[3][5]                                                                           ; Merged with Top_General:u_top_general|Top_Downscale_Integration:u_top_simd|Downscale_SIMD:u_downscale|j_dst[1][5]                                                                         ;
; Top_General:u_top_general|Top_Downscale_Integration:u_top_simd|Downscale_SIMD:u_downscale|j_dst[0][4]                                                                           ; Merged with Top_General:u_top_general|Top_Downscale_Integration:u_top_simd|Downscale_SIMD:u_downscale|j_dst[1][4]                                                                         ;
; Top_General:u_top_general|Top_Downscale_Integration:u_top_simd|Downscale_SIMD:u_downscale|j_dst[2][4]                                                                           ; Merged with Top_General:u_top_general|Top_Downscale_Integration:u_top_simd|Downscale_SIMD:u_downscale|j_dst[1][4]                                                                         ;
; Top_General:u_top_general|Top_Downscale_Integration:u_top_simd|Downscale_SIMD:u_downscale|j_dst[3][4]                                                                           ; Merged with Top_General:u_top_general|Top_Downscale_Integration:u_top_simd|Downscale_SIMD:u_downscale|j_dst[1][4]                                                                         ;
; Top_General:u_top_general|Top_Downscale_Integration:u_top_simd|Downscale_SIMD:u_downscale|j_dst[0][3]                                                                           ; Merged with Top_General:u_top_general|Top_Downscale_Integration:u_top_simd|Downscale_SIMD:u_downscale|j_dst[1][3]                                                                         ;
; Top_General:u_top_general|Top_Downscale_Integration:u_top_simd|Downscale_SIMD:u_downscale|j_dst[2][3]                                                                           ; Merged with Top_General:u_top_general|Top_Downscale_Integration:u_top_simd|Downscale_SIMD:u_downscale|j_dst[1][3]                                                                         ;
; Top_General:u_top_general|Top_Downscale_Integration:u_top_simd|Downscale_SIMD:u_downscale|j_dst[3][3]                                                                           ; Merged with Top_General:u_top_general|Top_Downscale_Integration:u_top_simd|Downscale_SIMD:u_downscale|j_dst[1][3]                                                                         ;
; Top_General:u_top_general|Top_Downscale_Integration:u_top_simd|Downscale_SIMD:u_downscale|j_dst[0][2]                                                                           ; Merged with Top_General:u_top_general|Top_Downscale_Integration:u_top_simd|Downscale_SIMD:u_downscale|j_dst[1][2]                                                                         ;
; Top_General:u_top_general|Top_Downscale_Integration:u_top_simd|Downscale_SIMD:u_downscale|j_dst[2][2]                                                                           ; Merged with Top_General:u_top_general|Top_Downscale_Integration:u_top_simd|Downscale_SIMD:u_downscale|j_dst[1][2]                                                                         ;
; Top_General:u_top_general|Top_Downscale_Integration:u_top_simd|Downscale_SIMD:u_downscale|j_dst[3][2]                                                                           ; Merged with Top_General:u_top_general|Top_Downscale_Integration:u_top_simd|Downscale_SIMD:u_downscale|j_dst[1][2]                                                                         ;
; Top_General:u_top_general|Top_Downscale_Integration:u_top_simd|Downscale_SIMD:u_downscale|y_h[3][1]                                                                             ; Merged with Top_General:u_top_general|Top_Downscale_Integration:u_top_simd|Downscale_SIMD:u_downscale|beta_vec[3][2]                                                                      ;
; Top_General:u_top_general|Top_Downscale_Integration:u_top_simd|Downscale_SIMD:u_downscale|y_h[3][2]                                                                             ; Merged with Top_General:u_top_general|Top_Downscale_Integration:u_top_simd|Downscale_SIMD:u_downscale|beta_vec[3][3]                                                                      ;
; Top_General:u_top_general|Top_Downscale_Integration:u_top_simd|Downscale_SIMD:u_downscale|y_h[3][3]                                                                             ; Merged with Top_General:u_top_general|Top_Downscale_Integration:u_top_simd|Downscale_SIMD:u_downscale|beta_vec[3][4]                                                                      ;
; Top_General:u_top_general|Top_Downscale_Integration:u_top_simd|Downscale_SIMD:u_downscale|y_h[3][4]                                                                             ; Merged with Top_General:u_top_general|Top_Downscale_Integration:u_top_simd|Downscale_SIMD:u_downscale|beta_vec[3][5]                                                                      ;
; Top_General:u_top_general|Top_Downscale_Integration:u_top_simd|Downscale_SIMD:u_downscale|y_h[3][5]                                                                             ; Merged with Top_General:u_top_general|Top_Downscale_Integration:u_top_simd|Downscale_SIMD:u_downscale|beta_vec[3][6]                                                                      ;
; Top_General:u_top_general|Top_Downscale_Integration:u_top_simd|Downscale_SIMD:u_downscale|y_h[3][6]                                                                             ; Merged with Top_General:u_top_general|Top_Downscale_Integration:u_top_simd|Downscale_SIMD:u_downscale|beta_vec[3][7]                                                                      ;
; Top_General:u_top_general|Top_Downscale_Integration:u_top_simd|Downscale_SIMD:u_downscale|y_h[2][1]                                                                             ; Merged with Top_General:u_top_general|Top_Downscale_Integration:u_top_simd|Downscale_SIMD:u_downscale|beta_vec[2][2]                                                                      ;
; Top_General:u_top_general|Top_Downscale_Integration:u_top_simd|Downscale_SIMD:u_downscale|y_h[2][2]                                                                             ; Merged with Top_General:u_top_general|Top_Downscale_Integration:u_top_simd|Downscale_SIMD:u_downscale|beta_vec[2][3]                                                                      ;
; Top_General:u_top_general|Top_Downscale_Integration:u_top_simd|Downscale_SIMD:u_downscale|y_h[2][3]                                                                             ; Merged with Top_General:u_top_general|Top_Downscale_Integration:u_top_simd|Downscale_SIMD:u_downscale|beta_vec[2][4]                                                                      ;
; Top_General:u_top_general|Top_Downscale_Integration:u_top_simd|Downscale_SIMD:u_downscale|y_h[2][4]                                                                             ; Merged with Top_General:u_top_general|Top_Downscale_Integration:u_top_simd|Downscale_SIMD:u_downscale|beta_vec[2][5]                                                                      ;
; Top_General:u_top_general|Top_Downscale_Integration:u_top_simd|Downscale_SIMD:u_downscale|y_h[2][5]                                                                             ; Merged with Top_General:u_top_general|Top_Downscale_Integration:u_top_simd|Downscale_SIMD:u_downscale|beta_vec[2][6]                                                                      ;
; Top_General:u_top_general|Top_Downscale_Integration:u_top_simd|Downscale_SIMD:u_downscale|y_h[2][6]                                                                             ; Merged with Top_General:u_top_general|Top_Downscale_Integration:u_top_simd|Downscale_SIMD:u_downscale|beta_vec[2][7]                                                                      ;
; Top_General:u_top_general|Top_Downscale_Integration:u_top_simd|Downscale_SIMD:u_downscale|y_h[0][1]                                                                             ; Merged with Top_General:u_top_general|Top_Downscale_Integration:u_top_simd|Downscale_SIMD:u_downscale|beta_vec[0][2]                                                                      ;
; Top_General:u_top_general|Top_Downscale_Integration:u_top_simd|Downscale_SIMD:u_downscale|y_h[0][2]                                                                             ; Merged with Top_General:u_top_general|Top_Downscale_Integration:u_top_simd|Downscale_SIMD:u_downscale|beta_vec[0][3]                                                                      ;
; Top_General:u_top_general|Top_Downscale_Integration:u_top_simd|Downscale_SIMD:u_downscale|y_h[0][3]                                                                             ; Merged with Top_General:u_top_general|Top_Downscale_Integration:u_top_simd|Downscale_SIMD:u_downscale|beta_vec[0][4]                                                                      ;
; Top_General:u_top_general|Top_Downscale_Integration:u_top_simd|Downscale_SIMD:u_downscale|y_h[0][4]                                                                             ; Merged with Top_General:u_top_general|Top_Downscale_Integration:u_top_simd|Downscale_SIMD:u_downscale|beta_vec[0][5]                                                                      ;
; Top_General:u_top_general|Top_Downscale_Integration:u_top_simd|Downscale_SIMD:u_downscale|y_h[0][5]                                                                             ; Merged with Top_General:u_top_general|Top_Downscale_Integration:u_top_simd|Downscale_SIMD:u_downscale|beta_vec[0][6]                                                                      ;
; Top_General:u_top_general|Top_Downscale_Integration:u_top_simd|Downscale_SIMD:u_downscale|y_h[0][6]                                                                             ; Merged with Top_General:u_top_general|Top_Downscale_Integration:u_top_simd|Downscale_SIMD:u_downscale|beta_vec[0][7]                                                                      ;
; Top_General:u_top_general|Top_Downscale_Integration:u_top_simd|Downscale_SIMD:u_downscale|y_h[1][1]                                                                             ; Merged with Top_General:u_top_general|Top_Downscale_Integration:u_top_simd|Downscale_SIMD:u_downscale|beta_vec[1][2]                                                                      ;
; Top_General:u_top_general|Top_Downscale_Integration:u_top_simd|Downscale_SIMD:u_downscale|y_h[1][2]                                                                             ; Merged with Top_General:u_top_general|Top_Downscale_Integration:u_top_simd|Downscale_SIMD:u_downscale|beta_vec[1][3]                                                                      ;
; Top_General:u_top_general|Top_Downscale_Integration:u_top_simd|Downscale_SIMD:u_downscale|y_h[1][3]                                                                             ; Merged with Top_General:u_top_general|Top_Downscale_Integration:u_top_simd|Downscale_SIMD:u_downscale|beta_vec[1][4]                                                                      ;
; Top_General:u_top_general|Top_Downscale_Integration:u_top_simd|Downscale_SIMD:u_downscale|y_h[1][4]                                                                             ; Merged with Top_General:u_top_general|Top_Downscale_Integration:u_top_simd|Downscale_SIMD:u_downscale|beta_vec[1][5]                                                                      ;
; Top_General:u_top_general|Top_Downscale_Integration:u_top_simd|Downscale_SIMD:u_downscale|y_h[1][5]                                                                             ; Merged with Top_General:u_top_general|Top_Downscale_Integration:u_top_simd|Downscale_SIMD:u_downscale|beta_vec[1][6]                                                                      ;
; Top_General:u_top_general|Top_Downscale_Integration:u_top_simd|Downscale_SIMD:u_downscale|y_h[1][6]                                                                             ; Merged with Top_General:u_top_general|Top_Downscale_Integration:u_top_simd|Downscale_SIMD:u_downscale|beta_vec[1][7]                                                                      ;
; Top_General:u_top_general|Top_Downscale_Integration:u_top_simd|Downscale_SIMD:u_downscale|Top_SIMD:u_top_simd|ModoSIMD:simd_inst|ModoSecuencial:SIMD_CORES[2].core|pixel_out[0] ; Lost fanout                                                                                                                                                                               ;
; Top_General:u_top_general|Top_Downscale_Integration:u_top_simd|Downscale_SIMD:u_downscale|Top_SIMD:u_top_simd|ModoSIMD:simd_inst|ModoSecuencial:SIMD_CORES[1].core|pixel_out[0] ; Lost fanout                                                                                                                                                                               ;
; Top_General:u_top_general|Top_Downscale_Integration:u_top_simd|Downscale_SIMD:u_downscale|Top_SIMD:u_top_simd|ModoSIMD:simd_inst|ModoSecuencial:SIMD_CORES[2].core|pixel_out[1] ; Lost fanout                                                                                                                                                                               ;
; Top_General:u_top_general|Top_Downscale_Integration:u_top_simd|Downscale_SIMD:u_downscale|Top_SIMD:u_top_simd|ModoSIMD:simd_inst|ModoSecuencial:SIMD_CORES[1].core|pixel_out[1] ; Lost fanout                                                                                                                                                                               ;
; Top_General:u_top_general|Top_Downscale_Integration:u_top_simd|Downscale_SIMD:u_downscale|Top_SIMD:u_top_simd|ModoSIMD:simd_inst|ModoSecuencial:SIMD_CORES[2].core|pixel_out[2] ; Lost fanout                                                                                                                                                                               ;
; Top_General:u_top_general|Top_Downscale_Integration:u_top_simd|Downscale_SIMD:u_downscale|Top_SIMD:u_top_simd|ModoSIMD:simd_inst|ModoSecuencial:SIMD_CORES[1].core|pixel_out[2] ; Lost fanout                                                                                                                                                                               ;
; Top_General:u_top_general|Top_Downscale_Integration:u_top_simd|Downscale_SIMD:u_downscale|Top_SIMD:u_top_simd|ModoSIMD:simd_inst|ModoSecuencial:SIMD_CORES[2].core|pixel_out[3] ; Lost fanout                                                                                                                                                                               ;
; Top_General:u_top_general|Top_Downscale_Integration:u_top_simd|Downscale_SIMD:u_downscale|Top_SIMD:u_top_simd|ModoSIMD:simd_inst|ModoSecuencial:SIMD_CORES[1].core|pixel_out[3] ; Lost fanout                                                                                                                                                                               ;
; Top_General:u_top_general|Top_Downscale_Integration:u_top_simd|Downscale_SIMD:u_downscale|Top_SIMD:u_top_simd|ModoSIMD:simd_inst|ModoSecuencial:SIMD_CORES[2].core|pixel_out[4] ; Lost fanout                                                                                                                                                                               ;
; Top_General:u_top_general|Top_Downscale_Integration:u_top_simd|Downscale_SIMD:u_downscale|Top_SIMD:u_top_simd|ModoSIMD:simd_inst|ModoSecuencial:SIMD_CORES[1].core|pixel_out[4] ; Lost fanout                                                                                                                                                                               ;
; Top_General:u_top_general|Top_Downscale_Integration:u_top_simd|Downscale_SIMD:u_downscale|Top_SIMD:u_top_simd|ModoSIMD:simd_inst|ModoSecuencial:SIMD_CORES[2].core|pixel_out[5] ; Lost fanout                                                                                                                                                                               ;
; Top_General:u_top_general|Top_Downscale_Integration:u_top_simd|Downscale_SIMD:u_downscale|Top_SIMD:u_top_simd|ModoSIMD:simd_inst|ModoSecuencial:SIMD_CORES[1].core|pixel_out[5] ; Lost fanout                                                                                                                                                                               ;
; Top_General:u_top_general|Top_Downscale_Integration:u_top_simd|Downscale_SIMD:u_downscale|Top_SIMD:u_top_simd|ModoSIMD:simd_inst|ModoSecuencial:SIMD_CORES[2].core|pixel_out[6] ; Lost fanout                                                                                                                                                                               ;
; Top_General:u_top_general|Top_Downscale_Integration:u_top_simd|Downscale_SIMD:u_downscale|Top_SIMD:u_top_simd|ModoSIMD:simd_inst|ModoSecuencial:SIMD_CORES[1].core|pixel_out[6] ; Lost fanout                                                                                                                                                                               ;
; Top_General:u_top_general|Top_Downscale_Integration:u_top_simd|Downscale_SIMD:u_downscale|Top_SIMD:u_top_simd|ModoSIMD:simd_inst|ModoSecuencial:SIMD_CORES[2].core|pixel_out[7] ; Lost fanout                                                                                                                                                                               ;
; Top_General:u_top_general|Top_Downscale_Integration:u_top_simd|Downscale_SIMD:u_downscale|Top_SIMD:u_top_simd|SIMD_Registros:regs_inst|beta_r[2][2]                             ; Lost fanout                                                                                                                                                                               ;
; Top_General:u_top_general|Top_Downscale_Integration:u_top_simd|Downscale_SIMD:u_downscale|Top_SIMD:u_top_simd|SIMD_Registros:regs_inst|beta_r[2][3]                             ; Lost fanout                                                                                                                                                                               ;
; Top_General:u_top_general|Top_Downscale_Integration:u_top_simd|Downscale_SIMD:u_downscale|Top_SIMD:u_top_simd|SIMD_Registros:regs_inst|beta_r[2][4]                             ; Lost fanout                                                                                                                                                                               ;
; Top_General:u_top_general|Top_Downscale_Integration:u_top_simd|Downscale_SIMD:u_downscale|Top_SIMD:u_top_simd|SIMD_Registros:regs_inst|beta_r[2][5]                             ; Lost fanout                                                                                                                                                                               ;
; Top_General:u_top_general|Top_Downscale_Integration:u_top_simd|Downscale_SIMD:u_downscale|Top_SIMD:u_top_simd|SIMD_Registros:regs_inst|beta_r[2][6]                             ; Lost fanout                                                                                                                                                                               ;
; Top_General:u_top_general|Top_Downscale_Integration:u_top_simd|Downscale_SIMD:u_downscale|Top_SIMD:u_top_simd|SIMD_Registros:regs_inst|beta_r[2][7]                             ; Lost fanout                                                                                                                                                                               ;
; Top_General:u_top_general|Top_Downscale_Integration:u_top_simd|Downscale_SIMD:u_downscale|Top_SIMD:u_top_simd|SIMD_Registros:regs_inst|I10_r[2][0]                              ; Lost fanout                                                                                                                                                                               ;
; Top_General:u_top_general|Top_Downscale_Integration:u_top_simd|Downscale_SIMD:u_downscale|I10_vec[2][0]                                                                         ; Lost fanout                                                                                                                                                                               ;
; Top_General:u_top_general|Top_Downscale_Integration:u_top_simd|Downscale_SIMD:u_downscale|Top_SIMD:u_top_simd|SIMD_Registros:regs_inst|I00_r[2][0]                              ; Lost fanout                                                                                                                                                                               ;
; Top_General:u_top_general|Top_Downscale_Integration:u_top_simd|Downscale_SIMD:u_downscale|I00_vec[2][0]                                                                         ; Lost fanout                                                                                                                                                                               ;
; Top_General:u_top_general|Top_Downscale_Integration:u_top_simd|Downscale_SIMD:u_downscale|Top_SIMD:u_top_simd|SIMD_Registros:regs_inst|I10_r[2][1]                              ; Lost fanout                                                                                                                                                                               ;
; Top_General:u_top_general|Top_Downscale_Integration:u_top_simd|Downscale_SIMD:u_downscale|I10_vec[2][1]                                                                         ; Lost fanout                                                                                                                                                                               ;
; Top_General:u_top_general|Top_Downscale_Integration:u_top_simd|Downscale_SIMD:u_downscale|Top_SIMD:u_top_simd|SIMD_Registros:regs_inst|I00_r[2][1]                              ; Lost fanout                                                                                                                                                                               ;
; Top_General:u_top_general|Top_Downscale_Integration:u_top_simd|Downscale_SIMD:u_downscale|I00_vec[2][1]                                                                         ; Lost fanout                                                                                                                                                                               ;
; Top_General:u_top_general|Top_Downscale_Integration:u_top_simd|Downscale_SIMD:u_downscale|Top_SIMD:u_top_simd|SIMD_Registros:regs_inst|I10_r[2][2]                              ; Lost fanout                                                                                                                                                                               ;
; Top_General:u_top_general|Top_Downscale_Integration:u_top_simd|Downscale_SIMD:u_downscale|I10_vec[2][2]                                                                         ; Lost fanout                                                                                                                                                                               ;
; Top_General:u_top_general|Top_Downscale_Integration:u_top_simd|Downscale_SIMD:u_downscale|Top_SIMD:u_top_simd|SIMD_Registros:regs_inst|I00_r[2][2]                              ; Lost fanout                                                                                                                                                                               ;
; Top_General:u_top_general|Top_Downscale_Integration:u_top_simd|Downscale_SIMD:u_downscale|I00_vec[2][2]                                                                         ; Lost fanout                                                                                                                                                                               ;
; Top_General:u_top_general|Top_Downscale_Integration:u_top_simd|Downscale_SIMD:u_downscale|Top_SIMD:u_top_simd|SIMD_Registros:regs_inst|I10_r[2][3]                              ; Lost fanout                                                                                                                                                                               ;
; Top_General:u_top_general|Top_Downscale_Integration:u_top_simd|Downscale_SIMD:u_downscale|I10_vec[2][3]                                                                         ; Lost fanout                                                                                                                                                                               ;
; Top_General:u_top_general|Top_Downscale_Integration:u_top_simd|Downscale_SIMD:u_downscale|Top_SIMD:u_top_simd|SIMD_Registros:regs_inst|I00_r[2][3]                              ; Lost fanout                                                                                                                                                                               ;
; Top_General:u_top_general|Top_Downscale_Integration:u_top_simd|Downscale_SIMD:u_downscale|I00_vec[2][3]                                                                         ; Lost fanout                                                                                                                                                                               ;
; Top_General:u_top_general|Top_Downscale_Integration:u_top_simd|Downscale_SIMD:u_downscale|Top_SIMD:u_top_simd|SIMD_Registros:regs_inst|I10_r[2][4]                              ; Lost fanout                                                                                                                                                                               ;
; Top_General:u_top_general|Top_Downscale_Integration:u_top_simd|Downscale_SIMD:u_downscale|I10_vec[2][4]                                                                         ; Lost fanout                                                                                                                                                                               ;
; Top_General:u_top_general|Top_Downscale_Integration:u_top_simd|Downscale_SIMD:u_downscale|Top_SIMD:u_top_simd|SIMD_Registros:regs_inst|I00_r[2][4]                              ; Lost fanout                                                                                                                                                                               ;
; Top_General:u_top_general|Top_Downscale_Integration:u_top_simd|Downscale_SIMD:u_downscale|I00_vec[2][4]                                                                         ; Lost fanout                                                                                                                                                                               ;
; Top_General:u_top_general|Top_Downscale_Integration:u_top_simd|Downscale_SIMD:u_downscale|Top_SIMD:u_top_simd|SIMD_Registros:regs_inst|I10_r[2][5]                              ; Lost fanout                                                                                                                                                                               ;
; Top_General:u_top_general|Top_Downscale_Integration:u_top_simd|Downscale_SIMD:u_downscale|I10_vec[2][5]                                                                         ; Lost fanout                                                                                                                                                                               ;
; Top_General:u_top_general|Top_Downscale_Integration:u_top_simd|Downscale_SIMD:u_downscale|Top_SIMD:u_top_simd|SIMD_Registros:regs_inst|I00_r[2][5]                              ; Lost fanout                                                                                                                                                                               ;
; Top_General:u_top_general|Top_Downscale_Integration:u_top_simd|Downscale_SIMD:u_downscale|I00_vec[2][5]                                                                         ; Lost fanout                                                                                                                                                                               ;
; Top_General:u_top_general|Top_Downscale_Integration:u_top_simd|Downscale_SIMD:u_downscale|Top_SIMD:u_top_simd|SIMD_Registros:regs_inst|I10_r[2][6]                              ; Lost fanout                                                                                                                                                                               ;
; Top_General:u_top_general|Top_Downscale_Integration:u_top_simd|Downscale_SIMD:u_downscale|I10_vec[2][6]                                                                         ; Lost fanout                                                                                                                                                                               ;
; Top_General:u_top_general|Top_Downscale_Integration:u_top_simd|Downscale_SIMD:u_downscale|Top_SIMD:u_top_simd|SIMD_Registros:regs_inst|I00_r[2][6]                              ; Lost fanout                                                                                                                                                                               ;
; Top_General:u_top_general|Top_Downscale_Integration:u_top_simd|Downscale_SIMD:u_downscale|I00_vec[2][6]                                                                         ; Lost fanout                                                                                                                                                                               ;
; Top_General:u_top_general|Top_Downscale_Integration:u_top_simd|Downscale_SIMD:u_downscale|Top_SIMD:u_top_simd|SIMD_Registros:regs_inst|I10_r[2][7]                              ; Lost fanout                                                                                                                                                                               ;
; Top_General:u_top_general|Top_Downscale_Integration:u_top_simd|Downscale_SIMD:u_downscale|I10_vec[2][7]                                                                         ; Lost fanout                                                                                                                                                                               ;
; Top_General:u_top_general|Top_Downscale_Integration:u_top_simd|Downscale_SIMD:u_downscale|Top_SIMD:u_top_simd|SIMD_Registros:regs_inst|I00_r[2][7]                              ; Lost fanout                                                                                                                                                                               ;
; Top_General:u_top_general|Top_Downscale_Integration:u_top_simd|Downscale_SIMD:u_downscale|I00_vec[2][7]                                                                         ; Lost fanout                                                                                                                                                                               ;
; Top_General:u_top_general|Top_Downscale_Integration:u_top_simd|Downscale_SIMD:u_downscale|Top_SIMD:u_top_simd|SIMD_Registros:regs_inst|alpha_r[2][3]                            ; Lost fanout                                                                                                                                                                               ;
; Top_General:u_top_general|Top_Downscale_Integration:u_top_simd|Downscale_SIMD:u_downscale|Top_SIMD:u_top_simd|SIMD_Registros:regs_inst|alpha_r[2][4]                            ; Lost fanout                                                                                                                                                                               ;
; Top_General:u_top_general|Top_Downscale_Integration:u_top_simd|Downscale_SIMD:u_downscale|Top_SIMD:u_top_simd|SIMD_Registros:regs_inst|alpha_r[2][5]                            ; Lost fanout                                                                                                                                                                               ;
; Top_General:u_top_general|Top_Downscale_Integration:u_top_simd|Downscale_SIMD:u_downscale|Top_SIMD:u_top_simd|SIMD_Registros:regs_inst|alpha_r[2][6]                            ; Lost fanout                                                                                                                                                                               ;
; Top_General:u_top_general|Top_Downscale_Integration:u_top_simd|Downscale_SIMD:u_downscale|Top_SIMD:u_top_simd|SIMD_Registros:regs_inst|alpha_r[2][7]                            ; Lost fanout                                                                                                                                                                               ;
; Top_General:u_top_general|Top_Downscale_Integration:u_top_simd|Downscale_SIMD:u_downscale|Top_SIMD:u_top_simd|SIMD_Registros:regs_inst|I11_r[2][0]                              ; Lost fanout                                                                                                                                                                               ;
; Top_General:u_top_general|Top_Downscale_Integration:u_top_simd|Downscale_SIMD:u_downscale|I11_vec[2][0]                                                                         ; Lost fanout                                                                                                                                                                               ;
; Top_General:u_top_general|Top_Downscale_Integration:u_top_simd|Downscale_SIMD:u_downscale|Top_SIMD:u_top_simd|SIMD_Registros:regs_inst|I01_r[2][0]                              ; Lost fanout                                                                                                                                                                               ;
; Top_General:u_top_general|Top_Downscale_Integration:u_top_simd|Downscale_SIMD:u_downscale|I01_vec[2][0]                                                                         ; Lost fanout                                                                                                                                                                               ;
; Top_General:u_top_general|Top_Downscale_Integration:u_top_simd|Downscale_SIMD:u_downscale|Top_SIMD:u_top_simd|SIMD_Registros:regs_inst|I11_r[2][1]                              ; Lost fanout                                                                                                                                                                               ;
; Top_General:u_top_general|Top_Downscale_Integration:u_top_simd|Downscale_SIMD:u_downscale|I11_vec[2][1]                                                                         ; Lost fanout                                                                                                                                                                               ;
; Top_General:u_top_general|Top_Downscale_Integration:u_top_simd|Downscale_SIMD:u_downscale|Top_SIMD:u_top_simd|SIMD_Registros:regs_inst|I01_r[2][1]                              ; Lost fanout                                                                                                                                                                               ;
; Top_General:u_top_general|Top_Downscale_Integration:u_top_simd|Downscale_SIMD:u_downscale|I01_vec[2][1]                                                                         ; Lost fanout                                                                                                                                                                               ;
; Top_General:u_top_general|Top_Downscale_Integration:u_top_simd|Downscale_SIMD:u_downscale|Top_SIMD:u_top_simd|SIMD_Registros:regs_inst|I11_r[2][2]                              ; Lost fanout                                                                                                                                                                               ;
; Top_General:u_top_general|Top_Downscale_Integration:u_top_simd|Downscale_SIMD:u_downscale|I11_vec[2][2]                                                                         ; Lost fanout                                                                                                                                                                               ;
; Top_General:u_top_general|Top_Downscale_Integration:u_top_simd|Downscale_SIMD:u_downscale|Top_SIMD:u_top_simd|SIMD_Registros:regs_inst|I01_r[2][2]                              ; Lost fanout                                                                                                                                                                               ;
; Top_General:u_top_general|Top_Downscale_Integration:u_top_simd|Downscale_SIMD:u_downscale|I01_vec[2][2]                                                                         ; Lost fanout                                                                                                                                                                               ;
; Top_General:u_top_general|Top_Downscale_Integration:u_top_simd|Downscale_SIMD:u_downscale|Top_SIMD:u_top_simd|SIMD_Registros:regs_inst|I11_r[2][3]                              ; Lost fanout                                                                                                                                                                               ;
; Top_General:u_top_general|Top_Downscale_Integration:u_top_simd|Downscale_SIMD:u_downscale|I11_vec[2][3]                                                                         ; Lost fanout                                                                                                                                                                               ;
; Top_General:u_top_general|Top_Downscale_Integration:u_top_simd|Downscale_SIMD:u_downscale|Top_SIMD:u_top_simd|SIMD_Registros:regs_inst|I01_r[2][3]                              ; Lost fanout                                                                                                                                                                               ;
; Top_General:u_top_general|Top_Downscale_Integration:u_top_simd|Downscale_SIMD:u_downscale|I01_vec[2][3]                                                                         ; Lost fanout                                                                                                                                                                               ;
; Top_General:u_top_general|Top_Downscale_Integration:u_top_simd|Downscale_SIMD:u_downscale|Top_SIMD:u_top_simd|SIMD_Registros:regs_inst|I11_r[2][4]                              ; Lost fanout                                                                                                                                                                               ;
; Top_General:u_top_general|Top_Downscale_Integration:u_top_simd|Downscale_SIMD:u_downscale|I11_vec[2][4]                                                                         ; Lost fanout                                                                                                                                                                               ;
; Top_General:u_top_general|Top_Downscale_Integration:u_top_simd|Downscale_SIMD:u_downscale|Top_SIMD:u_top_simd|SIMD_Registros:regs_inst|I01_r[2][4]                              ; Lost fanout                                                                                                                                                                               ;
; Top_General:u_top_general|Top_Downscale_Integration:u_top_simd|Downscale_SIMD:u_downscale|I01_vec[2][4]                                                                         ; Lost fanout                                                                                                                                                                               ;
; Top_General:u_top_general|Top_Downscale_Integration:u_top_simd|Downscale_SIMD:u_downscale|Top_SIMD:u_top_simd|SIMD_Registros:regs_inst|I11_r[2][5]                              ; Lost fanout                                                                                                                                                                               ;
; Top_General:u_top_general|Top_Downscale_Integration:u_top_simd|Downscale_SIMD:u_downscale|I11_vec[2][5]                                                                         ; Lost fanout                                                                                                                                                                               ;
; Top_General:u_top_general|Top_Downscale_Integration:u_top_simd|Downscale_SIMD:u_downscale|Top_SIMD:u_top_simd|SIMD_Registros:regs_inst|I01_r[2][5]                              ; Lost fanout                                                                                                                                                                               ;
; Top_General:u_top_general|Top_Downscale_Integration:u_top_simd|Downscale_SIMD:u_downscale|I01_vec[2][5]                                                                         ; Lost fanout                                                                                                                                                                               ;
; Top_General:u_top_general|Top_Downscale_Integration:u_top_simd|Downscale_SIMD:u_downscale|Top_SIMD:u_top_simd|SIMD_Registros:regs_inst|I11_r[2][6]                              ; Lost fanout                                                                                                                                                                               ;
; Top_General:u_top_general|Top_Downscale_Integration:u_top_simd|Downscale_SIMD:u_downscale|I11_vec[2][6]                                                                         ; Lost fanout                                                                                                                                                                               ;
; Top_General:u_top_general|Top_Downscale_Integration:u_top_simd|Downscale_SIMD:u_downscale|Top_SIMD:u_top_simd|SIMD_Registros:regs_inst|I01_r[2][6]                              ; Lost fanout                                                                                                                                                                               ;
; Top_General:u_top_general|Top_Downscale_Integration:u_top_simd|Downscale_SIMD:u_downscale|I01_vec[2][6]                                                                         ; Lost fanout                                                                                                                                                                               ;
; Top_General:u_top_general|Top_Downscale_Integration:u_top_simd|Downscale_SIMD:u_downscale|Top_SIMD:u_top_simd|SIMD_Registros:regs_inst|I11_r[2][7]                              ; Lost fanout                                                                                                                                                                               ;
; Top_General:u_top_general|Top_Downscale_Integration:u_top_simd|Downscale_SIMD:u_downscale|I11_vec[2][7]                                                                         ; Lost fanout                                                                                                                                                                               ;
; Top_General:u_top_general|Top_Downscale_Integration:u_top_simd|Downscale_SIMD:u_downscale|Top_SIMD:u_top_simd|SIMD_Registros:regs_inst|I01_r[2][7]                              ; Lost fanout                                                                                                                                                                               ;
; Top_General:u_top_general|Top_Downscale_Integration:u_top_simd|Downscale_SIMD:u_downscale|I01_vec[2][7]                                                                         ; Lost fanout                                                                                                                                                                               ;
; Top_General:u_top_general|Top_Downscale_Integration:u_top_simd|ImageMemory_SIMDPort:u_image_memory|_~2                                                                          ; Lost fanout                                                                                                                                                                               ;
; Top_General:u_top_general|Top_Downscale_Integration:u_top_simd|Downscale_SIMD:u_downscale|mem_rd_addr[2][2]                                                                     ; Lost fanout                                                                                                                                                                               ;
; Top_General:u_top_general|Top_Downscale_Integration:u_top_simd|Downscale_SIMD:u_downscale|alpha_vec[2][3]                                                                       ; Lost fanout                                                                                                                                                                               ;
; Top_General:u_top_general|Top_Downscale_Integration:u_top_simd|Downscale_SIMD:u_downscale|x_src_fp[2][10]                                                                       ; Lost fanout                                                                                                                                                                               ;
; Top_General:u_top_general|Top_Downscale_Integration:u_top_simd|Downscale_SIMD:u_downscale|mem_rd_addr[2][3]                                                                     ; Lost fanout                                                                                                                                                                               ;
; Top_General:u_top_general|Top_Downscale_Integration:u_top_simd|Downscale_SIMD:u_downscale|alpha_vec[2][4]                                                                       ; Lost fanout                                                                                                                                                                               ;
; Top_General:u_top_general|Top_Downscale_Integration:u_top_simd|Downscale_SIMD:u_downscale|x_src_fp[2][11]                                                                       ; Lost fanout                                                                                                                                                                               ;
; Top_General:u_top_general|Top_Downscale_Integration:u_top_simd|Downscale_SIMD:u_downscale|mem_rd_addr[2][4]                                                                     ; Lost fanout                                                                                                                                                                               ;
; Top_General:u_top_general|Top_Downscale_Integration:u_top_simd|Downscale_SIMD:u_downscale|alpha_vec[2][5]                                                                       ; Lost fanout                                                                                                                                                                               ;
; Top_General:u_top_general|Top_Downscale_Integration:u_top_simd|Downscale_SIMD:u_downscale|x_src_fp[2][12]                                                                       ; Lost fanout                                                                                                                                                                               ;
; Top_General:u_top_general|Top_Downscale_Integration:u_top_simd|Downscale_SIMD:u_downscale|mem_rd_addr[2][5]                                                                     ; Lost fanout                                                                                                                                                                               ;
; Top_General:u_top_general|Top_Downscale_Integration:u_top_simd|Downscale_SIMD:u_downscale|alpha_vec[2][6]                                                                       ; Lost fanout                                                                                                                                                                               ;
; Top_General:u_top_general|Top_Downscale_Integration:u_top_simd|Downscale_SIMD:u_downscale|x_src_fp[2][13]                                                                       ; Lost fanout                                                                                                                                                                               ;
; Top_General:u_top_general|Top_Downscale_Integration:u_top_simd|Downscale_SIMD:u_downscale|mem_rd_addr[2][6]                                                                     ; Lost fanout                                                                                                                                                                               ;
; Top_General:u_top_general|Top_Downscale_Integration:u_top_simd|Downscale_SIMD:u_downscale|alpha_vec[2][7]                                                                       ; Lost fanout                                                                                                                                                                               ;
; Top_General:u_top_general|Top_Downscale_Integration:u_top_simd|Downscale_SIMD:u_downscale|x_src_fp[2][14]                                                                       ; Lost fanout                                                                                                                                                                               ;
; Top_General:u_top_general|Top_Downscale_Integration:u_top_simd|Downscale_SIMD:u_downscale|mem_rd_addr[2][7]                                                                     ; Lost fanout                                                                                                                                                                               ;
; Top_General:u_top_general|Top_Downscale_Integration:u_top_simd|Downscale_SIMD:u_downscale|mem_rd_addr[2][8]                                                                     ; Lost fanout                                                                                                                                                                               ;
; Top_General:u_top_general|Top_Downscale_Integration:u_top_simd|Downscale_SIMD:u_downscale|beta_vec[2][2]                                                                        ; Lost fanout                                                                                                                                                                               ;
; Top_General:u_top_general|Top_Downscale_Integration:u_top_simd|Downscale_SIMD:u_downscale|y_src_fp[2][2]                                                                        ; Lost fanout                                                                                                                                                                               ;
; Top_General:u_top_general|Top_Downscale_Integration:u_top_simd|Downscale_SIMD:u_downscale|mem_rd_addr[2][9]                                                                     ; Lost fanout                                                                                                                                                                               ;
; Top_General:u_top_general|Top_Downscale_Integration:u_top_simd|Downscale_SIMD:u_downscale|beta_vec[2][3]                                                                        ; Lost fanout                                                                                                                                                                               ;
; Top_General:u_top_general|Top_Downscale_Integration:u_top_simd|Downscale_SIMD:u_downscale|y_src_fp[2][10]                                                                       ; Lost fanout                                                                                                                                                                               ;
; Top_General:u_top_general|Top_Downscale_Integration:u_top_simd|Downscale_SIMD:u_downscale|mem_rd_addr[2][10]                                                                    ; Lost fanout                                                                                                                                                                               ;
; Top_General:u_top_general|Top_Downscale_Integration:u_top_simd|Downscale_SIMD:u_downscale|beta_vec[2][4]                                                                        ; Lost fanout                                                                                                                                                                               ;
; Top_General:u_top_general|Top_Downscale_Integration:u_top_simd|Downscale_SIMD:u_downscale|y_src_fp[2][11]                                                                       ; Lost fanout                                                                                                                                                                               ;
; Top_General:u_top_general|Top_Downscale_Integration:u_top_simd|Downscale_SIMD:u_downscale|mem_rd_addr[2][11]                                                                    ; Lost fanout                                                                                                                                                                               ;
; Top_General:u_top_general|Top_Downscale_Integration:u_top_simd|Downscale_SIMD:u_downscale|beta_vec[2][5]                                                                        ; Lost fanout                                                                                                                                                                               ;
; Top_General:u_top_general|Top_Downscale_Integration:u_top_simd|Downscale_SIMD:u_downscale|y_src_fp[2][12]                                                                       ; Lost fanout                                                                                                                                                                               ;
; Top_General:u_top_general|Top_Downscale_Integration:u_top_simd|Downscale_SIMD:u_downscale|mem_rd_addr[2][12]                                                                    ; Lost fanout                                                                                                                                                                               ;
; Top_General:u_top_general|Top_Downscale_Integration:u_top_simd|Downscale_SIMD:u_downscale|beta_vec[2][6]                                                                        ; Lost fanout                                                                                                                                                                               ;
; Top_General:u_top_general|Top_Downscale_Integration:u_top_simd|Downscale_SIMD:u_downscale|y_src_fp[2][13]                                                                       ; Lost fanout                                                                                                                                                                               ;
; Top_General:u_top_general|Top_Downscale_Integration:u_top_simd|ImageMemory_SIMDPort:u_image_memory|altsyncram:memory[0][7]__3|altsyncram_s9k1:auto_generated|address_reg_b[0]   ; Lost fanout                                                                                                                                                                               ;
; Top_General:u_top_general|Top_Downscale_Integration:u_top_simd|Downscale_SIMD:u_downscale|mem_rd_addr[2][13]                                                                    ; Lost fanout                                                                                                                                                                               ;
; Top_General:u_top_general|Top_Downscale_Integration:u_top_simd|Downscale_SIMD:u_downscale|beta_vec[2][7]                                                                        ; Lost fanout                                                                                                                                                                               ;
; Top_General:u_top_general|Top_Downscale_Integration:u_top_simd|Downscale_SIMD:u_downscale|y_src_fp[2][14]                                                                       ; Lost fanout                                                                                                                                                                               ;
; Top_General:u_top_general|Top_Downscale_Integration:u_top_simd|Downscale_SIMD:u_downscale|Top_SIMD:u_top_simd|ModoSIMD:simd_inst|ModoSecuencial:SIMD_CORES[1].core|pixel_out[7] ; Lost fanout                                                                                                                                                                               ;
; Top_General:u_top_general|Top_Downscale_Integration:u_top_simd|Downscale_SIMD:u_downscale|Top_SIMD:u_top_simd|SIMD_Registros:regs_inst|beta_r[1][2]                             ; Lost fanout                                                                                                                                                                               ;
; Top_General:u_top_general|Top_Downscale_Integration:u_top_simd|Downscale_SIMD:u_downscale|Top_SIMD:u_top_simd|SIMD_Registros:regs_inst|beta_r[1][3]                             ; Lost fanout                                                                                                                                                                               ;
; Top_General:u_top_general|Top_Downscale_Integration:u_top_simd|Downscale_SIMD:u_downscale|Top_SIMD:u_top_simd|SIMD_Registros:regs_inst|beta_r[1][4]                             ; Lost fanout                                                                                                                                                                               ;
; Top_General:u_top_general|Top_Downscale_Integration:u_top_simd|Downscale_SIMD:u_downscale|Top_SIMD:u_top_simd|SIMD_Registros:regs_inst|beta_r[1][5]                             ; Lost fanout                                                                                                                                                                               ;
; Top_General:u_top_general|Top_Downscale_Integration:u_top_simd|Downscale_SIMD:u_downscale|Top_SIMD:u_top_simd|SIMD_Registros:regs_inst|beta_r[1][6]                             ; Lost fanout                                                                                                                                                                               ;
; Top_General:u_top_general|Top_Downscale_Integration:u_top_simd|Downscale_SIMD:u_downscale|Top_SIMD:u_top_simd|SIMD_Registros:regs_inst|beta_r[1][7]                             ; Lost fanout                                                                                                                                                                               ;
; Top_General:u_top_general|Top_Downscale_Integration:u_top_simd|Downscale_SIMD:u_downscale|Top_SIMD:u_top_simd|SIMD_Registros:regs_inst|I10_r[1][0]                              ; Lost fanout                                                                                                                                                                               ;
; Top_General:u_top_general|Top_Downscale_Integration:u_top_simd|Downscale_SIMD:u_downscale|I10_vec[1][0]                                                                         ; Lost fanout                                                                                                                                                                               ;
; Top_General:u_top_general|Top_Downscale_Integration:u_top_simd|Downscale_SIMD:u_downscale|Top_SIMD:u_top_simd|SIMD_Registros:regs_inst|I00_r[1][0]                              ; Lost fanout                                                                                                                                                                               ;
; Top_General:u_top_general|Top_Downscale_Integration:u_top_simd|Downscale_SIMD:u_downscale|I00_vec[1][0]                                                                         ; Lost fanout                                                                                                                                                                               ;
; Top_General:u_top_general|Top_Downscale_Integration:u_top_simd|Downscale_SIMD:u_downscale|Top_SIMD:u_top_simd|SIMD_Registros:regs_inst|I10_r[1][1]                              ; Lost fanout                                                                                                                                                                               ;
; Top_General:u_top_general|Top_Downscale_Integration:u_top_simd|Downscale_SIMD:u_downscale|I10_vec[1][1]                                                                         ; Lost fanout                                                                                                                                                                               ;
; Top_General:u_top_general|Top_Downscale_Integration:u_top_simd|Downscale_SIMD:u_downscale|Top_SIMD:u_top_simd|SIMD_Registros:regs_inst|I00_r[1][1]                              ; Lost fanout                                                                                                                                                                               ;
; Top_General:u_top_general|Top_Downscale_Integration:u_top_simd|Downscale_SIMD:u_downscale|I00_vec[1][1]                                                                         ; Lost fanout                                                                                                                                                                               ;
; Top_General:u_top_general|Top_Downscale_Integration:u_top_simd|Downscale_SIMD:u_downscale|Top_SIMD:u_top_simd|SIMD_Registros:regs_inst|I10_r[1][2]                              ; Lost fanout                                                                                                                                                                               ;
; Top_General:u_top_general|Top_Downscale_Integration:u_top_simd|Downscale_SIMD:u_downscale|I10_vec[1][2]                                                                         ; Lost fanout                                                                                                                                                                               ;
; Top_General:u_top_general|Top_Downscale_Integration:u_top_simd|Downscale_SIMD:u_downscale|Top_SIMD:u_top_simd|SIMD_Registros:regs_inst|I00_r[1][2]                              ; Lost fanout                                                                                                                                                                               ;
; Top_General:u_top_general|Top_Downscale_Integration:u_top_simd|Downscale_SIMD:u_downscale|I00_vec[1][2]                                                                         ; Lost fanout                                                                                                                                                                               ;
; Top_General:u_top_general|Top_Downscale_Integration:u_top_simd|Downscale_SIMD:u_downscale|Top_SIMD:u_top_simd|SIMD_Registros:regs_inst|I10_r[1][3]                              ; Lost fanout                                                                                                                                                                               ;
; Top_General:u_top_general|Top_Downscale_Integration:u_top_simd|Downscale_SIMD:u_downscale|I10_vec[1][3]                                                                         ; Lost fanout                                                                                                                                                                               ;
; Top_General:u_top_general|Top_Downscale_Integration:u_top_simd|Downscale_SIMD:u_downscale|Top_SIMD:u_top_simd|SIMD_Registros:regs_inst|I00_r[1][3]                              ; Lost fanout                                                                                                                                                                               ;
; Top_General:u_top_general|Top_Downscale_Integration:u_top_simd|Downscale_SIMD:u_downscale|I00_vec[1][3]                                                                         ; Lost fanout                                                                                                                                                                               ;
; Top_General:u_top_general|Top_Downscale_Integration:u_top_simd|Downscale_SIMD:u_downscale|Top_SIMD:u_top_simd|SIMD_Registros:regs_inst|I10_r[1][4]                              ; Lost fanout                                                                                                                                                                               ;
; Top_General:u_top_general|Top_Downscale_Integration:u_top_simd|Downscale_SIMD:u_downscale|I10_vec[1][4]                                                                         ; Lost fanout                                                                                                                                                                               ;
; Top_General:u_top_general|Top_Downscale_Integration:u_top_simd|Downscale_SIMD:u_downscale|Top_SIMD:u_top_simd|SIMD_Registros:regs_inst|I00_r[1][4]                              ; Lost fanout                                                                                                                                                                               ;
; Top_General:u_top_general|Top_Downscale_Integration:u_top_simd|Downscale_SIMD:u_downscale|I00_vec[1][4]                                                                         ; Lost fanout                                                                                                                                                                               ;
; Top_General:u_top_general|Top_Downscale_Integration:u_top_simd|Downscale_SIMD:u_downscale|Top_SIMD:u_top_simd|SIMD_Registros:regs_inst|I10_r[1][5]                              ; Lost fanout                                                                                                                                                                               ;
; Top_General:u_top_general|Top_Downscale_Integration:u_top_simd|Downscale_SIMD:u_downscale|I10_vec[1][5]                                                                         ; Lost fanout                                                                                                                                                                               ;
; Top_General:u_top_general|Top_Downscale_Integration:u_top_simd|Downscale_SIMD:u_downscale|Top_SIMD:u_top_simd|SIMD_Registros:regs_inst|I00_r[1][5]                              ; Lost fanout                                                                                                                                                                               ;
; Top_General:u_top_general|Top_Downscale_Integration:u_top_simd|Downscale_SIMD:u_downscale|I00_vec[1][5]                                                                         ; Lost fanout                                                                                                                                                                               ;
; Top_General:u_top_general|Top_Downscale_Integration:u_top_simd|Downscale_SIMD:u_downscale|Top_SIMD:u_top_simd|SIMD_Registros:regs_inst|I10_r[1][6]                              ; Lost fanout                                                                                                                                                                               ;
; Top_General:u_top_general|Top_Downscale_Integration:u_top_simd|Downscale_SIMD:u_downscale|I10_vec[1][6]                                                                         ; Lost fanout                                                                                                                                                                               ;
; Top_General:u_top_general|Top_Downscale_Integration:u_top_simd|Downscale_SIMD:u_downscale|Top_SIMD:u_top_simd|SIMD_Registros:regs_inst|I00_r[1][6]                              ; Lost fanout                                                                                                                                                                               ;
; Top_General:u_top_general|Top_Downscale_Integration:u_top_simd|Downscale_SIMD:u_downscale|I00_vec[1][6]                                                                         ; Lost fanout                                                                                                                                                                               ;
; Top_General:u_top_general|Top_Downscale_Integration:u_top_simd|Downscale_SIMD:u_downscale|Top_SIMD:u_top_simd|SIMD_Registros:regs_inst|I10_r[1][7]                              ; Lost fanout                                                                                                                                                                               ;
; Top_General:u_top_general|Top_Downscale_Integration:u_top_simd|Downscale_SIMD:u_downscale|I10_vec[1][7]                                                                         ; Lost fanout                                                                                                                                                                               ;
; Top_General:u_top_general|Top_Downscale_Integration:u_top_simd|Downscale_SIMD:u_downscale|Top_SIMD:u_top_simd|SIMD_Registros:regs_inst|I00_r[1][7]                              ; Lost fanout                                                                                                                                                                               ;
; Top_General:u_top_general|Top_Downscale_Integration:u_top_simd|Downscale_SIMD:u_downscale|I00_vec[1][7]                                                                         ; Lost fanout                                                                                                                                                                               ;
; Top_General:u_top_general|Top_Downscale_Integration:u_top_simd|Downscale_SIMD:u_downscale|Top_SIMD:u_top_simd|SIMD_Registros:regs_inst|alpha_r[1][2]                            ; Lost fanout                                                                                                                                                                               ;
; Top_General:u_top_general|Top_Downscale_Integration:u_top_simd|Downscale_SIMD:u_downscale|Top_SIMD:u_top_simd|SIMD_Registros:regs_inst|alpha_r[1][4]                            ; Lost fanout                                                                                                                                                                               ;
; Top_General:u_top_general|Top_Downscale_Integration:u_top_simd|Downscale_SIMD:u_downscale|Top_SIMD:u_top_simd|SIMD_Registros:regs_inst|alpha_r[1][5]                            ; Lost fanout                                                                                                                                                                               ;
; Top_General:u_top_general|Top_Downscale_Integration:u_top_simd|Downscale_SIMD:u_downscale|Top_SIMD:u_top_simd|SIMD_Registros:regs_inst|alpha_r[1][6]                            ; Lost fanout                                                                                                                                                                               ;
; Top_General:u_top_general|Top_Downscale_Integration:u_top_simd|Downscale_SIMD:u_downscale|Top_SIMD:u_top_simd|SIMD_Registros:regs_inst|alpha_r[1][7]                            ; Lost fanout                                                                                                                                                                               ;
; Top_General:u_top_general|Top_Downscale_Integration:u_top_simd|Downscale_SIMD:u_downscale|Top_SIMD:u_top_simd|SIMD_Registros:regs_inst|I11_r[1][0]                              ; Lost fanout                                                                                                                                                                               ;
; Top_General:u_top_general|Top_Downscale_Integration:u_top_simd|Downscale_SIMD:u_downscale|I11_vec[1][0]                                                                         ; Lost fanout                                                                                                                                                                               ;
; Top_General:u_top_general|Top_Downscale_Integration:u_top_simd|Downscale_SIMD:u_downscale|Top_SIMD:u_top_simd|SIMD_Registros:regs_inst|I01_r[1][0]                              ; Lost fanout                                                                                                                                                                               ;
; Top_General:u_top_general|Top_Downscale_Integration:u_top_simd|Downscale_SIMD:u_downscale|I01_vec[1][0]                                                                         ; Lost fanout                                                                                                                                                                               ;
; Top_General:u_top_general|Top_Downscale_Integration:u_top_simd|Downscale_SIMD:u_downscale|Top_SIMD:u_top_simd|SIMD_Registros:regs_inst|I11_r[1][1]                              ; Lost fanout                                                                                                                                                                               ;
; Top_General:u_top_general|Top_Downscale_Integration:u_top_simd|Downscale_SIMD:u_downscale|I11_vec[1][1]                                                                         ; Lost fanout                                                                                                                                                                               ;
; Top_General:u_top_general|Top_Downscale_Integration:u_top_simd|Downscale_SIMD:u_downscale|Top_SIMD:u_top_simd|SIMD_Registros:regs_inst|I01_r[1][1]                              ; Lost fanout                                                                                                                                                                               ;
; Top_General:u_top_general|Top_Downscale_Integration:u_top_simd|Downscale_SIMD:u_downscale|I01_vec[1][1]                                                                         ; Lost fanout                                                                                                                                                                               ;
; Top_General:u_top_general|Top_Downscale_Integration:u_top_simd|Downscale_SIMD:u_downscale|Top_SIMD:u_top_simd|SIMD_Registros:regs_inst|I11_r[1][2]                              ; Lost fanout                                                                                                                                                                               ;
; Top_General:u_top_general|Top_Downscale_Integration:u_top_simd|Downscale_SIMD:u_downscale|I11_vec[1][2]                                                                         ; Lost fanout                                                                                                                                                                               ;
; Top_General:u_top_general|Top_Downscale_Integration:u_top_simd|Downscale_SIMD:u_downscale|Top_SIMD:u_top_simd|SIMD_Registros:regs_inst|I01_r[1][2]                              ; Lost fanout                                                                                                                                                                               ;
; Top_General:u_top_general|Top_Downscale_Integration:u_top_simd|Downscale_SIMD:u_downscale|I01_vec[1][2]                                                                         ; Lost fanout                                                                                                                                                                               ;
; Top_General:u_top_general|Top_Downscale_Integration:u_top_simd|Downscale_SIMD:u_downscale|Top_SIMD:u_top_simd|SIMD_Registros:regs_inst|I11_r[1][3]                              ; Lost fanout                                                                                                                                                                               ;
; Top_General:u_top_general|Top_Downscale_Integration:u_top_simd|Downscale_SIMD:u_downscale|I11_vec[1][3]                                                                         ; Lost fanout                                                                                                                                                                               ;
; Top_General:u_top_general|Top_Downscale_Integration:u_top_simd|Downscale_SIMD:u_downscale|Top_SIMD:u_top_simd|SIMD_Registros:regs_inst|I01_r[1][3]                              ; Lost fanout                                                                                                                                                                               ;
; Top_General:u_top_general|Top_Downscale_Integration:u_top_simd|Downscale_SIMD:u_downscale|I01_vec[1][3]                                                                         ; Lost fanout                                                                                                                                                                               ;
; Top_General:u_top_general|Top_Downscale_Integration:u_top_simd|Downscale_SIMD:u_downscale|Top_SIMD:u_top_simd|SIMD_Registros:regs_inst|I11_r[1][4]                              ; Lost fanout                                                                                                                                                                               ;
; Top_General:u_top_general|Top_Downscale_Integration:u_top_simd|Downscale_SIMD:u_downscale|I11_vec[1][4]                                                                         ; Lost fanout                                                                                                                                                                               ;
; Top_General:u_top_general|Top_Downscale_Integration:u_top_simd|Downscale_SIMD:u_downscale|Top_SIMD:u_top_simd|SIMD_Registros:regs_inst|I01_r[1][4]                              ; Lost fanout                                                                                                                                                                               ;
; Top_General:u_top_general|Top_Downscale_Integration:u_top_simd|Downscale_SIMD:u_downscale|I01_vec[1][4]                                                                         ; Lost fanout                                                                                                                                                                               ;
; Top_General:u_top_general|Top_Downscale_Integration:u_top_simd|Downscale_SIMD:u_downscale|Top_SIMD:u_top_simd|SIMD_Registros:regs_inst|I11_r[1][5]                              ; Lost fanout                                                                                                                                                                               ;
; Top_General:u_top_general|Top_Downscale_Integration:u_top_simd|Downscale_SIMD:u_downscale|I11_vec[1][5]                                                                         ; Lost fanout                                                                                                                                                                               ;
; Top_General:u_top_general|Top_Downscale_Integration:u_top_simd|Downscale_SIMD:u_downscale|Top_SIMD:u_top_simd|SIMD_Registros:regs_inst|I01_r[1][5]                              ; Lost fanout                                                                                                                                                                               ;
; Top_General:u_top_general|Top_Downscale_Integration:u_top_simd|Downscale_SIMD:u_downscale|I01_vec[1][5]                                                                         ; Lost fanout                                                                                                                                                                               ;
; Top_General:u_top_general|Top_Downscale_Integration:u_top_simd|Downscale_SIMD:u_downscale|Top_SIMD:u_top_simd|SIMD_Registros:regs_inst|I11_r[1][6]                              ; Lost fanout                                                                                                                                                                               ;
; Top_General:u_top_general|Top_Downscale_Integration:u_top_simd|Downscale_SIMD:u_downscale|I11_vec[1][6]                                                                         ; Lost fanout                                                                                                                                                                               ;
; Top_General:u_top_general|Top_Downscale_Integration:u_top_simd|Downscale_SIMD:u_downscale|Top_SIMD:u_top_simd|SIMD_Registros:regs_inst|I01_r[1][6]                              ; Lost fanout                                                                                                                                                                               ;
; Top_General:u_top_general|Top_Downscale_Integration:u_top_simd|Downscale_SIMD:u_downscale|I01_vec[1][6]                                                                         ; Lost fanout                                                                                                                                                                               ;
; Top_General:u_top_general|Top_Downscale_Integration:u_top_simd|Downscale_SIMD:u_downscale|Top_SIMD:u_top_simd|SIMD_Registros:regs_inst|I11_r[1][7]                              ; Lost fanout                                                                                                                                                                               ;
; Top_General:u_top_general|Top_Downscale_Integration:u_top_simd|Downscale_SIMD:u_downscale|I11_vec[1][7]                                                                         ; Lost fanout                                                                                                                                                                               ;
; Top_General:u_top_general|Top_Downscale_Integration:u_top_simd|Downscale_SIMD:u_downscale|Top_SIMD:u_top_simd|SIMD_Registros:regs_inst|I01_r[1][7]                              ; Lost fanout                                                                                                                                                                               ;
; Top_General:u_top_general|Top_Downscale_Integration:u_top_simd|Downscale_SIMD:u_downscale|I01_vec[1][7]                                                                         ; Lost fanout                                                                                                                                                                               ;
; Top_General:u_top_general|Top_Downscale_Integration:u_top_simd|ImageMemory_SIMDPort:u_image_memory|_~1                                                                          ; Lost fanout                                                                                                                                                                               ;
; Top_General:u_top_general|Top_Downscale_Integration:u_top_simd|Downscale_SIMD:u_downscale|mem_rd_addr[1][1]                                                                     ; Lost fanout                                                                                                                                                                               ;
; Top_General:u_top_general|Top_Downscale_Integration:u_top_simd|Downscale_SIMD:u_downscale|alpha_vec[1][2]                                                                       ; Lost fanout                                                                                                                                                                               ;
; Top_General:u_top_general|Top_Downscale_Integration:u_top_simd|Downscale_SIMD:u_downscale|x_src_fp[1][2]                                                                        ; Lost fanout                                                                                                                                                                               ;
; Top_General:u_top_general|Top_Downscale_Integration:u_top_simd|Downscale_SIMD:u_downscale|mem_rd_addr[1][3]                                                                     ; Lost fanout                                                                                                                                                                               ;
; Top_General:u_top_general|Top_Downscale_Integration:u_top_simd|Downscale_SIMD:u_downscale|alpha_vec[1][4]                                                                       ; Lost fanout                                                                                                                                                                               ;
; Top_General:u_top_general|Top_Downscale_Integration:u_top_simd|Downscale_SIMD:u_downscale|x_src_fp[1][11]                                                                       ; Lost fanout                                                                                                                                                                               ;
; Top_General:u_top_general|Top_Downscale_Integration:u_top_simd|Downscale_SIMD:u_downscale|mem_rd_addr[1][4]                                                                     ; Lost fanout                                                                                                                                                                               ;
; Top_General:u_top_general|Top_Downscale_Integration:u_top_simd|Downscale_SIMD:u_downscale|alpha_vec[1][5]                                                                       ; Lost fanout                                                                                                                                                                               ;
; Top_General:u_top_general|Top_Downscale_Integration:u_top_simd|Downscale_SIMD:u_downscale|x_src_fp[1][12]                                                                       ; Lost fanout                                                                                                                                                                               ;
; Top_General:u_top_general|Top_Downscale_Integration:u_top_simd|Downscale_SIMD:u_downscale|mem_rd_addr[1][5]                                                                     ; Lost fanout                                                                                                                                                                               ;
; Top_General:u_top_general|Top_Downscale_Integration:u_top_simd|Downscale_SIMD:u_downscale|alpha_vec[1][6]                                                                       ; Lost fanout                                                                                                                                                                               ;
; Top_General:u_top_general|Top_Downscale_Integration:u_top_simd|Downscale_SIMD:u_downscale|x_src_fp[1][13]                                                                       ; Lost fanout                                                                                                                                                                               ;
; Top_General:u_top_general|Top_Downscale_Integration:u_top_simd|Downscale_SIMD:u_downscale|mem_rd_addr[1][6]                                                                     ; Lost fanout                                                                                                                                                                               ;
; Top_General:u_top_general|Top_Downscale_Integration:u_top_simd|Downscale_SIMD:u_downscale|alpha_vec[1][7]                                                                       ; Lost fanout                                                                                                                                                                               ;
; Top_General:u_top_general|Top_Downscale_Integration:u_top_simd|Downscale_SIMD:u_downscale|x_src_fp[1][14]                                                                       ; Lost fanout                                                                                                                                                                               ;
; Top_General:u_top_general|Top_Downscale_Integration:u_top_simd|Downscale_SIMD:u_downscale|mem_rd_addr[1][7]                                                                     ; Lost fanout                                                                                                                                                                               ;
; Top_General:u_top_general|Top_Downscale_Integration:u_top_simd|Downscale_SIMD:u_downscale|mem_rd_addr[1][8]                                                                     ; Lost fanout                                                                                                                                                                               ;
; Top_General:u_top_general|Top_Downscale_Integration:u_top_simd|Downscale_SIMD:u_downscale|beta_vec[1][2]                                                                        ; Lost fanout                                                                                                                                                                               ;
; Top_General:u_top_general|Top_Downscale_Integration:u_top_simd|Downscale_SIMD:u_downscale|y_src_fp[1][2]                                                                        ; Lost fanout                                                                                                                                                                               ;
; Top_General:u_top_general|Top_Downscale_Integration:u_top_simd|Downscale_SIMD:u_downscale|mem_rd_addr[1][9]                                                                     ; Lost fanout                                                                                                                                                                               ;
; Top_General:u_top_general|Top_Downscale_Integration:u_top_simd|Downscale_SIMD:u_downscale|beta_vec[1][3]                                                                        ; Lost fanout                                                                                                                                                                               ;
; Top_General:u_top_general|Top_Downscale_Integration:u_top_simd|Downscale_SIMD:u_downscale|y_src_fp[1][10]                                                                       ; Lost fanout                                                                                                                                                                               ;
; Top_General:u_top_general|Top_Downscale_Integration:u_top_simd|Downscale_SIMD:u_downscale|mem_rd_addr[1][10]                                                                    ; Lost fanout                                                                                                                                                                               ;
; Top_General:u_top_general|Top_Downscale_Integration:u_top_simd|Downscale_SIMD:u_downscale|beta_vec[1][4]                                                                        ; Lost fanout                                                                                                                                                                               ;
; Top_General:u_top_general|Top_Downscale_Integration:u_top_simd|Downscale_SIMD:u_downscale|y_src_fp[1][11]                                                                       ; Lost fanout                                                                                                                                                                               ;
; Top_General:u_top_general|Top_Downscale_Integration:u_top_simd|Downscale_SIMD:u_downscale|mem_rd_addr[1][11]                                                                    ; Lost fanout                                                                                                                                                                               ;
; Top_General:u_top_general|Top_Downscale_Integration:u_top_simd|Downscale_SIMD:u_downscale|beta_vec[1][5]                                                                        ; Lost fanout                                                                                                                                                                               ;
; Top_General:u_top_general|Top_Downscale_Integration:u_top_simd|Downscale_SIMD:u_downscale|y_src_fp[1][12]                                                                       ; Lost fanout                                                                                                                                                                               ;
; Top_General:u_top_general|Top_Downscale_Integration:u_top_simd|Downscale_SIMD:u_downscale|mem_rd_addr[1][12]                                                                    ; Lost fanout                                                                                                                                                                               ;
; Top_General:u_top_general|Top_Downscale_Integration:u_top_simd|Downscale_SIMD:u_downscale|beta_vec[1][6]                                                                        ; Lost fanout                                                                                                                                                                               ;
; Top_General:u_top_general|Top_Downscale_Integration:u_top_simd|Downscale_SIMD:u_downscale|y_src_fp[1][13]                                                                       ; Lost fanout                                                                                                                                                                               ;
; Top_General:u_top_general|Top_Downscale_Integration:u_top_simd|ImageMemory_SIMDPort:u_image_memory|altsyncram:memory[0][7]__2|altsyncram_s9k1:auto_generated|address_reg_b[0]   ; Lost fanout                                                                                                                                                                               ;
; Top_General:u_top_general|Top_Downscale_Integration:u_top_simd|Downscale_SIMD:u_downscale|mem_rd_addr[1][13]                                                                    ; Lost fanout                                                                                                                                                                               ;
; Top_General:u_top_general|Top_Downscale_Integration:u_top_simd|Downscale_SIMD:u_downscale|beta_vec[1][7]                                                                        ; Lost fanout                                                                                                                                                                               ;
; Top_General:u_top_general|Top_Downscale_Integration:u_top_simd|Downscale_SIMD:u_downscale|y_src_fp[1][14]                                                                       ; Lost fanout                                                                                                                                                                               ;
; Top_General:u_top_general|Top_Downscale_Integration:u_top_simd|Downscale_SIMD:u_downscale|mem_rd_addr[2][0]                                                                     ; Lost fanout                                                                                                                                                                               ;
; Top_General:u_top_general|Top_Downscale_Integration:u_top_simd|Downscale_SIMD:u_downscale|mem_rd_addr[1][0]                                                                     ; Lost fanout                                                                                                                                                                               ;
; Top_General:u_top_general|Top_Downscale_Integration:u_top_simd|Downscale_SIMD:u_downscale|x_h[2][0]                                                                             ; Lost fanout                                                                                                                                                                               ;
; Top_General:u_top_general|Top_Downscale_Integration:u_top_simd|Downscale_SIMD:u_downscale|x_h[1][0]                                                                             ; Lost fanout                                                                                                                                                                               ;
; Top_General:u_top_general|Top_Downscale_Integration:u_top_simd|Downscale_SIMD:u_downscale|x_h[0][0]                                                                             ; Merged with Top_General:u_top_general|Top_Downscale_Integration:u_top_simd|Downscale_SIMD:u_downscale|x_h[3][0]                                                                           ;
; Top_General:u_top_general|Top_Downscale_Integration:u_top_simd|Downscale_SIMD:u_downscale|mem_rd_req[1..3]                                                                      ; Merged with Top_General:u_top_general|Top_Downscale_Integration:u_top_simd|Downscale_SIMD:u_downscale|mem_rd_req[0]                                                                       ;
; Top_General:u_top_general|Top_Downscale_Integration:u_top_simd|ImageMemory_SIMDPort:u_image_memory|_~0                                                                          ; Merged with Top_General:u_top_general|Top_Downscale_Integration:u_top_simd|ImageMemory_SIMDPort:u_image_memory|_~3                                                                        ;
; Top_General:u_top_general|Top_Downscale_Integration:u_top_simd|Downscale_SIMD:u_downscale|x_src_fp[0][11]                                                                       ; Merged with Top_General:u_top_general|Top_Downscale_Integration:u_top_simd|Downscale_SIMD:u_downscale|x_src_fp[3][11]                                                                     ;
; Top_General:u_top_general|Top_Downscale_Integration:u_top_simd|Downscale_SIMD:u_downscale|x_src_fp[0][12]                                                                       ; Merged with Top_General:u_top_general|Top_Downscale_Integration:u_top_simd|Downscale_SIMD:u_downscale|x_src_fp[3][12]                                                                     ;
; Top_General:u_top_general|Top_Downscale_Integration:u_top_simd|Downscale_SIMD:u_downscale|x_src_fp[0][13]                                                                       ; Merged with Top_General:u_top_general|Top_Downscale_Integration:u_top_simd|Downscale_SIMD:u_downscale|x_src_fp[3][13]                                                                     ;
; Top_General:u_top_general|Top_Downscale_Integration:u_top_simd|Downscale_SIMD:u_downscale|x_src_fp[0][14]                                                                       ; Merged with Top_General:u_top_general|Top_Downscale_Integration:u_top_simd|Downscale_SIMD:u_downscale|x_src_fp[3][14]                                                                     ;
; Top_General:u_top_general|Top_Downscale_Integration:u_top_simd|Downscale_SIMD:u_downscale|y_src_fp[0][2]                                                                        ; Merged with Top_General:u_top_general|Top_Downscale_Integration:u_top_simd|Downscale_SIMD:u_downscale|y_src_fp[3][2]                                                                      ;
; Top_General:u_top_general|Top_Downscale_Integration:u_top_simd|Downscale_SIMD:u_downscale|y_src_fp[0][10]                                                                       ; Merged with Top_General:u_top_general|Top_Downscale_Integration:u_top_simd|Downscale_SIMD:u_downscale|y_src_fp[3][10]                                                                     ;
; Top_General:u_top_general|Top_Downscale_Integration:u_top_simd|Downscale_SIMD:u_downscale|y_src_fp[0][11]                                                                       ; Merged with Top_General:u_top_general|Top_Downscale_Integration:u_top_simd|Downscale_SIMD:u_downscale|y_src_fp[3][11]                                                                     ;
; Top_General:u_top_general|Top_Downscale_Integration:u_top_simd|Downscale_SIMD:u_downscale|y_src_fp[0][12]                                                                       ; Merged with Top_General:u_top_general|Top_Downscale_Integration:u_top_simd|Downscale_SIMD:u_downscale|y_src_fp[3][12]                                                                     ;
; Top_General:u_top_general|Top_Downscale_Integration:u_top_simd|Downscale_SIMD:u_downscale|y_src_fp[0][13]                                                                       ; Merged with Top_General:u_top_general|Top_Downscale_Integration:u_top_simd|Downscale_SIMD:u_downscale|y_src_fp[3][13]                                                                     ;
; Top_General:u_top_general|Top_Downscale_Integration:u_top_simd|Downscale_SIMD:u_downscale|y_src_fp[0][14]                                                                       ; Merged with Top_General:u_top_general|Top_Downscale_Integration:u_top_simd|Downscale_SIMD:u_downscale|y_src_fp[3][14]                                                                     ;
; Top_General:u_top_general|Top_Downscale_Integration:u_top_simd|ImageMemory_SIMDPort:u_image_memory|rd_valid[1..3]                                                               ; Merged with Top_General:u_top_general|Top_Downscale_Integration:u_top_simd|ImageMemory_SIMDPort:u_image_memory|rd_valid[0]                                                                ;
; Top_General:u_top_general|Top_Downscale_Integration:u_top_simd|Downscale_SIMD:u_downscale|alpha_vec[0][4]                                                                       ; Merged with Top_General:u_top_general|Top_Downscale_Integration:u_top_simd|Downscale_SIMD:u_downscale|alpha_vec[3][4]                                                                     ;
; Top_General:u_top_general|Top_Downscale_Integration:u_top_simd|Downscale_SIMD:u_downscale|alpha_vec[0][5]                                                                       ; Merged with Top_General:u_top_general|Top_Downscale_Integration:u_top_simd|Downscale_SIMD:u_downscale|alpha_vec[3][5]                                                                     ;
; Top_General:u_top_general|Top_Downscale_Integration:u_top_simd|Downscale_SIMD:u_downscale|alpha_vec[0][6]                                                                       ; Merged with Top_General:u_top_general|Top_Downscale_Integration:u_top_simd|Downscale_SIMD:u_downscale|alpha_vec[3][6]                                                                     ;
; Top_General:u_top_general|Top_Downscale_Integration:u_top_simd|Downscale_SIMD:u_downscale|alpha_vec[0][7]                                                                       ; Merged with Top_General:u_top_general|Top_Downscale_Integration:u_top_simd|Downscale_SIMD:u_downscale|alpha_vec[3][7]                                                                     ;
; Top_General:u_top_general|Top_Downscale_Integration:u_top_simd|Downscale_SIMD:u_downscale|beta_vec[0][2]                                                                        ; Merged with Top_General:u_top_general|Top_Downscale_Integration:u_top_simd|Downscale_SIMD:u_downscale|beta_vec[3][2]                                                                      ;
; Top_General:u_top_general|Top_Downscale_Integration:u_top_simd|Downscale_SIMD:u_downscale|beta_vec[0][3]                                                                        ; Merged with Top_General:u_top_general|Top_Downscale_Integration:u_top_simd|Downscale_SIMD:u_downscale|beta_vec[3][3]                                                                      ;
; Top_General:u_top_general|Top_Downscale_Integration:u_top_simd|Downscale_SIMD:u_downscale|beta_vec[0][4]                                                                        ; Merged with Top_General:u_top_general|Top_Downscale_Integration:u_top_simd|Downscale_SIMD:u_downscale|beta_vec[3][4]                                                                      ;
; Top_General:u_top_general|Top_Downscale_Integration:u_top_simd|Downscale_SIMD:u_downscale|beta_vec[0][5]                                                                        ; Merged with Top_General:u_top_general|Top_Downscale_Integration:u_top_simd|Downscale_SIMD:u_downscale|beta_vec[3][5]                                                                      ;
; Top_General:u_top_general|Top_Downscale_Integration:u_top_simd|Downscale_SIMD:u_downscale|beta_vec[0][6]                                                                        ; Merged with Top_General:u_top_general|Top_Downscale_Integration:u_top_simd|Downscale_SIMD:u_downscale|beta_vec[3][6]                                                                      ;
; Top_General:u_top_general|Top_Downscale_Integration:u_top_simd|Downscale_SIMD:u_downscale|beta_vec[0][7]                                                                        ; Merged with Top_General:u_top_general|Top_Downscale_Integration:u_top_simd|Downscale_SIMD:u_downscale|beta_vec[3][7]                                                                      ;
; Top_General:u_top_general|Top_Downscale_Integration:u_top_simd|Downscale_SIMD:u_downscale|Top_SIMD:u_top_simd|SIMD_Registros:regs_inst|alpha_r[0][4]                            ; Merged with Top_General:u_top_general|Top_Downscale_Integration:u_top_simd|Downscale_SIMD:u_downscale|Top_SIMD:u_top_simd|SIMD_Registros:regs_inst|alpha_r[3][4]                          ;
; Top_General:u_top_general|Top_Downscale_Integration:u_top_simd|Downscale_SIMD:u_downscale|Top_SIMD:u_top_simd|SIMD_Registros:regs_inst|alpha_r[0][5]                            ; Merged with Top_General:u_top_general|Top_Downscale_Integration:u_top_simd|Downscale_SIMD:u_downscale|Top_SIMD:u_top_simd|SIMD_Registros:regs_inst|alpha_r[3][5]                          ;
; Top_General:u_top_general|Top_Downscale_Integration:u_top_simd|Downscale_SIMD:u_downscale|Top_SIMD:u_top_simd|SIMD_Registros:regs_inst|alpha_r[0][6]                            ; Merged with Top_General:u_top_general|Top_Downscale_Integration:u_top_simd|Downscale_SIMD:u_downscale|Top_SIMD:u_top_simd|SIMD_Registros:regs_inst|alpha_r[3][6]                          ;
; Top_General:u_top_general|Top_Downscale_Integration:u_top_simd|Downscale_SIMD:u_downscale|Top_SIMD:u_top_simd|SIMD_Registros:regs_inst|alpha_r[0][7]                            ; Merged with Top_General:u_top_general|Top_Downscale_Integration:u_top_simd|Downscale_SIMD:u_downscale|Top_SIMD:u_top_simd|SIMD_Registros:regs_inst|alpha_r[3][7]                          ;
; Top_General:u_top_general|Top_Downscale_Integration:u_top_simd|Downscale_SIMD:u_downscale|Top_SIMD:u_top_simd|SIMD_Registros:regs_inst|beta_r[0][2]                             ; Merged with Top_General:u_top_general|Top_Downscale_Integration:u_top_simd|Downscale_SIMD:u_downscale|Top_SIMD:u_top_simd|SIMD_Registros:regs_inst|beta_r[3][2]                           ;
; Top_General:u_top_general|Top_Downscale_Integration:u_top_simd|Downscale_SIMD:u_downscale|Top_SIMD:u_top_simd|SIMD_Registros:regs_inst|beta_r[0][3]                             ; Merged with Top_General:u_top_general|Top_Downscale_Integration:u_top_simd|Downscale_SIMD:u_downscale|Top_SIMD:u_top_simd|SIMD_Registros:regs_inst|beta_r[3][3]                           ;
; Top_General:u_top_general|Top_Downscale_Integration:u_top_simd|Downscale_SIMD:u_downscale|Top_SIMD:u_top_simd|SIMD_Registros:regs_inst|beta_r[0][4]                             ; Merged with Top_General:u_top_general|Top_Downscale_Integration:u_top_simd|Downscale_SIMD:u_downscale|Top_SIMD:u_top_simd|SIMD_Registros:regs_inst|beta_r[3][4]                           ;
; Top_General:u_top_general|Top_Downscale_Integration:u_top_simd|Downscale_SIMD:u_downscale|Top_SIMD:u_top_simd|SIMD_Registros:regs_inst|beta_r[0][5]                             ; Merged with Top_General:u_top_general|Top_Downscale_Integration:u_top_simd|Downscale_SIMD:u_downscale|Top_SIMD:u_top_simd|SIMD_Registros:regs_inst|beta_r[3][5]                           ;
; Top_General:u_top_general|Top_Downscale_Integration:u_top_simd|Downscale_SIMD:u_downscale|Top_SIMD:u_top_simd|SIMD_Registros:regs_inst|beta_r[0][6]                             ; Merged with Top_General:u_top_general|Top_Downscale_Integration:u_top_simd|Downscale_SIMD:u_downscale|Top_SIMD:u_top_simd|SIMD_Registros:regs_inst|beta_r[3][6]                           ;
; Top_General:u_top_general|Top_Downscale_Integration:u_top_simd|Downscale_SIMD:u_downscale|Top_SIMD:u_top_simd|SIMD_Registros:regs_inst|beta_r[0][7]                             ; Merged with Top_General:u_top_general|Top_Downscale_Integration:u_top_simd|Downscale_SIMD:u_downscale|Top_SIMD:u_top_simd|SIMD_Registros:regs_inst|beta_r[3][7]                           ;
; Top_General:u_top_general|Top_Downscale_Integration:u_top_simd|Downscale_SIMD:u_downscale|mem_rd_addr[0][3]                                                                     ; Merged with Top_General:u_top_general|Top_Downscale_Integration:u_top_simd|Downscale_SIMD:u_downscale|mem_rd_addr[3][3]                                                                   ;
; Top_General:u_top_general|Top_Downscale_Integration:u_top_simd|Downscale_SIMD:u_downscale|mem_rd_addr[0][4]                                                                     ; Merged with Top_General:u_top_general|Top_Downscale_Integration:u_top_simd|Downscale_SIMD:u_downscale|mem_rd_addr[3][4]                                                                   ;
; Top_General:u_top_general|Top_Downscale_Integration:u_top_simd|Downscale_SIMD:u_downscale|mem_rd_addr[0][5]                                                                     ; Merged with Top_General:u_top_general|Top_Downscale_Integration:u_top_simd|Downscale_SIMD:u_downscale|mem_rd_addr[3][5]                                                                   ;
; Top_General:u_top_general|Top_Downscale_Integration:u_top_simd|Downscale_SIMD:u_downscale|mem_rd_addr[0][6]                                                                     ; Merged with Top_General:u_top_general|Top_Downscale_Integration:u_top_simd|Downscale_SIMD:u_downscale|mem_rd_addr[3][6]                                                                   ;
; Top_General:u_top_general|Top_Downscale_Integration:u_top_simd|Downscale_SIMD:u_downscale|mem_rd_addr[0][7]                                                                     ; Merged with Top_General:u_top_general|Top_Downscale_Integration:u_top_simd|Downscale_SIMD:u_downscale|mem_rd_addr[3][7]                                                                   ;
; Top_General:u_top_general|Top_Downscale_Integration:u_top_simd|Downscale_SIMD:u_downscale|mem_rd_addr[0][8]                                                                     ; Merged with Top_General:u_top_general|Top_Downscale_Integration:u_top_simd|Downscale_SIMD:u_downscale|mem_rd_addr[3][8]                                                                   ;
; Top_General:u_top_general|Top_Downscale_Integration:u_top_simd|Downscale_SIMD:u_downscale|mem_rd_addr[0][9]                                                                     ; Merged with Top_General:u_top_general|Top_Downscale_Integration:u_top_simd|Downscale_SIMD:u_downscale|mem_rd_addr[3][9]                                                                   ;
; Top_General:u_top_general|Top_Downscale_Integration:u_top_simd|Downscale_SIMD:u_downscale|mem_rd_addr[0][10]                                                                    ; Merged with Top_General:u_top_general|Top_Downscale_Integration:u_top_simd|Downscale_SIMD:u_downscale|mem_rd_addr[3][10]                                                                  ;
; Top_General:u_top_general|Top_Downscale_Integration:u_top_simd|Downscale_SIMD:u_downscale|mem_rd_addr[0][11]                                                                    ; Merged with Top_General:u_top_general|Top_Downscale_Integration:u_top_simd|Downscale_SIMD:u_downscale|mem_rd_addr[3][11]                                                                  ;
; Top_General:u_top_general|Top_Downscale_Integration:u_top_simd|Downscale_SIMD:u_downscale|mem_rd_addr[0][12]                                                                    ; Merged with Top_General:u_top_general|Top_Downscale_Integration:u_top_simd|Downscale_SIMD:u_downscale|mem_rd_addr[3][12]                                                                  ;
; Top_General:u_top_general|Top_Downscale_Integration:u_top_simd|Downscale_SIMD:u_downscale|mem_rd_addr[0][13]                                                                    ; Merged with Top_General:u_top_general|Top_Downscale_Integration:u_top_simd|Downscale_SIMD:u_downscale|mem_rd_addr[3][13]                                                                  ;
; Top_General:u_top_general|Top_Downscale_Integration:u_top_simd|ImageMemory_SIMDPort:u_image_memory|altsyncram:memory[0][7]__1|altsyncram_s9k1:auto_generated|address_reg_b[0]   ; Merged with Top_General:u_top_general|Top_Downscale_Integration:u_top_simd|ImageMemory_SIMDPort:u_image_memory|altsyncram:memory[0][7]__4|altsyncram_s9k1:auto_generated|address_reg_b[0] ;
; Top_General:u_top_general|Top_Downscale_Integration:u_top_simd|Downscale_SIMD:u_downscale|state~19                                                                              ; Lost fanout                                                                                                                                                                               ;
; Top_General:u_top_general|Top_Downscale_Integration:u_top_simd|Downscale_SIMD:u_downscale|state~20                                                                              ; Lost fanout                                                                                                                                                                               ;
; Top_General:u_top_general|Top_Downscale_Integration:u_top_simd|Downscale_SIMD:u_downscale|state~21                                                                              ; Lost fanout                                                                                                                                                                               ;
; Top_General:u_top_general|Top_Downscale_Integration:u_top_simd|Downscale_SIMD:u_downscale|state~22                                                                              ; Lost fanout                                                                                                                                                                               ;
; Top_General:u_top_general|Top_Downscale_Integration:u_top_simd|Downscale_SIMD:u_downscale|Top_SIMD:u_top_simd|FSM_SIMD:fsm_inst|state~4                                         ; Lost fanout                                                                                                                                                                               ;
; Top_General:u_top_general|Top_Downscale_Integration:u_top_simd|Downscale_SIMD:u_downscale|Top_SIMD:u_top_simd|FSM_SIMD:fsm_inst|state~5                                         ; Lost fanout                                                                                                                                                                               ;
; Top_General:u_top_general|Top_Downscale_Secuencial:u_top_seq|Downscale_Secuencial:u_seq|fetch_cnt~9                                                                             ; Lost fanout                                                                                                                                                                               ;
; Top_General:u_top_general|Top_Downscale_Secuencial:u_top_seq|Downscale_Secuencial:u_seq|fetch_cnt~10                                                                            ; Lost fanout                                                                                                                                                                               ;
; Top_General:u_top_general|Top_Downscale_Secuencial:u_top_seq|Downscale_Secuencial:u_seq|state~8                                                                                 ; Lost fanout                                                                                                                                                                               ;
; Top_General:u_top_general|Top_Downscale_Secuencial:u_top_seq|Downscale_Secuencial:u_seq|state~9                                                                                 ; Lost fanout                                                                                                                                                                               ;
; Top_General:u_top_general|Top_Downscale_Secuencial:u_top_seq|Downscale_Secuencial:u_seq|state~10                                                                                ; Lost fanout                                                                                                                                                                               ;
; Top_General:u_top_general|Top_Downscale_Integration:u_top_simd|Downscale_SIMD:u_downscale|mem_rd_addr[3][0]                                                                     ; Merged with Top_General:u_top_general|Top_Downscale_Integration:u_top_simd|Downscale_SIMD:u_downscale|mem_rd_addr[0][0]                                                                   ;
; Total Number of Removed Registers = 676                                                                                                                                         ;                                                                                                                                                                                           ;
+---------------------------------------------------------------------------------------------------------------------------------------------------------------------------------+-------------------------------------------------------------------------------------------------------------------------------------------------------------------------------------------+


+---------------------------------------------------------------------------------------------------------------------------------------------------------------------------------------------------------------------------------------------------------------------------------------------------------------------------------------------------------------------+
; Removed Registers Triggering Further Register Optimizations                                                                                                                                                                                                                                                                                                         ;
+------------------------------------------------------------------------------------------------------------------------------------------------------+---------------------------+----------------------------------------------------------------------------------------------------------------------------------------------------------------------------------+
; Register name                                                                                                                                        ; Reason for Removal        ; Registers Removed due to This Register                                                                                                                                           ;
+------------------------------------------------------------------------------------------------------------------------------------------------------+---------------------------+----------------------------------------------------------------------------------------------------------------------------------------------------------------------------------+
; Top_General:u_top_general|Top_Downscale_Integration:u_top_simd|Downscale_SIMD:u_downscale|base_idx[1]                                                ; Stuck at GND              ; Top_General:u_top_general|Top_Downscale_Integration:u_top_simd|Downscale_SIMD:u_downscale|j_dst[0][6],                                                                           ;
;                                                                                                                                                      ; due to stuck port data_in ; Top_General:u_top_general|Top_Downscale_Integration:u_top_simd|Downscale_SIMD:u_downscale|j_dst[0][1],                                                                           ;
;                                                                                                                                                      ;                           ; Top_General:u_top_general|Top_Downscale_Integration:u_top_simd|Downscale_SIMD:u_downscale|j_dst[0][0],                                                                           ;
;                                                                                                                                                      ;                           ; Top_General:u_top_general|Top_Downscale_Integration:u_top_simd|Downscale_SIMD:u_downscale|j_dst[1][6],                                                                           ;
;                                                                                                                                                      ;                           ; Top_General:u_top_general|Top_Downscale_Integration:u_top_simd|Downscale_SIMD:u_downscale|j_dst[2][6],                                                                           ;
;                                                                                                                                                      ;                           ; Top_General:u_top_general|Top_Downscale_Integration:u_top_simd|Downscale_SIMD:u_downscale|j_dst[2][0],                                                                           ;
;                                                                                                                                                      ;                           ; Top_General:u_top_general|Top_Downscale_Integration:u_top_simd|Downscale_SIMD:u_downscale|j_dst[3][6],                                                                           ;
;                                                                                                                                                      ;                           ; Top_General:u_top_general|Top_Downscale_Integration:u_top_simd|Downscale_SIMD:u_downscale|x_src_fp[0][15],                                                                       ;
;                                                                                                                                                      ;                           ; Top_General:u_top_general|Top_Downscale_Integration:u_top_simd|Downscale_SIMD:u_downscale|x_src_fp[0][10],                                                                       ;
;                                                                                                                                                      ;                           ; Top_General:u_top_general|Top_Downscale_Integration:u_top_simd|Downscale_SIMD:u_downscale|x_src_fp[0][9],                                                                        ;
;                                                                                                                                                      ;                           ; Top_General:u_top_general|Top_Downscale_Integration:u_top_simd|Downscale_SIMD:u_downscale|x_src_fp[0][8],                                                                        ;
;                                                                                                                                                      ;                           ; Top_General:u_top_general|Top_Downscale_Integration:u_top_simd|Downscale_SIMD:u_downscale|x_src_fp[0][3],                                                                        ;
;                                                                                                                                                      ;                           ; Top_General:u_top_general|Top_Downscale_Integration:u_top_simd|Downscale_SIMD:u_downscale|x_src_fp[0][2],                                                                        ;
;                                                                                                                                                      ;                           ; Top_General:u_top_general|Top_Downscale_Integration:u_top_simd|Downscale_SIMD:u_downscale|x_src_fp[1][15],                                                                       ;
;                                                                                                                                                      ;                           ; Top_General:u_top_general|Top_Downscale_Integration:u_top_simd|Downscale_SIMD:u_downscale|x_src_fp[1][8],                                                                        ;
;                                                                                                                                                      ;                           ; Top_General:u_top_general|Top_Downscale_Integration:u_top_simd|Downscale_SIMD:u_downscale|x_src_fp[2][15],                                                                       ;
;                                                                                                                                                      ;                           ; Top_General:u_top_general|Top_Downscale_Integration:u_top_simd|Downscale_SIMD:u_downscale|x_src_fp[2][9],                                                                        ;
;                                                                                                                                                      ;                           ; Top_General:u_top_general|Top_Downscale_Integration:u_top_simd|Downscale_SIMD:u_downscale|x_src_fp[2][8],                                                                        ;
;                                                                                                                                                      ;                           ; Top_General:u_top_general|Top_Downscale_Integration:u_top_simd|Downscale_SIMD:u_downscale|x_src_fp[2][2],                                                                        ;
;                                                                                                                                                      ;                           ; Top_General:u_top_general|Top_Downscale_Integration:u_top_simd|Downscale_SIMD:u_downscale|x_src_fp[3][15],                                                                       ;
;                                                                                                                                                      ;                           ; Top_General:u_top_general|Top_Downscale_Integration:u_top_simd|Downscale_SIMD:u_downscale|x_src_fp[3][8],                                                                        ;
;                                                                                                                                                      ;                           ; Top_General:u_top_general|Top_Downscale_Integration:u_top_simd|Downscale_SIMD:u_downscale|x_l[0][7],                                                                             ;
;                                                                                                                                                      ;                           ; Top_General:u_top_general|Top_Downscale_Integration:u_top_simd|Downscale_SIMD:u_downscale|x_l[1][7],                                                                             ;
;                                                                                                                                                      ;                           ; Top_General:u_top_general|Top_Downscale_Integration:u_top_simd|Downscale_SIMD:u_downscale|x_l[2][7],                                                                             ;
;                                                                                                                                                      ;                           ; Top_General:u_top_general|Top_Downscale_Integration:u_top_simd|Downscale_SIMD:u_downscale|x_l[3][7],                                                                             ;
;                                                                                                                                                      ;                           ; Top_General:u_top_general|Top_Downscale_Integration:u_top_simd|Downscale_SIMD:u_downscale|alpha_vec[0][3],                                                                       ;
;                                                                                                                                                      ;                           ; Top_General:u_top_general|Top_Downscale_Integration:u_top_simd|Downscale_SIMD:u_downscale|alpha_vec[0][2],                                                                       ;
;                                                                                                                                                      ;                           ; Top_General:u_top_general|Top_Downscale_Integration:u_top_simd|Downscale_SIMD:u_downscale|alpha_vec[2][2],                                                                       ;
;                                                                                                                                                      ;                           ; Top_General:u_top_general|Top_Downscale_Integration:u_top_simd|Downscale_SIMD:u_downscale|Top_SIMD:u_top_simd|SIMD_Registros:regs_inst|alpha_r[0][3],                            ;
;                                                                                                                                                      ;                           ; Top_General:u_top_general|Top_Downscale_Integration:u_top_simd|Downscale_SIMD:u_downscale|Top_SIMD:u_top_simd|SIMD_Registros:regs_inst|alpha_r[0][2],                            ;
;                                                                                                                                                      ;                           ; Top_General:u_top_general|Top_Downscale_Integration:u_top_simd|Downscale_SIMD:u_downscale|Top_SIMD:u_top_simd|SIMD_Registros:regs_inst|alpha_r[2][2],                            ;
;                                                                                                                                                      ;                           ; Top_General:u_top_general|Top_Downscale_Integration:u_top_simd|Downscale_SIMD:u_downscale|j_dst[1][1],                                                                           ;
;                                                                                                                                                      ;                           ; Top_General:u_top_general|Top_Downscale_Integration:u_top_simd|Downscale_SIMD:u_downscale|x_src_fp[1][10],                                                                       ;
;                                                                                                                                                      ;                           ; Top_General:u_top_general|Top_Downscale_Integration:u_top_simd|Downscale_SIMD:u_downscale|x_src_fp[1][3],                                                                        ;
;                                                                                                                                                      ;                           ; Top_General:u_top_general|Top_Downscale_Integration:u_top_simd|Downscale_SIMD:u_downscale|x_l[1][2],                                                                             ;
;                                                                                                                                                      ;                           ; Top_General:u_top_general|Top_Downscale_Integration:u_top_simd|Downscale_SIMD:u_downscale|alpha_vec[1][3],                                                                       ;
;                                                                                                                                                      ;                           ; Top_General:u_top_general|Top_Downscale_Integration:u_top_simd|Downscale_SIMD:u_downscale|Top_SIMD:u_top_simd|SIMD_Registros:regs_inst|alpha_r[1][3],                            ;
;                                                                                                                                                      ;                           ; Top_General:u_top_general|Top_Downscale_Integration:u_top_simd|Downscale_SIMD:u_downscale|mem_rd_addr[0][1],                                                                     ;
;                                                                                                                                                      ;                           ; Top_General:u_top_general|Top_Downscale_Integration:u_top_simd|Downscale_SIMD:u_downscale|mem_rd_addr[1][2],                                                                     ;
;                                                                                                                                                      ;                           ; Top_General:u_top_general|Top_Downscale_Integration:u_top_simd|Downscale_SIMD:u_downscale|mem_rd_addr[2][1],                                                                     ;
;                                                                                                                                                      ;                           ; Top_General:u_top_general|Top_Downscale_Integration:u_top_simd|Downscale_SIMD:u_downscale|i_dst[1][6],                                                                           ;
;                                                                                                                                                      ;                           ; Top_General:u_top_general|Top_Downscale_Integration:u_top_simd|Downscale_SIMD:u_downscale|i_dst[2][6],                                                                           ;
;                                                                                                                                                      ;                           ; Top_General:u_top_general|Top_Downscale_Integration:u_top_simd|Downscale_SIMD:u_downscale|i_dst[3][6],                                                                           ;
;                                                                                                                                                      ;                           ; Top_General:u_top_general|Top_Downscale_Integration:u_top_simd|Downscale_SIMD:u_downscale|i_dst[0][6],                                                                           ;
;                                                                                                                                                      ;                           ; Top_General:u_top_general|Top_Downscale_Integration:u_top_simd|Downscale_SIMD:u_downscale|y_src_fp[3][15],                                                                       ;
;                                                                                                                                                      ;                           ; Top_General:u_top_general|Top_Downscale_Integration:u_top_simd|Downscale_SIMD:u_downscale|y_src_fp[2][15],                                                                       ;
;                                                                                                                                                      ;                           ; Top_General:u_top_general|Top_Downscale_Integration:u_top_simd|Downscale_SIMD:u_downscale|y_src_fp[0][15],                                                                       ;
;                                                                                                                                                      ;                           ; Top_General:u_top_general|Top_Downscale_Integration:u_top_simd|Downscale_SIMD:u_downscale|y_src_fp[1][15],                                                                       ;
;                                                                                                                                                      ;                           ; Top_General:u_top_general|Top_Downscale_Integration:u_top_simd|Downscale_SIMD:u_downscale|Top_SIMD:u_top_simd|ModoSIMD:simd_inst|ModoSecuencial:SIMD_CORES[2].core|pixel_out[0], ;
;                                                                                                                                                      ;                           ; Top_General:u_top_general|Top_Downscale_Integration:u_top_simd|Downscale_SIMD:u_downscale|Top_SIMD:u_top_simd|ModoSIMD:simd_inst|ModoSecuencial:SIMD_CORES[1].core|pixel_out[0], ;
;                                                                                                                                                      ;                           ; Top_General:u_top_general|Top_Downscale_Integration:u_top_simd|Downscale_SIMD:u_downscale|Top_SIMD:u_top_simd|ModoSIMD:simd_inst|ModoSecuencial:SIMD_CORES[2].core|pixel_out[1], ;
;                                                                                                                                                      ;                           ; Top_General:u_top_general|Top_Downscale_Integration:u_top_simd|Downscale_SIMD:u_downscale|Top_SIMD:u_top_simd|ModoSIMD:simd_inst|ModoSecuencial:SIMD_CORES[1].core|pixel_out[1], ;
;                                                                                                                                                      ;                           ; Top_General:u_top_general|Top_Downscale_Integration:u_top_simd|Downscale_SIMD:u_downscale|Top_SIMD:u_top_simd|ModoSIMD:simd_inst|ModoSecuencial:SIMD_CORES[2].core|pixel_out[2], ;
;                                                                                                                                                      ;                           ; Top_General:u_top_general|Top_Downscale_Integration:u_top_simd|Downscale_SIMD:u_downscale|Top_SIMD:u_top_simd|ModoSIMD:simd_inst|ModoSecuencial:SIMD_CORES[1].core|pixel_out[2], ;
;                                                                                                                                                      ;                           ; Top_General:u_top_general|Top_Downscale_Integration:u_top_simd|Downscale_SIMD:u_downscale|Top_SIMD:u_top_simd|ModoSIMD:simd_inst|ModoSecuencial:SIMD_CORES[2].core|pixel_out[3], ;
;                                                                                                                                                      ;                           ; Top_General:u_top_general|Top_Downscale_Integration:u_top_simd|Downscale_SIMD:u_downscale|Top_SIMD:u_top_simd|ModoSIMD:simd_inst|ModoSecuencial:SIMD_CORES[1].core|pixel_out[3], ;
;                                                                                                                                                      ;                           ; Top_General:u_top_general|Top_Downscale_Integration:u_top_simd|Downscale_SIMD:u_downscale|Top_SIMD:u_top_simd|ModoSIMD:simd_inst|ModoSecuencial:SIMD_CORES[2].core|pixel_out[4], ;
;                                                                                                                                                      ;                           ; Top_General:u_top_general|Top_Downscale_Integration:u_top_simd|Downscale_SIMD:u_downscale|Top_SIMD:u_top_simd|ModoSIMD:simd_inst|ModoSecuencial:SIMD_CORES[1].core|pixel_out[4], ;
;                                                                                                                                                      ;                           ; Top_General:u_top_general|Top_Downscale_Integration:u_top_simd|Downscale_SIMD:u_downscale|Top_SIMD:u_top_simd|ModoSIMD:simd_inst|ModoSecuencial:SIMD_CORES[2].core|pixel_out[5], ;
;                                                                                                                                                      ;                           ; Top_General:u_top_general|Top_Downscale_Integration:u_top_simd|Downscale_SIMD:u_downscale|Top_SIMD:u_top_simd|ModoSIMD:simd_inst|ModoSecuencial:SIMD_CORES[1].core|pixel_out[5], ;
;                                                                                                                                                      ;                           ; Top_General:u_top_general|Top_Downscale_Integration:u_top_simd|Downscale_SIMD:u_downscale|Top_SIMD:u_top_simd|ModoSIMD:simd_inst|ModoSecuencial:SIMD_CORES[2].core|pixel_out[6], ;
;                                                                                                                                                      ;                           ; Top_General:u_top_general|Top_Downscale_Integration:u_top_simd|Downscale_SIMD:u_downscale|Top_SIMD:u_top_simd|ModoSIMD:simd_inst|ModoSecuencial:SIMD_CORES[1].core|pixel_out[6], ;
;                                                                                                                                                      ;                           ; Top_General:u_top_general|Top_Downscale_Integration:u_top_simd|Downscale_SIMD:u_downscale|Top_SIMD:u_top_simd|ModoSIMD:simd_inst|ModoSecuencial:SIMD_CORES[2].core|pixel_out[7], ;
;                                                                                                                                                      ;                           ; Top_General:u_top_general|Top_Downscale_Integration:u_top_simd|Downscale_SIMD:u_downscale|Top_SIMD:u_top_simd|SIMD_Registros:regs_inst|alpha_r[2][7],                            ;
;                                                                                                                                                      ;                           ; Top_General:u_top_general|Top_Downscale_Integration:u_top_simd|ImageMemory_SIMDPort:u_image_memory|_~2,                                                                          ;
;                                                                                                                                                      ;                           ; Top_General:u_top_general|Top_Downscale_Integration:u_top_simd|Downscale_SIMD:u_downscale|alpha_vec[2][7],                                                                       ;
;                                                                                                                                                      ;                           ; Top_General:u_top_general|Top_Downscale_Integration:u_top_simd|Downscale_SIMD:u_downscale|y_src_fp[2][2],                                                                        ;
;                                                                                                                                                      ;                           ; Top_General:u_top_general|Top_Downscale_Integration:u_top_simd|ImageMemory_SIMDPort:u_image_memory|altsyncram:memory[0][7]__3|altsyncram_s9k1:auto_generated|address_reg_b[0],   ;
;                                                                                                                                                      ;                           ; Top_General:u_top_general|Top_Downscale_Integration:u_top_simd|Downscale_SIMD:u_downscale|mem_rd_addr[2][13],                                                                    ;
;                                                                                                                                                      ;                           ; Top_General:u_top_general|Top_Downscale_Integration:u_top_simd|Downscale_SIMD:u_downscale|Top_SIMD:u_top_simd|ModoSIMD:simd_inst|ModoSecuencial:SIMD_CORES[1].core|pixel_out[7], ;
;                                                                                                                                                      ;                           ; Top_General:u_top_general|Top_Downscale_Integration:u_top_simd|Downscale_SIMD:u_downscale|Top_SIMD:u_top_simd|SIMD_Registros:regs_inst|beta_r[1][2],                             ;
;                                                                                                                                                      ;                           ; Top_General:u_top_general|Top_Downscale_Integration:u_top_simd|Downscale_SIMD:u_downscale|Top_SIMD:u_top_simd|SIMD_Registros:regs_inst|beta_r[1][3],                             ;
;                                                                                                                                                      ;                           ; Top_General:u_top_general|Top_Downscale_Integration:u_top_simd|Downscale_SIMD:u_downscale|Top_SIMD:u_top_simd|SIMD_Registros:regs_inst|alpha_r[1][2],                            ;
;                                                                                                                                                      ;                           ; Top_General:u_top_general|Top_Downscale_Integration:u_top_simd|Downscale_SIMD:u_downscale|Top_SIMD:u_top_simd|SIMD_Registros:regs_inst|alpha_r[1][4],                            ;
;                                                                                                                                                      ;                           ; Top_General:u_top_general|Top_Downscale_Integration:u_top_simd|Downscale_SIMD:u_downscale|Top_SIMD:u_top_simd|SIMD_Registros:regs_inst|alpha_r[1][5],                            ;
;                                                                                                                                                      ;                           ; Top_General:u_top_general|Top_Downscale_Integration:u_top_simd|Downscale_SIMD:u_downscale|Top_SIMD:u_top_simd|SIMD_Registros:regs_inst|alpha_r[1][6],                            ;
;                                                                                                                                                      ;                           ; Top_General:u_top_general|Top_Downscale_Integration:u_top_simd|ImageMemory_SIMDPort:u_image_memory|_~1,                                                                          ;
;                                                                                                                                                      ;                           ; Top_General:u_top_general|Top_Downscale_Integration:u_top_simd|Downscale_SIMD:u_downscale|alpha_vec[1][2],                                                                       ;
;                                                                                                                                                      ;                           ; Top_General:u_top_general|Top_Downscale_Integration:u_top_simd|Downscale_SIMD:u_downscale|alpha_vec[1][4],                                                                       ;
;                                                                                                                                                      ;                           ; Top_General:u_top_general|Top_Downscale_Integration:u_top_simd|Downscale_SIMD:u_downscale|alpha_vec[1][5],                                                                       ;
;                                                                                                                                                      ;                           ; Top_General:u_top_general|Top_Downscale_Integration:u_top_simd|Downscale_SIMD:u_downscale|alpha_vec[1][6],                                                                       ;
;                                                                                                                                                      ;                           ; Top_General:u_top_general|Top_Downscale_Integration:u_top_simd|Downscale_SIMD:u_downscale|beta_vec[1][2],                                                                        ;
;                                                                                                                                                      ;                           ; Top_General:u_top_general|Top_Downscale_Integration:u_top_simd|Downscale_SIMD:u_downscale|y_src_fp[1][2],                                                                        ;
;                                                                                                                                                      ;                           ; Top_General:u_top_general|Top_Downscale_Integration:u_top_simd|Downscale_SIMD:u_downscale|beta_vec[1][3],                                                                        ;
;                                                                                                                                                      ;                           ; Top_General:u_top_general|Top_Downscale_Integration:u_top_simd|ImageMemory_SIMDPort:u_image_memory|altsyncram:memory[0][7]__2|altsyncram_s9k1:auto_generated|address_reg_b[0],   ;
;                                                                                                                                                      ;                           ; Top_General:u_top_general|Top_Downscale_Integration:u_top_simd|Downscale_SIMD:u_downscale|mem_rd_addr[1][13]                                                                     ;
; Top_General:u_top_general|Top_Downscale_Integration:u_top_simd|Downscale_SIMD:u_downscale|x_src_fp[2][23]                                            ; Stuck at GND              ; Top_General:u_top_general|Top_Downscale_Integration:u_top_simd|Downscale_SIMD:u_downscale|x_h[2][7],                                                                             ;
;                                                                                                                                                      ; due to stuck port data_in ; Top_General:u_top_general|Top_Downscale_Integration:u_top_simd|Downscale_SIMD:u_downscale|x_h[2][1],                                                                             ;
;                                                                                                                                                      ;                           ; Top_General:u_top_general|Top_Downscale_Integration:u_top_simd|Downscale_SIMD:u_downscale|x_src_fp[2][10],                                                                       ;
;                                                                                                                                                      ;                           ; Top_General:u_top_general|Top_Downscale_Integration:u_top_simd|Downscale_SIMD:u_downscale|x_src_fp[2][11],                                                                       ;
;                                                                                                                                                      ;                           ; Top_General:u_top_general|Top_Downscale_Integration:u_top_simd|Downscale_SIMD:u_downscale|x_src_fp[2][12],                                                                       ;
;                                                                                                                                                      ;                           ; Top_General:u_top_general|Top_Downscale_Integration:u_top_simd|Downscale_SIMD:u_downscale|x_src_fp[2][13],                                                                       ;
;                                                                                                                                                      ;                           ; Top_General:u_top_general|Top_Downscale_Integration:u_top_simd|Downscale_SIMD:u_downscale|x_src_fp[2][14]                                                                        ;
; Top_General:u_top_general|Top_Downscale_Integration:u_top_simd|Downscale_SIMD:u_downscale|x_src_fp[1][23]                                            ; Stuck at GND              ; Top_General:u_top_general|Top_Downscale_Integration:u_top_simd|Downscale_SIMD:u_downscale|x_h[1][7],                                                                             ;
;                                                                                                                                                      ; due to stuck port data_in ; Top_General:u_top_general|Top_Downscale_Integration:u_top_simd|Downscale_SIMD:u_downscale|x_h[1][2],                                                                             ;
;                                                                                                                                                      ;                           ; Top_General:u_top_general|Top_Downscale_Integration:u_top_simd|Downscale_SIMD:u_downscale|x_src_fp[1][11],                                                                       ;
;                                                                                                                                                      ;                           ; Top_General:u_top_general|Top_Downscale_Integration:u_top_simd|Downscale_SIMD:u_downscale|x_src_fp[1][12],                                                                       ;
;                                                                                                                                                      ;                           ; Top_General:u_top_general|Top_Downscale_Integration:u_top_simd|Downscale_SIMD:u_downscale|x_src_fp[1][13],                                                                       ;
;                                                                                                                                                      ;                           ; Top_General:u_top_general|Top_Downscale_Integration:u_top_simd|Downscale_SIMD:u_downscale|x_src_fp[1][14]                                                                        ;
; Top_General:u_top_general|Top_Downscale_Integration:u_top_simd|Downscale_SIMD:u_downscale|y_src_fp[1][23]                                            ; Stuck at GND              ; Top_General:u_top_general|Top_Downscale_Integration:u_top_simd|Downscale_SIMD:u_downscale|y_src_fp[1][10],                                                                       ;
;                                                                                                                                                      ; due to stuck port data_in ; Top_General:u_top_general|Top_Downscale_Integration:u_top_simd|Downscale_SIMD:u_downscale|y_src_fp[1][11],                                                                       ;
;                                                                                                                                                      ;                           ; Top_General:u_top_general|Top_Downscale_Integration:u_top_simd|Downscale_SIMD:u_downscale|y_src_fp[1][12],                                                                       ;
;                                                                                                                                                      ;                           ; Top_General:u_top_general|Top_Downscale_Integration:u_top_simd|Downscale_SIMD:u_downscale|y_src_fp[1][13],                                                                       ;
;                                                                                                                                                      ;                           ; Top_General:u_top_general|Top_Downscale_Integration:u_top_simd|Downscale_SIMD:u_downscale|y_src_fp[1][14]                                                                        ;
; Top_General:u_top_general|Top_Downscale_Integration:u_top_simd|Downscale_SIMD:u_downscale|y_src_fp[2][23]                                            ; Stuck at GND              ; Top_General:u_top_general|Top_Downscale_Integration:u_top_simd|Downscale_SIMD:u_downscale|y_src_fp[2][10],                                                                       ;
;                                                                                                                                                      ; due to stuck port data_in ; Top_General:u_top_general|Top_Downscale_Integration:u_top_simd|Downscale_SIMD:u_downscale|y_src_fp[2][11],                                                                       ;
;                                                                                                                                                      ;                           ; Top_General:u_top_general|Top_Downscale_Integration:u_top_simd|Downscale_SIMD:u_downscale|y_src_fp[2][12],                                                                       ;
;                                                                                                                                                      ;                           ; Top_General:u_top_general|Top_Downscale_Integration:u_top_simd|Downscale_SIMD:u_downscale|y_src_fp[2][13],                                                                       ;
;                                                                                                                                                      ;                           ; Top_General:u_top_general|Top_Downscale_Integration:u_top_simd|Downscale_SIMD:u_downscale|y_src_fp[2][14]                                                                        ;
; Top_General:u_top_general|Top_Downscale_Integration:u_top_simd|Downscale_SIMD:u_downscale|x_src_fp[1][1]                                             ; Stuck at GND              ; Top_General:u_top_general|Top_Downscale_Integration:u_top_simd|Downscale_SIMD:u_downscale|alpha_vec[1][1],                                                                       ;
;                                                                                                                                                      ; due to stuck port data_in ; Top_General:u_top_general|Top_Downscale_Integration:u_top_simd|Downscale_SIMD:u_downscale|Top_SIMD:u_top_simd|SIMD_Registros:regs_inst|alpha_r[1][1],                            ;
;                                                                                                                                                      ;                           ; Top_General:u_top_general|Top_Downscale_Integration:u_top_simd|Downscale_SIMD:u_downscale|Top_SIMD:u_top_simd|SIMD_Registros:regs_inst|alpha_r[1][7],                            ;
;                                                                                                                                                      ;                           ; Top_General:u_top_general|Top_Downscale_Integration:u_top_simd|Downscale_SIMD:u_downscale|alpha_vec[1][7]                                                                        ;
; Top_General:u_top_general|Top_Downscale_Integration:u_top_simd|Downscale_SIMD:u_downscale|x_src_fp[0][23]                                            ; Stuck at GND              ; Top_General:u_top_general|Top_Downscale_Integration:u_top_simd|Downscale_SIMD:u_downscale|x_h[0][7],                                                                             ;
;                                                                                                                                                      ; due to stuck port data_in ; Top_General:u_top_general|Top_Downscale_Integration:u_top_simd|Downscale_SIMD:u_downscale|x_h[0][2],                                                                             ;
;                                                                                                                                                      ;                           ; Top_General:u_top_general|Top_Downscale_Integration:u_top_simd|Downscale_SIMD:u_downscale|x_h[0][1]                                                                              ;
; Top_General:u_top_general|Top_Downscale_Integration:u_top_simd|Downscale_SIMD:u_downscale|x_src_fp[0][1]                                             ; Stuck at GND              ; Top_General:u_top_general|Top_Downscale_Integration:u_top_simd|Downscale_SIMD:u_downscale|alpha_vec[0][1],                                                                       ;
;                                                                                                                                                      ; due to stuck port data_in ; Top_General:u_top_general|Top_Downscale_Integration:u_top_simd|Downscale_SIMD:u_downscale|Top_SIMD:u_top_simd|SIMD_Registros:regs_inst|alpha_r[0][1]                             ;
; Top_General:u_top_general|Top_Downscale_Integration:u_top_simd|Downscale_SIMD:u_downscale|x_src_fp[0][0]                                             ; Stuck at GND              ; Top_General:u_top_general|Top_Downscale_Integration:u_top_simd|Downscale_SIMD:u_downscale|alpha_vec[0][0],                                                                       ;
;                                                                                                                                                      ; due to stuck port data_in ; Top_General:u_top_general|Top_Downscale_Integration:u_top_simd|Downscale_SIMD:u_downscale|Top_SIMD:u_top_simd|SIMD_Registros:regs_inst|alpha_r[0][0]                             ;
; Top_General:u_top_general|Top_Downscale_Integration:u_top_simd|Downscale_SIMD:u_downscale|x_src_fp[1][0]                                             ; Stuck at GND              ; Top_General:u_top_general|Top_Downscale_Integration:u_top_simd|Downscale_SIMD:u_downscale|alpha_vec[1][0],                                                                       ;
;                                                                                                                                                      ; due to stuck port data_in ; Top_General:u_top_general|Top_Downscale_Integration:u_top_simd|Downscale_SIMD:u_downscale|Top_SIMD:u_top_simd|SIMD_Registros:regs_inst|alpha_r[1][0]                             ;
; Top_General:u_top_general|Top_Downscale_Integration:u_top_simd|Downscale_SIMD:u_downscale|x_src_fp[2][1]                                             ; Stuck at GND              ; Top_General:u_top_general|Top_Downscale_Integration:u_top_simd|Downscale_SIMD:u_downscale|alpha_vec[2][1],                                                                       ;
;                                                                                                                                                      ; due to stuck port data_in ; Top_General:u_top_general|Top_Downscale_Integration:u_top_simd|Downscale_SIMD:u_downscale|Top_SIMD:u_top_simd|SIMD_Registros:regs_inst|alpha_r[2][1]                             ;
; Top_General:u_top_general|Top_Downscale_Integration:u_top_simd|Downscale_SIMD:u_downscale|x_src_fp[2][0]                                             ; Stuck at GND              ; Top_General:u_top_general|Top_Downscale_Integration:u_top_simd|Downscale_SIMD:u_downscale|alpha_vec[2][0],                                                                       ;
;                                                                                                                                                      ; due to stuck port data_in ; Top_General:u_top_general|Top_Downscale_Integration:u_top_simd|Downscale_SIMD:u_downscale|Top_SIMD:u_top_simd|SIMD_Registros:regs_inst|alpha_r[2][0]                             ;
; Top_General:u_top_general|Top_Downscale_Integration:u_top_simd|Downscale_SIMD:u_downscale|y_src_fp[3][0]                                             ; Stuck at GND              ; Top_General:u_top_general|Top_Downscale_Integration:u_top_simd|Downscale_SIMD:u_downscale|beta_vec[3][0],                                                                        ;
;                                                                                                                                                      ; due to stuck port data_in ; Top_General:u_top_general|Top_Downscale_Integration:u_top_simd|Downscale_SIMD:u_downscale|Top_SIMD:u_top_simd|SIMD_Registros:regs_inst|beta_r[3][0]                              ;
; Top_General:u_top_general|Top_Downscale_Integration:u_top_simd|Downscale_SIMD:u_downscale|x_src_fp[3][1]                                             ; Stuck at GND              ; Top_General:u_top_general|Top_Downscale_Integration:u_top_simd|Downscale_SIMD:u_downscale|alpha_vec[3][1],                                                                       ;
;                                                                                                                                                      ; due to stuck port data_in ; Top_General:u_top_general|Top_Downscale_Integration:u_top_simd|Downscale_SIMD:u_downscale|Top_SIMD:u_top_simd|SIMD_Registros:regs_inst|alpha_r[3][1]                             ;
; Top_General:u_top_general|Top_Downscale_Integration:u_top_simd|Downscale_SIMD:u_downscale|x_src_fp[3][0]                                             ; Stuck at GND              ; Top_General:u_top_general|Top_Downscale_Integration:u_top_simd|Downscale_SIMD:u_downscale|alpha_vec[3][0],                                                                       ;
;                                                                                                                                                      ; due to stuck port data_in ; Top_General:u_top_general|Top_Downscale_Integration:u_top_simd|Downscale_SIMD:u_downscale|Top_SIMD:u_top_simd|SIMD_Registros:regs_inst|alpha_r[3][0]                             ;
; Top_General:u_top_general|Top_Downscale_Integration:u_top_simd|Downscale_SIMD:u_downscale|y_src_fp[0][1]                                             ; Stuck at GND              ; Top_General:u_top_general|Top_Downscale_Integration:u_top_simd|Downscale_SIMD:u_downscale|beta_vec[0][1],                                                                        ;
;                                                                                                                                                      ; due to stuck port data_in ; Top_General:u_top_general|Top_Downscale_Integration:u_top_simd|Downscale_SIMD:u_downscale|Top_SIMD:u_top_simd|SIMD_Registros:regs_inst|beta_r[0][1]                              ;
; Top_General:u_top_general|Top_Downscale_Integration:u_top_simd|Downscale_SIMD:u_downscale|y_src_fp[0][0]                                             ; Stuck at GND              ; Top_General:u_top_general|Top_Downscale_Integration:u_top_simd|Downscale_SIMD:u_downscale|beta_vec[0][0],                                                                        ;
;                                                                                                                                                      ; due to stuck port data_in ; Top_General:u_top_general|Top_Downscale_Integration:u_top_simd|Downscale_SIMD:u_downscale|Top_SIMD:u_top_simd|SIMD_Registros:regs_inst|beta_r[0][0]                              ;
; Top_General:u_top_general|Top_Downscale_Integration:u_top_simd|Downscale_SIMD:u_downscale|y_src_fp[1][1]                                             ; Stuck at GND              ; Top_General:u_top_general|Top_Downscale_Integration:u_top_simd|Downscale_SIMD:u_downscale|beta_vec[1][1],                                                                        ;
;                                                                                                                                                      ; due to stuck port data_in ; Top_General:u_top_general|Top_Downscale_Integration:u_top_simd|Downscale_SIMD:u_downscale|Top_SIMD:u_top_simd|SIMD_Registros:regs_inst|beta_r[1][1]                              ;
; Top_General:u_top_general|Top_Downscale_Integration:u_top_simd|Downscale_SIMD:u_downscale|y_src_fp[1][0]                                             ; Stuck at GND              ; Top_General:u_top_general|Top_Downscale_Integration:u_top_simd|Downscale_SIMD:u_downscale|beta_vec[1][0],                                                                        ;
;                                                                                                                                                      ; due to stuck port data_in ; Top_General:u_top_general|Top_Downscale_Integration:u_top_simd|Downscale_SIMD:u_downscale|Top_SIMD:u_top_simd|SIMD_Registros:regs_inst|beta_r[1][0]                              ;
; Top_General:u_top_general|Top_Downscale_Integration:u_top_simd|Downscale_SIMD:u_downscale|y_src_fp[2][1]                                             ; Stuck at GND              ; Top_General:u_top_general|Top_Downscale_Integration:u_top_simd|Downscale_SIMD:u_downscale|beta_vec[2][1],                                                                        ;
;                                                                                                                                                      ; due to stuck port data_in ; Top_General:u_top_general|Top_Downscale_Integration:u_top_simd|Downscale_SIMD:u_downscale|Top_SIMD:u_top_simd|SIMD_Registros:regs_inst|beta_r[2][1]                              ;
; Top_General:u_top_general|Top_Downscale_Integration:u_top_simd|Downscale_SIMD:u_downscale|y_src_fp[2][0]                                             ; Stuck at GND              ; Top_General:u_top_general|Top_Downscale_Integration:u_top_simd|Downscale_SIMD:u_downscale|beta_vec[2][0],                                                                        ;
;                                                                                                                                                      ; due to stuck port data_in ; Top_General:u_top_general|Top_Downscale_Integration:u_top_simd|Downscale_SIMD:u_downscale|Top_SIMD:u_top_simd|SIMD_Registros:regs_inst|beta_r[2][0]                              ;
; Top_General:u_top_general|Top_Downscale_Integration:u_top_simd|Downscale_SIMD:u_downscale|y_src_fp[3][1]                                             ; Stuck at GND              ; Top_General:u_top_general|Top_Downscale_Integration:u_top_simd|Downscale_SIMD:u_downscale|beta_vec[3][1],                                                                        ;
;                                                                                                                                                      ; due to stuck port data_in ; Top_General:u_top_general|Top_Downscale_Integration:u_top_simd|Downscale_SIMD:u_downscale|Top_SIMD:u_top_simd|SIMD_Registros:regs_inst|beta_r[3][1]                              ;
; Top_General:u_top_general|Top_Downscale_Integration:u_top_simd|Downscale_SIMD:u_downscale|x_src_fp[3][23]                                            ; Stuck at GND              ; Top_General:u_top_general|Top_Downscale_Integration:u_top_simd|Downscale_SIMD:u_downscale|x_h[3][7]                                                                              ;
;                                                                                                                                                      ; due to stuck port data_in ;                                                                                                                                                                                  ;
; Top_General:u_top_general|Top_Downscale_Integration:u_top_simd|Downscale_SIMD:u_downscale|x_l[1][0]                                                  ; Stuck at GND              ; Top_General:u_top_general|Top_Downscale_Integration:u_top_simd|Downscale_SIMD:u_downscale|x_h[1][0]                                                                              ;
;                                                                                                                                                      ; due to stuck port data_in ;                                                                                                                                                                                  ;
; Top_General:u_top_general|Top_Downscale_Integration:u_top_simd|Downscale_SIMD:u_downscale|x_l[2][0]                                                  ; Stuck at GND              ; Top_General:u_top_general|Top_Downscale_Integration:u_top_simd|Downscale_SIMD:u_downscale|x_h[2][0]                                                                              ;
;                                                                                                                                                      ; due to stuck port data_in ;                                                                                                                                                                                  ;
; Top_General:u_top_general|Top_Downscale_Integration:u_top_simd|Downscale_SIMD:u_downscale|Top_SIMD:u_top_simd|SIMD_Registros:regs_inst|beta_r[2][2]  ; Lost Fanouts              ; Top_General:u_top_general|Top_Downscale_Integration:u_top_simd|Downscale_SIMD:u_downscale|beta_vec[2][2]                                                                         ;
; Top_General:u_top_general|Top_Downscale_Integration:u_top_simd|Downscale_SIMD:u_downscale|Top_SIMD:u_top_simd|SIMD_Registros:regs_inst|beta_r[2][3]  ; Lost Fanouts              ; Top_General:u_top_general|Top_Downscale_Integration:u_top_simd|Downscale_SIMD:u_downscale|beta_vec[2][3]                                                                         ;
; Top_General:u_top_general|Top_Downscale_Integration:u_top_simd|Downscale_SIMD:u_downscale|Top_SIMD:u_top_simd|SIMD_Registros:regs_inst|beta_r[2][4]  ; Lost Fanouts              ; Top_General:u_top_general|Top_Downscale_Integration:u_top_simd|Downscale_SIMD:u_downscale|beta_vec[2][4]                                                                         ;
; Top_General:u_top_general|Top_Downscale_Integration:u_top_simd|Downscale_SIMD:u_downscale|Top_SIMD:u_top_simd|SIMD_Registros:regs_inst|beta_r[2][5]  ; Lost Fanouts              ; Top_General:u_top_general|Top_Downscale_Integration:u_top_simd|Downscale_SIMD:u_downscale|beta_vec[2][5]                                                                         ;
; Top_General:u_top_general|Top_Downscale_Integration:u_top_simd|Downscale_SIMD:u_downscale|Top_SIMD:u_top_simd|SIMD_Registros:regs_inst|beta_r[2][6]  ; Lost Fanouts              ; Top_General:u_top_general|Top_Downscale_Integration:u_top_simd|Downscale_SIMD:u_downscale|beta_vec[2][6]                                                                         ;
; Top_General:u_top_general|Top_Downscale_Integration:u_top_simd|Downscale_SIMD:u_downscale|Top_SIMD:u_top_simd|SIMD_Registros:regs_inst|beta_r[2][7]  ; Lost Fanouts              ; Top_General:u_top_general|Top_Downscale_Integration:u_top_simd|Downscale_SIMD:u_downscale|beta_vec[2][7]                                                                         ;
; Top_General:u_top_general|Top_Downscale_Integration:u_top_simd|Downscale_SIMD:u_downscale|Top_SIMD:u_top_simd|SIMD_Registros:regs_inst|I10_r[2][0]   ; Lost Fanouts              ; Top_General:u_top_general|Top_Downscale_Integration:u_top_simd|Downscale_SIMD:u_downscale|I10_vec[2][0]                                                                          ;
; Top_General:u_top_general|Top_Downscale_Integration:u_top_simd|Downscale_SIMD:u_downscale|Top_SIMD:u_top_simd|SIMD_Registros:regs_inst|I00_r[2][0]   ; Lost Fanouts              ; Top_General:u_top_general|Top_Downscale_Integration:u_top_simd|Downscale_SIMD:u_downscale|I00_vec[2][0]                                                                          ;
; Top_General:u_top_general|Top_Downscale_Integration:u_top_simd|Downscale_SIMD:u_downscale|Top_SIMD:u_top_simd|SIMD_Registros:regs_inst|I10_r[2][1]   ; Lost Fanouts              ; Top_General:u_top_general|Top_Downscale_Integration:u_top_simd|Downscale_SIMD:u_downscale|I10_vec[2][1]                                                                          ;
; Top_General:u_top_general|Top_Downscale_Integration:u_top_simd|Downscale_SIMD:u_downscale|Top_SIMD:u_top_simd|SIMD_Registros:regs_inst|I00_r[2][1]   ; Lost Fanouts              ; Top_General:u_top_general|Top_Downscale_Integration:u_top_simd|Downscale_SIMD:u_downscale|I00_vec[2][1]                                                                          ;
; Top_General:u_top_general|Top_Downscale_Integration:u_top_simd|Downscale_SIMD:u_downscale|Top_SIMD:u_top_simd|SIMD_Registros:regs_inst|I10_r[2][2]   ; Lost Fanouts              ; Top_General:u_top_general|Top_Downscale_Integration:u_top_simd|Downscale_SIMD:u_downscale|I10_vec[2][2]                                                                          ;
; Top_General:u_top_general|Top_Downscale_Integration:u_top_simd|Downscale_SIMD:u_downscale|Top_SIMD:u_top_simd|SIMD_Registros:regs_inst|I00_r[2][2]   ; Lost Fanouts              ; Top_General:u_top_general|Top_Downscale_Integration:u_top_simd|Downscale_SIMD:u_downscale|I00_vec[2][2]                                                                          ;
; Top_General:u_top_general|Top_Downscale_Integration:u_top_simd|Downscale_SIMD:u_downscale|Top_SIMD:u_top_simd|SIMD_Registros:regs_inst|I10_r[2][3]   ; Lost Fanouts              ; Top_General:u_top_general|Top_Downscale_Integration:u_top_simd|Downscale_SIMD:u_downscale|I10_vec[2][3]                                                                          ;
; Top_General:u_top_general|Top_Downscale_Integration:u_top_simd|Downscale_SIMD:u_downscale|Top_SIMD:u_top_simd|SIMD_Registros:regs_inst|I00_r[2][3]   ; Lost Fanouts              ; Top_General:u_top_general|Top_Downscale_Integration:u_top_simd|Downscale_SIMD:u_downscale|I00_vec[2][3]                                                                          ;
; Top_General:u_top_general|Top_Downscale_Integration:u_top_simd|Downscale_SIMD:u_downscale|Top_SIMD:u_top_simd|SIMD_Registros:regs_inst|I10_r[2][4]   ; Lost Fanouts              ; Top_General:u_top_general|Top_Downscale_Integration:u_top_simd|Downscale_SIMD:u_downscale|I10_vec[2][4]                                                                          ;
; Top_General:u_top_general|Top_Downscale_Integration:u_top_simd|Downscale_SIMD:u_downscale|Top_SIMD:u_top_simd|SIMD_Registros:regs_inst|I00_r[2][4]   ; Lost Fanouts              ; Top_General:u_top_general|Top_Downscale_Integration:u_top_simd|Downscale_SIMD:u_downscale|I00_vec[2][4]                                                                          ;
; Top_General:u_top_general|Top_Downscale_Integration:u_top_simd|Downscale_SIMD:u_downscale|Top_SIMD:u_top_simd|SIMD_Registros:regs_inst|I10_r[2][5]   ; Lost Fanouts              ; Top_General:u_top_general|Top_Downscale_Integration:u_top_simd|Downscale_SIMD:u_downscale|I10_vec[2][5]                                                                          ;
; Top_General:u_top_general|Top_Downscale_Integration:u_top_simd|Downscale_SIMD:u_downscale|Top_SIMD:u_top_simd|SIMD_Registros:regs_inst|I00_r[2][5]   ; Lost Fanouts              ; Top_General:u_top_general|Top_Downscale_Integration:u_top_simd|Downscale_SIMD:u_downscale|I00_vec[2][5]                                                                          ;
; Top_General:u_top_general|Top_Downscale_Integration:u_top_simd|Downscale_SIMD:u_downscale|Top_SIMD:u_top_simd|SIMD_Registros:regs_inst|I10_r[2][6]   ; Lost Fanouts              ; Top_General:u_top_general|Top_Downscale_Integration:u_top_simd|Downscale_SIMD:u_downscale|I10_vec[2][6]                                                                          ;
; Top_General:u_top_general|Top_Downscale_Integration:u_top_simd|Downscale_SIMD:u_downscale|Top_SIMD:u_top_simd|SIMD_Registros:regs_inst|I00_r[2][6]   ; Lost Fanouts              ; Top_General:u_top_general|Top_Downscale_Integration:u_top_simd|Downscale_SIMD:u_downscale|I00_vec[2][6]                                                                          ;
; Top_General:u_top_general|Top_Downscale_Integration:u_top_simd|Downscale_SIMD:u_downscale|Top_SIMD:u_top_simd|SIMD_Registros:regs_inst|I10_r[2][7]   ; Lost Fanouts              ; Top_General:u_top_general|Top_Downscale_Integration:u_top_simd|Downscale_SIMD:u_downscale|I10_vec[2][7]                                                                          ;
; Top_General:u_top_general|Top_Downscale_Integration:u_top_simd|Downscale_SIMD:u_downscale|Top_SIMD:u_top_simd|SIMD_Registros:regs_inst|I00_r[2][7]   ; Lost Fanouts              ; Top_General:u_top_general|Top_Downscale_Integration:u_top_simd|Downscale_SIMD:u_downscale|I00_vec[2][7]                                                                          ;
; Top_General:u_top_general|Top_Downscale_Integration:u_top_simd|Downscale_SIMD:u_downscale|Top_SIMD:u_top_simd|SIMD_Registros:regs_inst|alpha_r[2][3] ; Lost Fanouts              ; Top_General:u_top_general|Top_Downscale_Integration:u_top_simd|Downscale_SIMD:u_downscale|alpha_vec[2][3]                                                                        ;
; Top_General:u_top_general|Top_Downscale_Integration:u_top_simd|Downscale_SIMD:u_downscale|Top_SIMD:u_top_simd|SIMD_Registros:regs_inst|alpha_r[2][4] ; Lost Fanouts              ; Top_General:u_top_general|Top_Downscale_Integration:u_top_simd|Downscale_SIMD:u_downscale|alpha_vec[2][4]                                                                        ;
; Top_General:u_top_general|Top_Downscale_Integration:u_top_simd|Downscale_SIMD:u_downscale|Top_SIMD:u_top_simd|SIMD_Registros:regs_inst|alpha_r[2][5] ; Lost Fanouts              ; Top_General:u_top_general|Top_Downscale_Integration:u_top_simd|Downscale_SIMD:u_downscale|alpha_vec[2][5]                                                                        ;
; Top_General:u_top_general|Top_Downscale_Integration:u_top_simd|Downscale_SIMD:u_downscale|Top_SIMD:u_top_simd|SIMD_Registros:regs_inst|alpha_r[2][6] ; Lost Fanouts              ; Top_General:u_top_general|Top_Downscale_Integration:u_top_simd|Downscale_SIMD:u_downscale|alpha_vec[2][6]                                                                        ;
; Top_General:u_top_general|Top_Downscale_Integration:u_top_simd|Downscale_SIMD:u_downscale|Top_SIMD:u_top_simd|SIMD_Registros:regs_inst|I11_r[2][0]   ; Lost Fanouts              ; Top_General:u_top_general|Top_Downscale_Integration:u_top_simd|Downscale_SIMD:u_downscale|I11_vec[2][0]                                                                          ;
; Top_General:u_top_general|Top_Downscale_Integration:u_top_simd|Downscale_SIMD:u_downscale|Top_SIMD:u_top_simd|SIMD_Registros:regs_inst|I01_r[2][0]   ; Lost Fanouts              ; Top_General:u_top_general|Top_Downscale_Integration:u_top_simd|Downscale_SIMD:u_downscale|I01_vec[2][0]                                                                          ;
; Top_General:u_top_general|Top_Downscale_Integration:u_top_simd|Downscale_SIMD:u_downscale|Top_SIMD:u_top_simd|SIMD_Registros:regs_inst|I11_r[2][1]   ; Lost Fanouts              ; Top_General:u_top_general|Top_Downscale_Integration:u_top_simd|Downscale_SIMD:u_downscale|I11_vec[2][1]                                                                          ;
; Top_General:u_top_general|Top_Downscale_Integration:u_top_simd|Downscale_SIMD:u_downscale|Top_SIMD:u_top_simd|SIMD_Registros:regs_inst|I01_r[2][1]   ; Lost Fanouts              ; Top_General:u_top_general|Top_Downscale_Integration:u_top_simd|Downscale_SIMD:u_downscale|I01_vec[2][1]                                                                          ;
; Top_General:u_top_general|Top_Downscale_Integration:u_top_simd|Downscale_SIMD:u_downscale|Top_SIMD:u_top_simd|SIMD_Registros:regs_inst|I11_r[2][2]   ; Lost Fanouts              ; Top_General:u_top_general|Top_Downscale_Integration:u_top_simd|Downscale_SIMD:u_downscale|I11_vec[2][2]                                                                          ;
; Top_General:u_top_general|Top_Downscale_Integration:u_top_simd|Downscale_SIMD:u_downscale|Top_SIMD:u_top_simd|SIMD_Registros:regs_inst|I01_r[2][2]   ; Lost Fanouts              ; Top_General:u_top_general|Top_Downscale_Integration:u_top_simd|Downscale_SIMD:u_downscale|I01_vec[2][2]                                                                          ;
; Top_General:u_top_general|Top_Downscale_Integration:u_top_simd|Downscale_SIMD:u_downscale|Top_SIMD:u_top_simd|SIMD_Registros:regs_inst|I11_r[2][3]   ; Lost Fanouts              ; Top_General:u_top_general|Top_Downscale_Integration:u_top_simd|Downscale_SIMD:u_downscale|I11_vec[2][3]                                                                          ;
; Top_General:u_top_general|Top_Downscale_Integration:u_top_simd|Downscale_SIMD:u_downscale|Top_SIMD:u_top_simd|SIMD_Registros:regs_inst|I01_r[2][3]   ; Lost Fanouts              ; Top_General:u_top_general|Top_Downscale_Integration:u_top_simd|Downscale_SIMD:u_downscale|I01_vec[2][3]                                                                          ;
; Top_General:u_top_general|Top_Downscale_Integration:u_top_simd|Downscale_SIMD:u_downscale|Top_SIMD:u_top_simd|SIMD_Registros:regs_inst|I11_r[2][4]   ; Lost Fanouts              ; Top_General:u_top_general|Top_Downscale_Integration:u_top_simd|Downscale_SIMD:u_downscale|I11_vec[2][4]                                                                          ;
; Top_General:u_top_general|Top_Downscale_Integration:u_top_simd|Downscale_SIMD:u_downscale|Top_SIMD:u_top_simd|SIMD_Registros:regs_inst|I01_r[2][4]   ; Lost Fanouts              ; Top_General:u_top_general|Top_Downscale_Integration:u_top_simd|Downscale_SIMD:u_downscale|I01_vec[2][4]                                                                          ;
; Top_General:u_top_general|Top_Downscale_Integration:u_top_simd|Downscale_SIMD:u_downscale|Top_SIMD:u_top_simd|SIMD_Registros:regs_inst|I11_r[2][5]   ; Lost Fanouts              ; Top_General:u_top_general|Top_Downscale_Integration:u_top_simd|Downscale_SIMD:u_downscale|I11_vec[2][5]                                                                          ;
; Top_General:u_top_general|Top_Downscale_Integration:u_top_simd|Downscale_SIMD:u_downscale|Top_SIMD:u_top_simd|SIMD_Registros:regs_inst|I01_r[2][5]   ; Lost Fanouts              ; Top_General:u_top_general|Top_Downscale_Integration:u_top_simd|Downscale_SIMD:u_downscale|I01_vec[2][5]                                                                          ;
; Top_General:u_top_general|Top_Downscale_Integration:u_top_simd|Downscale_SIMD:u_downscale|Top_SIMD:u_top_simd|SIMD_Registros:regs_inst|I11_r[2][6]   ; Lost Fanouts              ; Top_General:u_top_general|Top_Downscale_Integration:u_top_simd|Downscale_SIMD:u_downscale|I11_vec[2][6]                                                                          ;
; Top_General:u_top_general|Top_Downscale_Integration:u_top_simd|Downscale_SIMD:u_downscale|Top_SIMD:u_top_simd|SIMD_Registros:regs_inst|I01_r[2][6]   ; Lost Fanouts              ; Top_General:u_top_general|Top_Downscale_Integration:u_top_simd|Downscale_SIMD:u_downscale|I01_vec[2][6]                                                                          ;
; Top_General:u_top_general|Top_Downscale_Integration:u_top_simd|Downscale_SIMD:u_downscale|Top_SIMD:u_top_simd|SIMD_Registros:regs_inst|I11_r[2][7]   ; Lost Fanouts              ; Top_General:u_top_general|Top_Downscale_Integration:u_top_simd|Downscale_SIMD:u_downscale|I11_vec[2][7]                                                                          ;
; Top_General:u_top_general|Top_Downscale_Integration:u_top_simd|Downscale_SIMD:u_downscale|Top_SIMD:u_top_simd|SIMD_Registros:regs_inst|I01_r[2][7]   ; Lost Fanouts              ; Top_General:u_top_general|Top_Downscale_Integration:u_top_simd|Downscale_SIMD:u_downscale|I01_vec[2][7]                                                                          ;
; Top_General:u_top_general|Top_Downscale_Integration:u_top_simd|Downscale_SIMD:u_downscale|Top_SIMD:u_top_simd|SIMD_Registros:regs_inst|beta_r[1][4]  ; Lost Fanouts              ; Top_General:u_top_general|Top_Downscale_Integration:u_top_simd|Downscale_SIMD:u_downscale|beta_vec[1][4]                                                                         ;
; Top_General:u_top_general|Top_Downscale_Integration:u_top_simd|Downscale_SIMD:u_downscale|Top_SIMD:u_top_simd|SIMD_Registros:regs_inst|beta_r[1][5]  ; Lost Fanouts              ; Top_General:u_top_general|Top_Downscale_Integration:u_top_simd|Downscale_SIMD:u_downscale|beta_vec[1][5]                                                                         ;
; Top_General:u_top_general|Top_Downscale_Integration:u_top_simd|Downscale_SIMD:u_downscale|Top_SIMD:u_top_simd|SIMD_Registros:regs_inst|beta_r[1][6]  ; Lost Fanouts              ; Top_General:u_top_general|Top_Downscale_Integration:u_top_simd|Downscale_SIMD:u_downscale|beta_vec[1][6]                                                                         ;
; Top_General:u_top_general|Top_Downscale_Integration:u_top_simd|Downscale_SIMD:u_downscale|Top_SIMD:u_top_simd|SIMD_Registros:regs_inst|beta_r[1][7]  ; Lost Fanouts              ; Top_General:u_top_general|Top_Downscale_Integration:u_top_simd|Downscale_SIMD:u_downscale|beta_vec[1][7]                                                                         ;
; Top_General:u_top_general|Top_Downscale_Integration:u_top_simd|Downscale_SIMD:u_downscale|Top_SIMD:u_top_simd|SIMD_Registros:regs_inst|I10_r[1][0]   ; Lost Fanouts              ; Top_General:u_top_general|Top_Downscale_Integration:u_top_simd|Downscale_SIMD:u_downscale|I10_vec[1][0]                                                                          ;
; Top_General:u_top_general|Top_Downscale_Integration:u_top_simd|Downscale_SIMD:u_downscale|Top_SIMD:u_top_simd|SIMD_Registros:regs_inst|I00_r[1][0]   ; Lost Fanouts              ; Top_General:u_top_general|Top_Downscale_Integration:u_top_simd|Downscale_SIMD:u_downscale|I00_vec[1][0]                                                                          ;
; Top_General:u_top_general|Top_Downscale_Integration:u_top_simd|Downscale_SIMD:u_downscale|Top_SIMD:u_top_simd|SIMD_Registros:regs_inst|I10_r[1][1]   ; Lost Fanouts              ; Top_General:u_top_general|Top_Downscale_Integration:u_top_simd|Downscale_SIMD:u_downscale|I10_vec[1][1]                                                                          ;
; Top_General:u_top_general|Top_Downscale_Integration:u_top_simd|Downscale_SIMD:u_downscale|Top_SIMD:u_top_simd|SIMD_Registros:regs_inst|I00_r[1][1]   ; Lost Fanouts              ; Top_General:u_top_general|Top_Downscale_Integration:u_top_simd|Downscale_SIMD:u_downscale|I00_vec[1][1]                                                                          ;
; Top_General:u_top_general|Top_Downscale_Integration:u_top_simd|Downscale_SIMD:u_downscale|Top_SIMD:u_top_simd|SIMD_Registros:regs_inst|I10_r[1][2]   ; Lost Fanouts              ; Top_General:u_top_general|Top_Downscale_Integration:u_top_simd|Downscale_SIMD:u_downscale|I10_vec[1][2]                                                                          ;
; Top_General:u_top_general|Top_Downscale_Integration:u_top_simd|Downscale_SIMD:u_downscale|Top_SIMD:u_top_simd|SIMD_Registros:regs_inst|I00_r[1][2]   ; Lost Fanouts              ; Top_General:u_top_general|Top_Downscale_Integration:u_top_simd|Downscale_SIMD:u_downscale|I00_vec[1][2]                                                                          ;
; Top_General:u_top_general|Top_Downscale_Integration:u_top_simd|Downscale_SIMD:u_downscale|Top_SIMD:u_top_simd|SIMD_Registros:regs_inst|I10_r[1][3]   ; Lost Fanouts              ; Top_General:u_top_general|Top_Downscale_Integration:u_top_simd|Downscale_SIMD:u_downscale|I10_vec[1][3]                                                                          ;
; Top_General:u_top_general|Top_Downscale_Integration:u_top_simd|Downscale_SIMD:u_downscale|Top_SIMD:u_top_simd|SIMD_Registros:regs_inst|I00_r[1][3]   ; Lost Fanouts              ; Top_General:u_top_general|Top_Downscale_Integration:u_top_simd|Downscale_SIMD:u_downscale|I00_vec[1][3]                                                                          ;
; Top_General:u_top_general|Top_Downscale_Integration:u_top_simd|Downscale_SIMD:u_downscale|Top_SIMD:u_top_simd|SIMD_Registros:regs_inst|I10_r[1][4]   ; Lost Fanouts              ; Top_General:u_top_general|Top_Downscale_Integration:u_top_simd|Downscale_SIMD:u_downscale|I10_vec[1][4]                                                                          ;
; Top_General:u_top_general|Top_Downscale_Integration:u_top_simd|Downscale_SIMD:u_downscale|Top_SIMD:u_top_simd|SIMD_Registros:regs_inst|I00_r[1][4]   ; Lost Fanouts              ; Top_General:u_top_general|Top_Downscale_Integration:u_top_simd|Downscale_SIMD:u_downscale|I00_vec[1][4]                                                                          ;
; Top_General:u_top_general|Top_Downscale_Integration:u_top_simd|Downscale_SIMD:u_downscale|Top_SIMD:u_top_simd|SIMD_Registros:regs_inst|I10_r[1][5]   ; Lost Fanouts              ; Top_General:u_top_general|Top_Downscale_Integration:u_top_simd|Downscale_SIMD:u_downscale|I10_vec[1][5]                                                                          ;
; Top_General:u_top_general|Top_Downscale_Integration:u_top_simd|Downscale_SIMD:u_downscale|Top_SIMD:u_top_simd|SIMD_Registros:regs_inst|I00_r[1][5]   ; Lost Fanouts              ; Top_General:u_top_general|Top_Downscale_Integration:u_top_simd|Downscale_SIMD:u_downscale|I00_vec[1][5]                                                                          ;
; Top_General:u_top_general|Top_Downscale_Integration:u_top_simd|Downscale_SIMD:u_downscale|Top_SIMD:u_top_simd|SIMD_Registros:regs_inst|I10_r[1][6]   ; Lost Fanouts              ; Top_General:u_top_general|Top_Downscale_Integration:u_top_simd|Downscale_SIMD:u_downscale|I10_vec[1][6]                                                                          ;
; Top_General:u_top_general|Top_Downscale_Integration:u_top_simd|Downscale_SIMD:u_downscale|Top_SIMD:u_top_simd|SIMD_Registros:regs_inst|I00_r[1][6]   ; Lost Fanouts              ; Top_General:u_top_general|Top_Downscale_Integration:u_top_simd|Downscale_SIMD:u_downscale|I00_vec[1][6]                                                                          ;
; Top_General:u_top_general|Top_Downscale_Integration:u_top_simd|Downscale_SIMD:u_downscale|Top_SIMD:u_top_simd|SIMD_Registros:regs_inst|I10_r[1][7]   ; Lost Fanouts              ; Top_General:u_top_general|Top_Downscale_Integration:u_top_simd|Downscale_SIMD:u_downscale|I10_vec[1][7]                                                                          ;
; Top_General:u_top_general|Top_Downscale_Integration:u_top_simd|Downscale_SIMD:u_downscale|Top_SIMD:u_top_simd|SIMD_Registros:regs_inst|I00_r[1][7]   ; Lost Fanouts              ; Top_General:u_top_general|Top_Downscale_Integration:u_top_simd|Downscale_SIMD:u_downscale|I00_vec[1][7]                                                                          ;
; Top_General:u_top_general|Top_Downscale_Integration:u_top_simd|Downscale_SIMD:u_downscale|Top_SIMD:u_top_simd|SIMD_Registros:regs_inst|I11_r[1][0]   ; Lost Fanouts              ; Top_General:u_top_general|Top_Downscale_Integration:u_top_simd|Downscale_SIMD:u_downscale|I11_vec[1][0]                                                                          ;
; Top_General:u_top_general|Top_Downscale_Integration:u_top_simd|Downscale_SIMD:u_downscale|Top_SIMD:u_top_simd|SIMD_Registros:regs_inst|I01_r[1][0]   ; Lost Fanouts              ; Top_General:u_top_general|Top_Downscale_Integration:u_top_simd|Downscale_SIMD:u_downscale|I01_vec[1][0]                                                                          ;
; Top_General:u_top_general|Top_Downscale_Integration:u_top_simd|Downscale_SIMD:u_downscale|Top_SIMD:u_top_simd|SIMD_Registros:regs_inst|I11_r[1][1]   ; Lost Fanouts              ; Top_General:u_top_general|Top_Downscale_Integration:u_top_simd|Downscale_SIMD:u_downscale|I11_vec[1][1]                                                                          ;
; Top_General:u_top_general|Top_Downscale_Integration:u_top_simd|Downscale_SIMD:u_downscale|Top_SIMD:u_top_simd|SIMD_Registros:regs_inst|I01_r[1][1]   ; Lost Fanouts              ; Top_General:u_top_general|Top_Downscale_Integration:u_top_simd|Downscale_SIMD:u_downscale|I01_vec[1][1]                                                                          ;
; Top_General:u_top_general|Top_Downscale_Integration:u_top_simd|Downscale_SIMD:u_downscale|Top_SIMD:u_top_simd|SIMD_Registros:regs_inst|I11_r[1][2]   ; Lost Fanouts              ; Top_General:u_top_general|Top_Downscale_Integration:u_top_simd|Downscale_SIMD:u_downscale|I11_vec[1][2]                                                                          ;
; Top_General:u_top_general|Top_Downscale_Integration:u_top_simd|Downscale_SIMD:u_downscale|Top_SIMD:u_top_simd|SIMD_Registros:regs_inst|I01_r[1][2]   ; Lost Fanouts              ; Top_General:u_top_general|Top_Downscale_Integration:u_top_simd|Downscale_SIMD:u_downscale|I01_vec[1][2]                                                                          ;
; Top_General:u_top_general|Top_Downscale_Integration:u_top_simd|Downscale_SIMD:u_downscale|Top_SIMD:u_top_simd|SIMD_Registros:regs_inst|I11_r[1][3]   ; Lost Fanouts              ; Top_General:u_top_general|Top_Downscale_Integration:u_top_simd|Downscale_SIMD:u_downscale|I11_vec[1][3]                                                                          ;
; Top_General:u_top_general|Top_Downscale_Integration:u_top_simd|Downscale_SIMD:u_downscale|Top_SIMD:u_top_simd|SIMD_Registros:regs_inst|I01_r[1][3]   ; Lost Fanouts              ; Top_General:u_top_general|Top_Downscale_Integration:u_top_simd|Downscale_SIMD:u_downscale|I01_vec[1][3]                                                                          ;
; Top_General:u_top_general|Top_Downscale_Integration:u_top_simd|Downscale_SIMD:u_downscale|Top_SIMD:u_top_simd|SIMD_Registros:regs_inst|I11_r[1][4]   ; Lost Fanouts              ; Top_General:u_top_general|Top_Downscale_Integration:u_top_simd|Downscale_SIMD:u_downscale|I11_vec[1][4]                                                                          ;
; Top_General:u_top_general|Top_Downscale_Integration:u_top_simd|Downscale_SIMD:u_downscale|Top_SIMD:u_top_simd|SIMD_Registros:regs_inst|I01_r[1][4]   ; Lost Fanouts              ; Top_General:u_top_general|Top_Downscale_Integration:u_top_simd|Downscale_SIMD:u_downscale|I01_vec[1][4]                                                                          ;
; Top_General:u_top_general|Top_Downscale_Integration:u_top_simd|Downscale_SIMD:u_downscale|Top_SIMD:u_top_simd|SIMD_Registros:regs_inst|I11_r[1][5]   ; Lost Fanouts              ; Top_General:u_top_general|Top_Downscale_Integration:u_top_simd|Downscale_SIMD:u_downscale|I11_vec[1][5]                                                                          ;
; Top_General:u_top_general|Top_Downscale_Integration:u_top_simd|Downscale_SIMD:u_downscale|Top_SIMD:u_top_simd|SIMD_Registros:regs_inst|I01_r[1][5]   ; Lost Fanouts              ; Top_General:u_top_general|Top_Downscale_Integration:u_top_simd|Downscale_SIMD:u_downscale|I01_vec[1][5]                                                                          ;
; Top_General:u_top_general|Top_Downscale_Integration:u_top_simd|Downscale_SIMD:u_downscale|Top_SIMD:u_top_simd|SIMD_Registros:regs_inst|I11_r[1][6]   ; Lost Fanouts              ; Top_General:u_top_general|Top_Downscale_Integration:u_top_simd|Downscale_SIMD:u_downscale|I11_vec[1][6]                                                                          ;
; Top_General:u_top_general|Top_Downscale_Integration:u_top_simd|Downscale_SIMD:u_downscale|Top_SIMD:u_top_simd|SIMD_Registros:regs_inst|I01_r[1][6]   ; Lost Fanouts              ; Top_General:u_top_general|Top_Downscale_Integration:u_top_simd|Downscale_SIMD:u_downscale|I01_vec[1][6]                                                                          ;
; Top_General:u_top_general|Top_Downscale_Integration:u_top_simd|Downscale_SIMD:u_downscale|Top_SIMD:u_top_simd|SIMD_Registros:regs_inst|I11_r[1][7]   ; Lost Fanouts              ; Top_General:u_top_general|Top_Downscale_Integration:u_top_simd|Downscale_SIMD:u_downscale|I11_vec[1][7]                                                                          ;
; Top_General:u_top_general|Top_Downscale_Integration:u_top_simd|Downscale_SIMD:u_downscale|Top_SIMD:u_top_simd|SIMD_Registros:regs_inst|I01_r[1][7]   ; Lost Fanouts              ; Top_General:u_top_general|Top_Downscale_Integration:u_top_simd|Downscale_SIMD:u_downscale|I01_vec[1][7]                                                                          ;
; Top_General:u_top_general|Top_Downscale_Integration:u_top_simd|Downscale_SIMD:u_downscale|mem_rd_addr[1][1]                                          ; Lost Fanouts              ; Top_General:u_top_general|Top_Downscale_Integration:u_top_simd|Downscale_SIMD:u_downscale|x_src_fp[1][2]                                                                         ;
+------------------------------------------------------------------------------------------------------------------------------------------------------+---------------------------+----------------------------------------------------------------------------------------------------------------------------------------------------------------------------------+


+------------------------------------------------------+
; General Register Statistics                          ;
+----------------------------------------------+-------+
; Statistic                                    ; Value ;
+----------------------------------------------+-------+
; Total registers                              ; 783   ;
; Number of registers using Synchronous Clear  ; 103   ;
; Number of registers using Synchronous Load   ; 99    ;
; Number of registers using Asynchronous Clear ; 596   ;
; Number of registers using Asynchronous Load  ; 0     ;
; Number of registers using Clock Enable       ; 678   ;
; Number of registers using Preset             ; 0     ;
+----------------------------------------------+-------+


+-------------------------------------------------------------------------------------------------------------------------------------------------------------------------------------------------------------------------------------------------------------------------------------------------------------------------------------------+
; Inverted Register Statistics                                                                                                                                                                                                                                                                                                              ;
+---------------------------------------------------------------------------------------------------------------------------------------------------------------------------------------------------------------------------------------------------------------------------------------------------------------------------------+---------+
; Inverted Register                                                                                                                                                                                                                                                                                                               ; Fan out ;
+---------------------------------------------------------------------------------------------------------------------------------------------------------------------------------------------------------------------------------------------------------------------------------------------------------------------------------+---------+
; Top_General:u_top_general|JTAG_Interface:jtag|regimgwidth[6]                                                                                                                                                                                                                                                                    ; 1       ;
; Top_General:u_top_general|JTAG_Interface:jtag|regimgheight[6]                                                                                                                                                                                                                                                                   ; 1       ;
; sld_hub:auto_hub|alt_sld_fab_with_jtag_input:\instrumentation_fabric_with_node_gen:fabric_gen_new_way:with_jtag_input_gen:instrumentation_fabric|alt_sld_fab:instrumentation_fabric|alt_sld_fab_alt_sld_fab:alt_sld_fab|alt_sld_fab_alt_sld_fab_sldfabric:sldfabric|sld_jtag_hub:\jtag_hub_gen:real_sld_jtag_hub|jtag_ir_reg[1] ; 3       ;
; sld_hub:auto_hub|alt_sld_fab_with_jtag_input:\instrumentation_fabric_with_node_gen:fabric_gen_new_way:with_jtag_input_gen:instrumentation_fabric|alt_sld_fab:instrumentation_fabric|alt_sld_fab_alt_sld_fab:alt_sld_fab|alt_sld_fab_alt_sld_fab_sldfabric:sldfabric|sld_jtag_hub:\jtag_hub_gen:real_sld_jtag_hub|jtag_ir_reg[2] ; 3       ;
; Total number of inverted registers = 4                                                                                                                                                                                                                                                                                          ;         ;
+---------------------------------------------------------------------------------------------------------------------------------------------------------------------------------------------------------------------------------------------------------------------------------------------------------------------------------+---------+


+------------------------------------------------------------------------------------------------------------------------------------------------------------------------------------------------------------------+
; Registers Added for RAM Pass-Through Logic                                                                                                                                                                       ;
+--------------------------------------------------------------------------------------------------------------+---------------------------------------------------------------------------------------------------+
; Register Name                                                                                                ; RAM Name                                                                                          ;
+--------------------------------------------------------------------------------------------------------------+---------------------------------------------------------------------------------------------------+
; Top_General:u_top_general|Top_Downscale_Secuencial:u_top_seq|ImageMemory_SeqPort:mem|memory_rtl_0_bypass[0]  ; Top_General:u_top_general|Top_Downscale_Secuencial:u_top_seq|ImageMemory_SeqPort:mem|memory_rtl_0 ;
; Top_General:u_top_general|Top_Downscale_Secuencial:u_top_seq|ImageMemory_SeqPort:mem|memory_rtl_0_bypass[1]  ; Top_General:u_top_general|Top_Downscale_Secuencial:u_top_seq|ImageMemory_SeqPort:mem|memory_rtl_0 ;
; Top_General:u_top_general|Top_Downscale_Secuencial:u_top_seq|ImageMemory_SeqPort:mem|memory_rtl_0_bypass[2]  ; Top_General:u_top_general|Top_Downscale_Secuencial:u_top_seq|ImageMemory_SeqPort:mem|memory_rtl_0 ;
; Top_General:u_top_general|Top_Downscale_Secuencial:u_top_seq|ImageMemory_SeqPort:mem|memory_rtl_0_bypass[3]  ; Top_General:u_top_general|Top_Downscale_Secuencial:u_top_seq|ImageMemory_SeqPort:mem|memory_rtl_0 ;
; Top_General:u_top_general|Top_Downscale_Secuencial:u_top_seq|ImageMemory_SeqPort:mem|memory_rtl_0_bypass[4]  ; Top_General:u_top_general|Top_Downscale_Secuencial:u_top_seq|ImageMemory_SeqPort:mem|memory_rtl_0 ;
; Top_General:u_top_general|Top_Downscale_Secuencial:u_top_seq|ImageMemory_SeqPort:mem|memory_rtl_0_bypass[5]  ; Top_General:u_top_general|Top_Downscale_Secuencial:u_top_seq|ImageMemory_SeqPort:mem|memory_rtl_0 ;
; Top_General:u_top_general|Top_Downscale_Secuencial:u_top_seq|ImageMemory_SeqPort:mem|memory_rtl_0_bypass[6]  ; Top_General:u_top_general|Top_Downscale_Secuencial:u_top_seq|ImageMemory_SeqPort:mem|memory_rtl_0 ;
; Top_General:u_top_general|Top_Downscale_Secuencial:u_top_seq|ImageMemory_SeqPort:mem|memory_rtl_0_bypass[7]  ; Top_General:u_top_general|Top_Downscale_Secuencial:u_top_seq|ImageMemory_SeqPort:mem|memory_rtl_0 ;
; Top_General:u_top_general|Top_Downscale_Secuencial:u_top_seq|ImageMemory_SeqPort:mem|memory_rtl_0_bypass[8]  ; Top_General:u_top_general|Top_Downscale_Secuencial:u_top_seq|ImageMemory_SeqPort:mem|memory_rtl_0 ;
; Top_General:u_top_general|Top_Downscale_Secuencial:u_top_seq|ImageMemory_SeqPort:mem|memory_rtl_0_bypass[9]  ; Top_General:u_top_general|Top_Downscale_Secuencial:u_top_seq|ImageMemory_SeqPort:mem|memory_rtl_0 ;
; Top_General:u_top_general|Top_Downscale_Secuencial:u_top_seq|ImageMemory_SeqPort:mem|memory_rtl_0_bypass[10] ; Top_General:u_top_general|Top_Downscale_Secuencial:u_top_seq|ImageMemory_SeqPort:mem|memory_rtl_0 ;
; Top_General:u_top_general|Top_Downscale_Secuencial:u_top_seq|ImageMemory_SeqPort:mem|memory_rtl_0_bypass[11] ; Top_General:u_top_general|Top_Downscale_Secuencial:u_top_seq|ImageMemory_SeqPort:mem|memory_rtl_0 ;
; Top_General:u_top_general|Top_Downscale_Secuencial:u_top_seq|ImageMemory_SeqPort:mem|memory_rtl_0_bypass[12] ; Top_General:u_top_general|Top_Downscale_Secuencial:u_top_seq|ImageMemory_SeqPort:mem|memory_rtl_0 ;
; Top_General:u_top_general|Top_Downscale_Secuencial:u_top_seq|ImageMemory_SeqPort:mem|memory_rtl_0_bypass[13] ; Top_General:u_top_general|Top_Downscale_Secuencial:u_top_seq|ImageMemory_SeqPort:mem|memory_rtl_0 ;
; Top_General:u_top_general|Top_Downscale_Secuencial:u_top_seq|ImageMemory_SeqPort:mem|memory_rtl_0_bypass[14] ; Top_General:u_top_general|Top_Downscale_Secuencial:u_top_seq|ImageMemory_SeqPort:mem|memory_rtl_0 ;
; Top_General:u_top_general|Top_Downscale_Secuencial:u_top_seq|ImageMemory_SeqPort:mem|memory_rtl_0_bypass[15] ; Top_General:u_top_general|Top_Downscale_Secuencial:u_top_seq|ImageMemory_SeqPort:mem|memory_rtl_0 ;
; Top_General:u_top_general|Top_Downscale_Secuencial:u_top_seq|ImageMemory_SeqPort:mem|memory_rtl_0_bypass[16] ; Top_General:u_top_general|Top_Downscale_Secuencial:u_top_seq|ImageMemory_SeqPort:mem|memory_rtl_0 ;
; Top_General:u_top_general|Top_Downscale_Secuencial:u_top_seq|ImageMemory_SeqPort:mem|memory_rtl_0_bypass[17] ; Top_General:u_top_general|Top_Downscale_Secuencial:u_top_seq|ImageMemory_SeqPort:mem|memory_rtl_0 ;
; Top_General:u_top_general|Top_Downscale_Secuencial:u_top_seq|ImageMemory_SeqPort:mem|memory_rtl_0_bypass[18] ; Top_General:u_top_general|Top_Downscale_Secuencial:u_top_seq|ImageMemory_SeqPort:mem|memory_rtl_0 ;
; Top_General:u_top_general|Top_Downscale_Secuencial:u_top_seq|ImageMemory_SeqPort:mem|memory_rtl_0_bypass[19] ; Top_General:u_top_general|Top_Downscale_Secuencial:u_top_seq|ImageMemory_SeqPort:mem|memory_rtl_0 ;
; Top_General:u_top_general|Top_Downscale_Secuencial:u_top_seq|ImageMemory_SeqPort:mem|memory_rtl_0_bypass[20] ; Top_General:u_top_general|Top_Downscale_Secuencial:u_top_seq|ImageMemory_SeqPort:mem|memory_rtl_0 ;
; Top_General:u_top_general|Top_Downscale_Secuencial:u_top_seq|ImageMemory_SeqPort:mem|memory_rtl_0_bypass[21] ; Top_General:u_top_general|Top_Downscale_Secuencial:u_top_seq|ImageMemory_SeqPort:mem|memory_rtl_0 ;
; Top_General:u_top_general|Top_Downscale_Secuencial:u_top_seq|ImageMemory_SeqPort:mem|memory_rtl_0_bypass[22] ; Top_General:u_top_general|Top_Downscale_Secuencial:u_top_seq|ImageMemory_SeqPort:mem|memory_rtl_0 ;
; Top_General:u_top_general|Top_Downscale_Secuencial:u_top_seq|ImageMemory_SeqPort:mem|memory_rtl_0_bypass[23] ; Top_General:u_top_general|Top_Downscale_Secuencial:u_top_seq|ImageMemory_SeqPort:mem|memory_rtl_0 ;
; Top_General:u_top_general|Top_Downscale_Secuencial:u_top_seq|ImageMemory_SeqPort:mem|memory_rtl_0_bypass[24] ; Top_General:u_top_general|Top_Downscale_Secuencial:u_top_seq|ImageMemory_SeqPort:mem|memory_rtl_0 ;
; Top_General:u_top_general|Top_Downscale_Secuencial:u_top_seq|ImageMemory_SeqPort:mem|memory_rtl_0_bypass[25] ; Top_General:u_top_general|Top_Downscale_Secuencial:u_top_seq|ImageMemory_SeqPort:mem|memory_rtl_0 ;
; Top_General:u_top_general|Top_Downscale_Secuencial:u_top_seq|ImageMemory_SeqPort:mem|memory_rtl_0_bypass[26] ; Top_General:u_top_general|Top_Downscale_Secuencial:u_top_seq|ImageMemory_SeqPort:mem|memory_rtl_0 ;
; Top_General:u_top_general|Top_Downscale_Secuencial:u_top_seq|ImageMemory_SeqPort:mem|memory_rtl_0_bypass[27] ; Top_General:u_top_general|Top_Downscale_Secuencial:u_top_seq|ImageMemory_SeqPort:mem|memory_rtl_0 ;
; Top_General:u_top_general|Top_Downscale_Secuencial:u_top_seq|ImageMemory_SeqPort:mem|memory_rtl_0_bypass[28] ; Top_General:u_top_general|Top_Downscale_Secuencial:u_top_seq|ImageMemory_SeqPort:mem|memory_rtl_0 ;
; Top_General:u_top_general|Top_Downscale_Secuencial:u_top_seq|ImageMemory_SeqPort:mem|memory_rtl_0_bypass[29] ; Top_General:u_top_general|Top_Downscale_Secuencial:u_top_seq|ImageMemory_SeqPort:mem|memory_rtl_0 ;
; Top_General:u_top_general|Top_Downscale_Secuencial:u_top_seq|ImageMemory_SeqPort:mem|memory_rtl_0_bypass[30] ; Top_General:u_top_general|Top_Downscale_Secuencial:u_top_seq|ImageMemory_SeqPort:mem|memory_rtl_0 ;
; Top_General:u_top_general|Top_Downscale_Secuencial:u_top_seq|ImageMemory_SeqPort:mem|memory_rtl_0_bypass[31] ; Top_General:u_top_general|Top_Downscale_Secuencial:u_top_seq|ImageMemory_SeqPort:mem|memory_rtl_0 ;
; Top_General:u_top_general|Top_Downscale_Secuencial:u_top_seq|ImageMemory_SeqPort:mem|memory_rtl_0_bypass[32] ; Top_General:u_top_general|Top_Downscale_Secuencial:u_top_seq|ImageMemory_SeqPort:mem|memory_rtl_0 ;
; Top_General:u_top_general|Top_Downscale_Secuencial:u_top_seq|ImageMemory_SeqPort:mem|memory_rtl_0_bypass[33] ; Top_General:u_top_general|Top_Downscale_Secuencial:u_top_seq|ImageMemory_SeqPort:mem|memory_rtl_0 ;
; Top_General:u_top_general|Top_Downscale_Secuencial:u_top_seq|ImageMemory_SeqPort:mem|memory_rtl_0_bypass[34] ; Top_General:u_top_general|Top_Downscale_Secuencial:u_top_seq|ImageMemory_SeqPort:mem|memory_rtl_0 ;
; Top_General:u_top_general|Top_Downscale_Secuencial:u_top_seq|ImageMemory_SeqPort:mem|memory_rtl_0_bypass[35] ; Top_General:u_top_general|Top_Downscale_Secuencial:u_top_seq|ImageMemory_SeqPort:mem|memory_rtl_0 ;
; Top_General:u_top_general|Top_Downscale_Secuencial:u_top_seq|ImageMemory_SeqPort:mem|memory_rtl_0_bypass[36] ; Top_General:u_top_general|Top_Downscale_Secuencial:u_top_seq|ImageMemory_SeqPort:mem|memory_rtl_0 ;
+--------------------------------------------------------------------------------------------------------------+---------------------------------------------------------------------------------------------------+


+---------------------------------------------------------------------------------------------------------------------------------------------------------------------------------------------------------------------------------------+
; Multiplexer Restructuring Statistics (Restructuring Performed)                                                                                                                                                                        ;
+--------------------+-----------+---------------+----------------------+------------------------+------------+-------------------------------------------------------------------------------------------------------------------------+
; Multiplexer Inputs ; Bus Width ; Baseline Area ; Area if Restructured ; Saving if Restructured ; Registered ; Example Multiplexer Output                                                                                              ;
+--------------------+-----------+---------------+----------------------+------------------------+------------+-------------------------------------------------------------------------------------------------------------------------+
; 3:1                ; 32 bits   ; 64 LEs        ; 0 LEs                ; 64 LEs                 ; Yes        ; |Top_VJTAG|Top_General:u_top_general|perf_counter[11]                                                                   ;
; 3:1                ; 40 bits   ; 80 LEs        ; 0 LEs                ; 80 LEs                 ; Yes        ; |Top_VJTAG|connect:u_connect|data_shift_reg[3]                                                                          ;
; 5:1                ; 8 bits    ; 24 LEs        ; 16 LEs               ; 8 LEs                  ; Yes        ; |Top_VJTAG|Top_General:u_top_general|Top_Downscale_Integration:u_top_simd|Downscale_SIMD:u_downscale|image_out[0][0][6] ;
; 5:1                ; 2 bits    ; 6 LEs         ; 2 LEs                ; 4 LEs                  ; Yes        ; |Top_VJTAG|Top_General:u_top_general|Top_Downscale_Secuencial:u_top_seq|Downscale_Secuencial:u_seq|j_dst[6]             ;
; 5:1                ; 14 bits   ; 42 LEs        ; 0 LEs                ; 42 LEs                 ; Yes        ; |Top_VJTAG|Top_General:u_top_general|Top_Downscale_Secuencial:u_top_seq|Downscale_Secuencial:u_seq|i_dst[6]             ;
; 6:1                ; 4 bits    ; 16 LEs        ; 4 LEs                ; 12 LEs                 ; Yes        ; |Top_VJTAG|Top_General:u_top_general|Top_Downscale_Integration:u_top_simd|Downscale_SIMD:u_downscale|mem_rd_req[1]      ;
; 6:1                ; 13 bits   ; 52 LEs        ; 0 LEs                ; 52 LEs                 ; Yes        ; |Top_VJTAG|Top_General:u_top_general|Top_Downscale_Secuencial:u_top_seq|Downscale_Secuencial:u_seq|x_l[7]               ;
; 6:1                ; 7 bits    ; 28 LEs        ; 14 LEs               ; 14 LEs                 ; Yes        ; |Top_VJTAG|Top_General:u_top_general|Top_Downscale_Secuencial:u_top_seq|Downscale_Secuencial:u_seq|y_h[1]               ;
; 5:1                ; 4 bits    ; 12 LEs        ; 4 LEs                ; 8 LEs                  ; Yes        ; |Top_VJTAG|Top_General:u_top_general|Top_Downscale_Integration:u_top_simd|Downscale_SIMD:u_downscale|mem_rd_addr[0][4]  ;
; 5:1                ; 5 bits    ; 15 LEs        ; 5 LEs                ; 10 LEs                 ; Yes        ; |Top_VJTAG|Top_General:u_top_general|Top_Downscale_Integration:u_top_simd|Downscale_SIMD:u_downscale|mem_rd_addr[1][1]  ;
; 5:1                ; 5 bits    ; 15 LEs        ; 5 LEs                ; 10 LEs                 ; Yes        ; |Top_VJTAG|Top_General:u_top_general|Top_Downscale_Integration:u_top_simd|Downscale_SIMD:u_downscale|mem_rd_addr[2][4]  ;
; 5:1                ; 5 bits    ; 15 LEs        ; 5 LEs                ; 10 LEs                 ; Yes        ; |Top_VJTAG|Top_General:u_top_general|Top_Downscale_Integration:u_top_simd|Downscale_SIMD:u_downscale|mem_rd_addr[3][1]  ;
; 7:1                ; 8 bits    ; 32 LEs        ; 16 LEs               ; 16 LEs                 ; Yes        ; |Top_VJTAG|Top_General:u_top_general|Top_Downscale_Secuencial:u_top_seq|Downscale_Secuencial:u_seq|x_h[0]               ;
; 7:1                ; 7 bits    ; 28 LEs        ; 14 LEs               ; 14 LEs                 ; Yes        ; |Top_VJTAG|Top_General:u_top_general|Top_Downscale_Integration:u_top_simd|Downscale_SIMD:u_downscale|mem_rd_addr[0][12] ;
; 7:1                ; 7 bits    ; 28 LEs        ; 14 LEs               ; 14 LEs                 ; Yes        ; |Top_VJTAG|Top_General:u_top_general|Top_Downscale_Integration:u_top_simd|Downscale_SIMD:u_downscale|mem_rd_addr[1][11] ;
; 7:1                ; 7 bits    ; 28 LEs        ; 14 LEs               ; 14 LEs                 ; Yes        ; |Top_VJTAG|Top_General:u_top_general|Top_Downscale_Integration:u_top_simd|Downscale_SIMD:u_downscale|mem_rd_addr[2][7]  ;
; 7:1                ; 7 bits    ; 28 LEs        ; 14 LEs               ; 14 LEs                 ; Yes        ; |Top_VJTAG|Top_General:u_top_general|Top_Downscale_Integration:u_top_simd|Downscale_SIMD:u_downscale|mem_rd_addr[3][12] ;
; 256:1              ; 24 bits   ; 4080 LEs      ; 120 LEs              ; 3960 LEs               ; Yes        ; |Top_VJTAG|Top_General:u_top_general|JTAG_Interface:jtag|avsreaddata[10]                                                ;
; 257:1              ; 7 bits    ; 1197 LEs      ; 77 LEs               ; 1120 LEs               ; Yes        ; |Top_VJTAG|Top_General:u_top_general|JTAG_Interface:jtag|avsreaddata[1]                                                 ;
; 5:1                ; 6 bits    ; 18 LEs        ; 12 LEs               ; 6 LEs                  ; No         ; |Top_VJTAG|Top_General:u_top_general|Top_Downscale_Secuencial:u_top_seq|Downscale_Secuencial:u_seq|Add0                 ;
; 4:1                ; 7 bits    ; 14 LEs        ; 7 LEs                ; 7 LEs                  ; No         ; |Top_VJTAG|Top_General:u_top_general|Top_Downscale_Secuencial:u_top_seq|Downscale_Secuencial:u_seq|Selector1            ;
; 6:1                ; 7 bits    ; 28 LEs        ; 14 LEs               ; 14 LEs                 ; No         ; |Top_VJTAG|Top_General:u_top_general|Top_Downscale_Secuencial:u_top_seq|Downscale_Secuencial:u_seq|Selector12           ;
; 8:1                ; 2 bits    ; 10 LEs        ; 4 LEs                ; 6 LEs                  ; No         ; |Top_VJTAG|Top_General:u_top_general|Top_Downscale_Secuencial:u_top_seq|Downscale_Secuencial:u_seq|Selector90           ;
; 8:1                ; 2 bits    ; 10 LEs        ; 4 LEs                ; 6 LEs                  ; No         ; |Top_VJTAG|Top_General:u_top_general|Top_Downscale_Secuencial:u_top_seq|Downscale_Secuencial:u_seq|Selector93           ;
; 9:1                ; 2 bits    ; 12 LEs        ; 6 LEs                ; 6 LEs                  ; No         ; |Top_VJTAG|Top_General:u_top_general|Top_Downscale_Secuencial:u_top_seq|Downscale_Secuencial:u_seq|Selector86           ;
; 9:1                ; 2 bits    ; 12 LEs        ; 6 LEs                ; 6 LEs                  ; No         ; |Top_VJTAG|Top_General:u_top_general|Top_Downscale_Integration:u_top_simd|Downscale_SIMD:u_downscale|Selector17         ;
; 10:1               ; 2 bits    ; 12 LEs        ; 6 LEs                ; 6 LEs                  ; No         ; |Top_VJTAG|Top_General:u_top_general|Top_Downscale_Integration:u_top_simd|Downscale_SIMD:u_downscale|Selector18         ;
+--------------------+-----------+---------------+----------------------+------------------------+------------+-------------------------------------------------------------------------------------------------------------------------+


+-------------------------------------------------------------------------------------------------------------------------------------------------------------------------------------+
; Source assignments for Top_General:u_top_general|Top_Downscale_Integration:u_top_simd|ImageMemory_SIMDPort:u_image_memory|altsyncram:memory[0][7]__1|altsyncram_s9k1:auto_generated ;
+---------------------------------+--------------------+------+-----------------------------------------------------------------------------------------------------------------------+
; Assignment                      ; Value              ; From ; To                                                                                                                    ;
+---------------------------------+--------------------+------+-----------------------------------------------------------------------------------------------------------------------+
; OPTIMIZE_POWER_DURING_SYNTHESIS ; NORMAL_COMPILATION ; -    ; -                                                                                                                     ;
+---------------------------------+--------------------+------+-----------------------------------------------------------------------------------------------------------------------+


+-------------------------------------------------------------------------------------------------------------------------------------------------------------------------------------+
; Source assignments for Top_General:u_top_general|Top_Downscale_Integration:u_top_simd|ImageMemory_SIMDPort:u_image_memory|altsyncram:memory[0][7]__2|altsyncram_s9k1:auto_generated ;
+---------------------------------+--------------------+------+-----------------------------------------------------------------------------------------------------------------------+
; Assignment                      ; Value              ; From ; To                                                                                                                    ;
+---------------------------------+--------------------+------+-----------------------------------------------------------------------------------------------------------------------+
; OPTIMIZE_POWER_DURING_SYNTHESIS ; NORMAL_COMPILATION ; -    ; -                                                                                                                     ;
+---------------------------------+--------------------+------+-----------------------------------------------------------------------------------------------------------------------+


+-------------------------------------------------------------------------------------------------------------------------------------------------------------------------------------+
; Source assignments for Top_General:u_top_general|Top_Downscale_Integration:u_top_simd|ImageMemory_SIMDPort:u_image_memory|altsyncram:memory[0][7]__3|altsyncram_s9k1:auto_generated ;
+---------------------------------+--------------------+------+-----------------------------------------------------------------------------------------------------------------------+
; Assignment                      ; Value              ; From ; To                                                                                                                    ;
+---------------------------------+--------------------+------+-----------------------------------------------------------------------------------------------------------------------+
; OPTIMIZE_POWER_DURING_SYNTHESIS ; NORMAL_COMPILATION ; -    ; -                                                                                                                     ;
+---------------------------------+--------------------+------+-----------------------------------------------------------------------------------------------------------------------+


+-------------------------------------------------------------------------------------------------------------------------------------------------------------------------------------+
; Source assignments for Top_General:u_top_general|Top_Downscale_Integration:u_top_simd|ImageMemory_SIMDPort:u_image_memory|altsyncram:memory[0][7]__4|altsyncram_s9k1:auto_generated ;
+---------------------------------+--------------------+------+-----------------------------------------------------------------------------------------------------------------------+
; Assignment                      ; Value              ; From ; To                                                                                                                    ;
+---------------------------------+--------------------+------+-----------------------------------------------------------------------------------------------------------------------+
; OPTIMIZE_POWER_DURING_SYNTHESIS ; NORMAL_COMPILATION ; -    ; -                                                                                                                     ;
+---------------------------------+--------------------+------+-----------------------------------------------------------------------------------------------------------------------+


+--------------------------------------------------------------------------------------------------------------------------------------------------------------------+
; Source assignments for Top_General:u_top_general|Top_Downscale_Secuencial:u_top_seq|ImageMemory_SeqPort:mem|altsyncram:memory_rtl_0|altsyncram_dso1:auto_generated ;
+---------------------------------+--------------------+------+------------------------------------------------------------------------------------------------------+
; Assignment                      ; Value              ; From ; To                                                                                                   ;
+---------------------------------+--------------------+------+------------------------------------------------------------------------------------------------------+
; OPTIMIZE_POWER_DURING_SYNTHESIS ; NORMAL_COMPILATION ; -    ; -                                                                                                    ;
+---------------------------------+--------------------+------+------------------------------------------------------------------------------------------------------+


+---------------------------------------------------------------------------+
; Parameter Settings for User Entity Instance: Top-level Entity: |Top_VJTAG ;
+----------------+-------+--------------------------------------------------+
; Parameter Name ; Value ; Type                                             ;
+----------------+-------+--------------------------------------------------+
; IMG_W          ; 128   ; Signed Integer                                   ;
; IMG_H          ; 128   ; Signed Integer                                   ;
; DST_W          ; 64    ; Signed Integer                                   ;
; DST_H          ; 64    ; Signed Integer                                   ;
; N              ; 4     ; Signed Integer                                   ;
+----------------+-------+--------------------------------------------------+
Note: In order to hide this table in the UI and the text report file, please set the "Show Parameter Settings in Synthesis Report" option in "Analysis and Synthesis Settings -> More Settings" to "Off".


+-----------------------------------------------------------------------+
; Parameter Settings for User Entity Instance: sld_virtual_jtag:u_vjtag ;
+-------------------------+------------------+--------------------------+
; Parameter Name          ; Value            ; Type                     ;
+-------------------------+------------------+--------------------------+
; sld_auto_instance_index ; YES              ; String                   ;
; sld_instance_index      ; 0                ; Signed Integer           ;
; sld_ir_width            ; 2                ; Signed Integer           ;
; sld_sim_n_scan          ; 0                ; Signed Integer           ;
; sld_sim_action          ;                  ; String                   ;
; sld_sim_total_length    ; 0                ; Signed Integer           ;
; lpm_type                ; sld_virtual_jtag ; String                   ;
; lpm_hint                ; UNUSED           ; String                   ;
+-------------------------+------------------+--------------------------+
Note: In order to hide this table in the UI and the text report file, please set the "Show Parameter Settings in Synthesis Report" option in "Analysis and Synthesis Settings -> More Settings" to "Off".


+------------------------------------------------------------------------+
; Parameter Settings for User Entity Instance: Top_General:u_top_general ;
+----------------+-------+-----------------------------------------------+
; Parameter Name ; Value ; Type                                          ;
+----------------+-------+-----------------------------------------------+
; IMG_W          ; 128   ; Signed Integer                                ;
; IMG_H          ; 128   ; Signed Integer                                ;
; DST_W          ; 64    ; Signed Integer                                ;
; DST_H          ; 64    ; Signed Integer                                ;
; N              ; 4     ; Signed Integer                                ;
+----------------+-------+-----------------------------------------------+
Note: In order to hide this table in the UI and the text report file, please set the "Show Parameter Settings in Synthesis Report" option in "Analysis and Synthesis Settings -> More Settings" to "Off".


+-----------------------------------------------------------------------------------------------------------+
; Parameter Settings for User Entity Instance: Top_General:u_top_general|Top_Downscale_Secuencial:u_top_seq ;
+----------------+-------+----------------------------------------------------------------------------------+
; Parameter Name ; Value ; Type                                                                             ;
+----------------+-------+----------------------------------------------------------------------------------+
; SRC_W          ; 128   ; Signed Integer                                                                   ;
; SRC_H          ; 128   ; Signed Integer                                                                   ;
; DST_W          ; 64    ; Signed Integer                                                                   ;
; DST_H          ; 64    ; Signed Integer                                                                   ;
+----------------+-------+----------------------------------------------------------------------------------+
Note: In order to hide this table in the UI and the text report file, please set the "Show Parameter Settings in Synthesis Report" option in "Analysis and Synthesis Settings -> More Settings" to "Off".


+-----------------------------------------------------------------------------------------------------------------------------------+
; Parameter Settings for User Entity Instance: Top_General:u_top_general|Top_Downscale_Secuencial:u_top_seq|ImageMemory_SeqPort:mem ;
+----------------+-------+----------------------------------------------------------------------------------------------------------+
; Parameter Name ; Value ; Type                                                                                                     ;
+----------------+-------+----------------------------------------------------------------------------------------------------------+
; WIDTH          ; 128   ; Signed Integer                                                                                           ;
; HEIGHT         ; 128   ; Signed Integer                                                                                           ;
+----------------+-------+----------------------------------------------------------------------------------------------------------+
Note: In order to hide this table in the UI and the text report file, please set the "Show Parameter Settings in Synthesis Report" option in "Analysis and Synthesis Settings -> More Settings" to "Off".


+--------------------------------------------------------------------------------------------------------------------------------------+
; Parameter Settings for User Entity Instance: Top_General:u_top_general|Top_Downscale_Secuencial:u_top_seq|Downscale_Secuencial:u_seq ;
+----------------+-------+-------------------------------------------------------------------------------------------------------------+
; Parameter Name ; Value ; Type                                                                                                        ;
+----------------+-------+-------------------------------------------------------------------------------------------------------------+
; SRC_H          ; 128   ; Signed Integer                                                                                              ;
; SRC_W          ; 128   ; Signed Integer                                                                                              ;
; DST_H          ; 64    ; Signed Integer                                                                                              ;
; DST_W          ; 64    ; Signed Integer                                                                                              ;
+----------------+-------+-------------------------------------------------------------------------------------------------------------+
Note: In order to hide this table in the UI and the text report file, please set the "Show Parameter Settings in Synthesis Report" option in "Analysis and Synthesis Settings -> More Settings" to "Off".


+-------------------------------------------------------------------------------------------------------------+
; Parameter Settings for User Entity Instance: Top_General:u_top_general|Top_Downscale_Integration:u_top_simd ;
+----------------+-------+------------------------------------------------------------------------------------+
; Parameter Name ; Value ; Type                                                                               ;
+----------------+-------+------------------------------------------------------------------------------------+
; SRC_H          ; 128   ; Signed Integer                                                                     ;
; SRC_W          ; 128   ; Signed Integer                                                                     ;
; DST_H          ; 64    ; Signed Integer                                                                     ;
; DST_W          ; 64    ; Signed Integer                                                                     ;
; N              ; 4     ; Signed Integer                                                                     ;
+----------------+-------+------------------------------------------------------------------------------------+
Note: In order to hide this table in the UI and the text report file, please set the "Show Parameter Settings in Synthesis Report" option in "Analysis and Synthesis Settings -> More Settings" to "Off".


+-------------------------------------------------------------------------------------------------------------------------------------------------+
; Parameter Settings for User Entity Instance: Top_General:u_top_general|Top_Downscale_Integration:u_top_simd|ImageMemory_SIMDPort:u_image_memory ;
+----------------+-------+------------------------------------------------------------------------------------------------------------------------+
; Parameter Name ; Value ; Type                                                                                                                   ;
+----------------+-------+------------------------------------------------------------------------------------------------------------------------+
; WIDTH          ; 128   ; Signed Integer                                                                                                         ;
; HEIGHT         ; 128   ; Signed Integer                                                                                                         ;
; N              ; 4     ; Signed Integer                                                                                                         ;
+----------------+-------+------------------------------------------------------------------------------------------------------------------------+
Note: In order to hide this table in the UI and the text report file, please set the "Show Parameter Settings in Synthesis Report" option in "Analysis and Synthesis Settings -> More Settings" to "Off".


+----------------------------------------------------------------------------------------------------------------------------------------------------------------------------+
; Parameter Settings for User Entity Instance: Top_General:u_top_general|Top_Downscale_Integration:u_top_simd|ImageMemory_SIMDPort:u_image_memory|altsyncram:memory[0][7]__1 ;
+------------------------------------+----------------------+----------------------------------------------------------------------------------------------------------------+
; Parameter Name                     ; Value                ; Type                                                                                                           ;
+------------------------------------+----------------------+----------------------------------------------------------------------------------------------------------------+
; BYTE_SIZE_BLOCK                    ; 8                    ; Untyped                                                                                                        ;
; AUTO_CARRY_CHAINS                  ; ON                   ; AUTO_CARRY                                                                                                     ;
; IGNORE_CARRY_BUFFERS               ; OFF                  ; IGNORE_CARRY                                                                                                   ;
; AUTO_CASCADE_CHAINS                ; ON                   ; AUTO_CASCADE                                                                                                   ;
; IGNORE_CASCADE_BUFFERS             ; OFF                  ; IGNORE_CASCADE                                                                                                 ;
; WIDTH_BYTEENA                      ; 1                    ; Untyped                                                                                                        ;
; OPERATION_MODE                     ; DUAL_PORT            ; Untyped                                                                                                        ;
; WIDTH_A                            ; 8                    ; Untyped                                                                                                        ;
; WIDTHAD_A                          ; 14                   ; Untyped                                                                                                        ;
; NUMWORDS_A                         ; 16384                ; Untyped                                                                                                        ;
; OUTDATA_REG_A                      ; UNREGISTERED         ; Untyped                                                                                                        ;
; ADDRESS_ACLR_A                     ; NONE                 ; Untyped                                                                                                        ;
; OUTDATA_ACLR_A                     ; NONE                 ; Untyped                                                                                                        ;
; WRCONTROL_ACLR_A                   ; NONE                 ; Untyped                                                                                                        ;
; INDATA_ACLR_A                      ; NONE                 ; Untyped                                                                                                        ;
; BYTEENA_ACLR_A                     ; NONE                 ; Untyped                                                                                                        ;
; WIDTH_B                            ; 8                    ; Untyped                                                                                                        ;
; WIDTHAD_B                          ; 14                   ; Untyped                                                                                                        ;
; NUMWORDS_B                         ; 16384                ; Untyped                                                                                                        ;
; INDATA_REG_B                       ; CLOCK1               ; Untyped                                                                                                        ;
; WRCONTROL_WRADDRESS_REG_B          ; CLOCK1               ; Untyped                                                                                                        ;
; RDCONTROL_REG_B                    ; CLOCK1               ; Untyped                                                                                                        ;
; ADDRESS_REG_B                      ; CLOCK1               ; Untyped                                                                                                        ;
; OUTDATA_REG_B                      ; UNREGISTERED         ; Untyped                                                                                                        ;
; BYTEENA_REG_B                      ; CLOCK1               ; Untyped                                                                                                        ;
; INDATA_ACLR_B                      ; NONE                 ; Untyped                                                                                                        ;
; WRCONTROL_ACLR_B                   ; NONE                 ; Untyped                                                                                                        ;
; ADDRESS_ACLR_B                     ; NONE                 ; Untyped                                                                                                        ;
; OUTDATA_ACLR_B                     ; NONE                 ; Untyped                                                                                                        ;
; RDCONTROL_ACLR_B                   ; NONE                 ; Untyped                                                                                                        ;
; BYTEENA_ACLR_B                     ; NONE                 ; Untyped                                                                                                        ;
; WIDTH_BYTEENA_A                    ; 1                    ; Untyped                                                                                                        ;
; WIDTH_BYTEENA_B                    ; 1                    ; Untyped                                                                                                        ;
; RAM_BLOCK_TYPE                     ; AUTO                 ; Untyped                                                                                                        ;
; BYTE_SIZE                          ; 8                    ; Untyped                                                                                                        ;
; READ_DURING_WRITE_MODE_MIXED_PORTS ; DONT_CARE            ; Untyped                                                                                                        ;
; READ_DURING_WRITE_MODE_PORT_A      ; NEW_DATA_NO_NBE_READ ; Untyped                                                                                                        ;
; READ_DURING_WRITE_MODE_PORT_B      ; NEW_DATA_NO_NBE_READ ; Untyped                                                                                                        ;
; INIT_FILE                          ; UNUSED               ; Untyped                                                                                                        ;
; INIT_FILE_LAYOUT                   ; PORT_A               ; Untyped                                                                                                        ;
; MAXIMUM_DEPTH                      ; 0                    ; Untyped                                                                                                        ;
; CLOCK_ENABLE_INPUT_A               ; NORMAL               ; Untyped                                                                                                        ;
; CLOCK_ENABLE_INPUT_B               ; NORMAL               ; Untyped                                                                                                        ;
; CLOCK_ENABLE_OUTPUT_A              ; NORMAL               ; Untyped                                                                                                        ;
; CLOCK_ENABLE_OUTPUT_B              ; NORMAL               ; Untyped                                                                                                        ;
; CLOCK_ENABLE_CORE_A                ; USE_INPUT_CLKEN      ; Untyped                                                                                                        ;
; CLOCK_ENABLE_CORE_B                ; USE_INPUT_CLKEN      ; Untyped                                                                                                        ;
; ENABLE_ECC                         ; FALSE                ; Untyped                                                                                                        ;
; ECC_PIPELINE_STAGE_ENABLED         ; FALSE                ; Untyped                                                                                                        ;
; WIDTH_ECCSTATUS                    ; 3                    ; Untyped                                                                                                        ;
; DEVICE_FAMILY                      ; Cyclone V            ; Untyped                                                                                                        ;
; CBXI_PARAMETER                     ; altsyncram_s9k1      ; Untyped                                                                                                        ;
+------------------------------------+----------------------+----------------------------------------------------------------------------------------------------------------+
Note: In order to hide this table in the UI and the text report file, please set the "Show Parameter Settings in Synthesis Report" option in "Analysis and Synthesis Settings -> More Settings" to "Off".


+----------------------------------------------------------------------------------------------------------------------------------------------------------------------------+
; Parameter Settings for User Entity Instance: Top_General:u_top_general|Top_Downscale_Integration:u_top_simd|ImageMemory_SIMDPort:u_image_memory|altsyncram:memory[0][7]__2 ;
+------------------------------------+----------------------+----------------------------------------------------------------------------------------------------------------+
; Parameter Name                     ; Value                ; Type                                                                                                           ;
+------------------------------------+----------------------+----------------------------------------------------------------------------------------------------------------+
; BYTE_SIZE_BLOCK                    ; 8                    ; Untyped                                                                                                        ;
; AUTO_CARRY_CHAINS                  ; ON                   ; AUTO_CARRY                                                                                                     ;
; IGNORE_CARRY_BUFFERS               ; OFF                  ; IGNORE_CARRY                                                                                                   ;
; AUTO_CASCADE_CHAINS                ; ON                   ; AUTO_CASCADE                                                                                                   ;
; IGNORE_CASCADE_BUFFERS             ; OFF                  ; IGNORE_CASCADE                                                                                                 ;
; WIDTH_BYTEENA                      ; 1                    ; Untyped                                                                                                        ;
; OPERATION_MODE                     ; DUAL_PORT            ; Untyped                                                                                                        ;
; WIDTH_A                            ; 8                    ; Untyped                                                                                                        ;
; WIDTHAD_A                          ; 14                   ; Untyped                                                                                                        ;
; NUMWORDS_A                         ; 16384                ; Untyped                                                                                                        ;
; OUTDATA_REG_A                      ; UNREGISTERED         ; Untyped                                                                                                        ;
; ADDRESS_ACLR_A                     ; NONE                 ; Untyped                                                                                                        ;
; OUTDATA_ACLR_A                     ; NONE                 ; Untyped                                                                                                        ;
; WRCONTROL_ACLR_A                   ; NONE                 ; Untyped                                                                                                        ;
; INDATA_ACLR_A                      ; NONE                 ; Untyped                                                                                                        ;
; BYTEENA_ACLR_A                     ; NONE                 ; Untyped                                                                                                        ;
; WIDTH_B                            ; 8                    ; Untyped                                                                                                        ;
; WIDTHAD_B                          ; 14                   ; Untyped                                                                                                        ;
; NUMWORDS_B                         ; 16384                ; Untyped                                                                                                        ;
; INDATA_REG_B                       ; CLOCK1               ; Untyped                                                                                                        ;
; WRCONTROL_WRADDRESS_REG_B          ; CLOCK1               ; Untyped                                                                                                        ;
; RDCONTROL_REG_B                    ; CLOCK1               ; Untyped                                                                                                        ;
; ADDRESS_REG_B                      ; CLOCK1               ; Untyped                                                                                                        ;
; OUTDATA_REG_B                      ; UNREGISTERED         ; Untyped                                                                                                        ;
; BYTEENA_REG_B                      ; CLOCK1               ; Untyped                                                                                                        ;
; INDATA_ACLR_B                      ; NONE                 ; Untyped                                                                                                        ;
; WRCONTROL_ACLR_B                   ; NONE                 ; Untyped                                                                                                        ;
; ADDRESS_ACLR_B                     ; NONE                 ; Untyped                                                                                                        ;
; OUTDATA_ACLR_B                     ; NONE                 ; Untyped                                                                                                        ;
; RDCONTROL_ACLR_B                   ; NONE                 ; Untyped                                                                                                        ;
; BYTEENA_ACLR_B                     ; NONE                 ; Untyped                                                                                                        ;
; WIDTH_BYTEENA_A                    ; 1                    ; Untyped                                                                                                        ;
; WIDTH_BYTEENA_B                    ; 1                    ; Untyped                                                                                                        ;
; RAM_BLOCK_TYPE                     ; AUTO                 ; Untyped                                                                                                        ;
; BYTE_SIZE                          ; 8                    ; Untyped                                                                                                        ;
; READ_DURING_WRITE_MODE_MIXED_PORTS ; DONT_CARE            ; Untyped                                                                                                        ;
; READ_DURING_WRITE_MODE_PORT_A      ; NEW_DATA_NO_NBE_READ ; Untyped                                                                                                        ;
; READ_DURING_WRITE_MODE_PORT_B      ; NEW_DATA_NO_NBE_READ ; Untyped                                                                                                        ;
; INIT_FILE                          ; UNUSED               ; Untyped                                                                                                        ;
; INIT_FILE_LAYOUT                   ; PORT_A               ; Untyped                                                                                                        ;
; MAXIMUM_DEPTH                      ; 0                    ; Untyped                                                                                                        ;
; CLOCK_ENABLE_INPUT_A               ; NORMAL               ; Untyped                                                                                                        ;
; CLOCK_ENABLE_INPUT_B               ; NORMAL               ; Untyped                                                                                                        ;
; CLOCK_ENABLE_OUTPUT_A              ; NORMAL               ; Untyped                                                                                                        ;
; CLOCK_ENABLE_OUTPUT_B              ; NORMAL               ; Untyped                                                                                                        ;
; CLOCK_ENABLE_CORE_A                ; USE_INPUT_CLKEN      ; Untyped                                                                                                        ;
; CLOCK_ENABLE_CORE_B                ; USE_INPUT_CLKEN      ; Untyped                                                                                                        ;
; ENABLE_ECC                         ; FALSE                ; Untyped                                                                                                        ;
; ECC_PIPELINE_STAGE_ENABLED         ; FALSE                ; Untyped                                                                                                        ;
; WIDTH_ECCSTATUS                    ; 3                    ; Untyped                                                                                                        ;
; DEVICE_FAMILY                      ; Cyclone V            ; Untyped                                                                                                        ;
; CBXI_PARAMETER                     ; altsyncram_s9k1      ; Untyped                                                                                                        ;
+------------------------------------+----------------------+----------------------------------------------------------------------------------------------------------------+
Note: In order to hide this table in the UI and the text report file, please set the "Show Parameter Settings in Synthesis Report" option in "Analysis and Synthesis Settings -> More Settings" to "Off".


+----------------------------------------------------------------------------------------------------------------------------------------------------------------------------+
; Parameter Settings for User Entity Instance: Top_General:u_top_general|Top_Downscale_Integration:u_top_simd|ImageMemory_SIMDPort:u_image_memory|altsyncram:memory[0][7]__3 ;
+------------------------------------+----------------------+----------------------------------------------------------------------------------------------------------------+
; Parameter Name                     ; Value                ; Type                                                                                                           ;
+------------------------------------+----------------------+----------------------------------------------------------------------------------------------------------------+
; BYTE_SIZE_BLOCK                    ; 8                    ; Untyped                                                                                                        ;
; AUTO_CARRY_CHAINS                  ; ON                   ; AUTO_CARRY                                                                                                     ;
; IGNORE_CARRY_BUFFERS               ; OFF                  ; IGNORE_CARRY                                                                                                   ;
; AUTO_CASCADE_CHAINS                ; ON                   ; AUTO_CASCADE                                                                                                   ;
; IGNORE_CASCADE_BUFFERS             ; OFF                  ; IGNORE_CASCADE                                                                                                 ;
; WIDTH_BYTEENA                      ; 1                    ; Untyped                                                                                                        ;
; OPERATION_MODE                     ; DUAL_PORT            ; Untyped                                                                                                        ;
; WIDTH_A                            ; 8                    ; Untyped                                                                                                        ;
; WIDTHAD_A                          ; 14                   ; Untyped                                                                                                        ;
; NUMWORDS_A                         ; 16384                ; Untyped                                                                                                        ;
; OUTDATA_REG_A                      ; UNREGISTERED         ; Untyped                                                                                                        ;
; ADDRESS_ACLR_A                     ; NONE                 ; Untyped                                                                                                        ;
; OUTDATA_ACLR_A                     ; NONE                 ; Untyped                                                                                                        ;
; WRCONTROL_ACLR_A                   ; NONE                 ; Untyped                                                                                                        ;
; INDATA_ACLR_A                      ; NONE                 ; Untyped                                                                                                        ;
; BYTEENA_ACLR_A                     ; NONE                 ; Untyped                                                                                                        ;
; WIDTH_B                            ; 8                    ; Untyped                                                                                                        ;
; WIDTHAD_B                          ; 14                   ; Untyped                                                                                                        ;
; NUMWORDS_B                         ; 16384                ; Untyped                                                                                                        ;
; INDATA_REG_B                       ; CLOCK1               ; Untyped                                                                                                        ;
; WRCONTROL_WRADDRESS_REG_B          ; CLOCK1               ; Untyped                                                                                                        ;
; RDCONTROL_REG_B                    ; CLOCK1               ; Untyped                                                                                                        ;
; ADDRESS_REG_B                      ; CLOCK1               ; Untyped                                                                                                        ;
; OUTDATA_REG_B                      ; UNREGISTERED         ; Untyped                                                                                                        ;
; BYTEENA_REG_B                      ; CLOCK1               ; Untyped                                                                                                        ;
; INDATA_ACLR_B                      ; NONE                 ; Untyped                                                                                                        ;
; WRCONTROL_ACLR_B                   ; NONE                 ; Untyped                                                                                                        ;
; ADDRESS_ACLR_B                     ; NONE                 ; Untyped                                                                                                        ;
; OUTDATA_ACLR_B                     ; NONE                 ; Untyped                                                                                                        ;
; RDCONTROL_ACLR_B                   ; NONE                 ; Untyped                                                                                                        ;
; BYTEENA_ACLR_B                     ; NONE                 ; Untyped                                                                                                        ;
; WIDTH_BYTEENA_A                    ; 1                    ; Untyped                                                                                                        ;
; WIDTH_BYTEENA_B                    ; 1                    ; Untyped                                                                                                        ;
; RAM_BLOCK_TYPE                     ; AUTO                 ; Untyped                                                                                                        ;
; BYTE_SIZE                          ; 8                    ; Untyped                                                                                                        ;
; READ_DURING_WRITE_MODE_MIXED_PORTS ; DONT_CARE            ; Untyped                                                                                                        ;
; READ_DURING_WRITE_MODE_PORT_A      ; NEW_DATA_NO_NBE_READ ; Untyped                                                                                                        ;
; READ_DURING_WRITE_MODE_PORT_B      ; NEW_DATA_NO_NBE_READ ; Untyped                                                                                                        ;
; INIT_FILE                          ; UNUSED               ; Untyped                                                                                                        ;
; INIT_FILE_LAYOUT                   ; PORT_A               ; Untyped                                                                                                        ;
; MAXIMUM_DEPTH                      ; 0                    ; Untyped                                                                                                        ;
; CLOCK_ENABLE_INPUT_A               ; NORMAL               ; Untyped                                                                                                        ;
; CLOCK_ENABLE_INPUT_B               ; NORMAL               ; Untyped                                                                                                        ;
; CLOCK_ENABLE_OUTPUT_A              ; NORMAL               ; Untyped                                                                                                        ;
; CLOCK_ENABLE_OUTPUT_B              ; NORMAL               ; Untyped                                                                                                        ;
; CLOCK_ENABLE_CORE_A                ; USE_INPUT_CLKEN      ; Untyped                                                                                                        ;
; CLOCK_ENABLE_CORE_B                ; USE_INPUT_CLKEN      ; Untyped                                                                                                        ;
; ENABLE_ECC                         ; FALSE                ; Untyped                                                                                                        ;
; ECC_PIPELINE_STAGE_ENABLED         ; FALSE                ; Untyped                                                                                                        ;
; WIDTH_ECCSTATUS                    ; 3                    ; Untyped                                                                                                        ;
; DEVICE_FAMILY                      ; Cyclone V            ; Untyped                                                                                                        ;
; CBXI_PARAMETER                     ; altsyncram_s9k1      ; Untyped                                                                                                        ;
+------------------------------------+----------------------+----------------------------------------------------------------------------------------------------------------+
Note: In order to hide this table in the UI and the text report file, please set the "Show Parameter Settings in Synthesis Report" option in "Analysis and Synthesis Settings -> More Settings" to "Off".


+----------------------------------------------------------------------------------------------------------------------------------------------------------------------------+
; Parameter Settings for User Entity Instance: Top_General:u_top_general|Top_Downscale_Integration:u_top_simd|ImageMemory_SIMDPort:u_image_memory|altsyncram:memory[0][7]__4 ;
+------------------------------------+----------------------+----------------------------------------------------------------------------------------------------------------+
; Parameter Name                     ; Value                ; Type                                                                                                           ;
+------------------------------------+----------------------+----------------------------------------------------------------------------------------------------------------+
; BYTE_SIZE_BLOCK                    ; 8                    ; Untyped                                                                                                        ;
; AUTO_CARRY_CHAINS                  ; ON                   ; AUTO_CARRY                                                                                                     ;
; IGNORE_CARRY_BUFFERS               ; OFF                  ; IGNORE_CARRY                                                                                                   ;
; AUTO_CASCADE_CHAINS                ; ON                   ; AUTO_CASCADE                                                                                                   ;
; IGNORE_CASCADE_BUFFERS             ; OFF                  ; IGNORE_CASCADE                                                                                                 ;
; WIDTH_BYTEENA                      ; 1                    ; Untyped                                                                                                        ;
; OPERATION_MODE                     ; DUAL_PORT            ; Untyped                                                                                                        ;
; WIDTH_A                            ; 8                    ; Untyped                                                                                                        ;
; WIDTHAD_A                          ; 14                   ; Untyped                                                                                                        ;
; NUMWORDS_A                         ; 16384                ; Untyped                                                                                                        ;
; OUTDATA_REG_A                      ; UNREGISTERED         ; Untyped                                                                                                        ;
; ADDRESS_ACLR_A                     ; NONE                 ; Untyped                                                                                                        ;
; OUTDATA_ACLR_A                     ; NONE                 ; Untyped                                                                                                        ;
; WRCONTROL_ACLR_A                   ; NONE                 ; Untyped                                                                                                        ;
; INDATA_ACLR_A                      ; NONE                 ; Untyped                                                                                                        ;
; BYTEENA_ACLR_A                     ; NONE                 ; Untyped                                                                                                        ;
; WIDTH_B                            ; 8                    ; Untyped                                                                                                        ;
; WIDTHAD_B                          ; 14                   ; Untyped                                                                                                        ;
; NUMWORDS_B                         ; 16384                ; Untyped                                                                                                        ;
; INDATA_REG_B                       ; CLOCK1               ; Untyped                                                                                                        ;
; WRCONTROL_WRADDRESS_REG_B          ; CLOCK1               ; Untyped                                                                                                        ;
; RDCONTROL_REG_B                    ; CLOCK1               ; Untyped                                                                                                        ;
; ADDRESS_REG_B                      ; CLOCK1               ; Untyped                                                                                                        ;
; OUTDATA_REG_B                      ; UNREGISTERED         ; Untyped                                                                                                        ;
; BYTEENA_REG_B                      ; CLOCK1               ; Untyped                                                                                                        ;
; INDATA_ACLR_B                      ; NONE                 ; Untyped                                                                                                        ;
; WRCONTROL_ACLR_B                   ; NONE                 ; Untyped                                                                                                        ;
; ADDRESS_ACLR_B                     ; NONE                 ; Untyped                                                                                                        ;
; OUTDATA_ACLR_B                     ; NONE                 ; Untyped                                                                                                        ;
; RDCONTROL_ACLR_B                   ; NONE                 ; Untyped                                                                                                        ;
; BYTEENA_ACLR_B                     ; NONE                 ; Untyped                                                                                                        ;
; WIDTH_BYTEENA_A                    ; 1                    ; Untyped                                                                                                        ;
; WIDTH_BYTEENA_B                    ; 1                    ; Untyped                                                                                                        ;
; RAM_BLOCK_TYPE                     ; AUTO                 ; Untyped                                                                                                        ;
; BYTE_SIZE                          ; 8                    ; Untyped                                                                                                        ;
; READ_DURING_WRITE_MODE_MIXED_PORTS ; DONT_CARE            ; Untyped                                                                                                        ;
; READ_DURING_WRITE_MODE_PORT_A      ; NEW_DATA_NO_NBE_READ ; Untyped                                                                                                        ;
; READ_DURING_WRITE_MODE_PORT_B      ; NEW_DATA_NO_NBE_READ ; Untyped                                                                                                        ;
; INIT_FILE                          ; UNUSED               ; Untyped                                                                                                        ;
; INIT_FILE_LAYOUT                   ; PORT_A               ; Untyped                                                                                                        ;
; MAXIMUM_DEPTH                      ; 0                    ; Untyped                                                                                                        ;
; CLOCK_ENABLE_INPUT_A               ; NORMAL               ; Untyped                                                                                                        ;
; CLOCK_ENABLE_INPUT_B               ; NORMAL               ; Untyped                                                                                                        ;
; CLOCK_ENABLE_OUTPUT_A              ; NORMAL               ; Untyped                                                                                                        ;
; CLOCK_ENABLE_OUTPUT_B              ; NORMAL               ; Untyped                                                                                                        ;
; CLOCK_ENABLE_CORE_A                ; USE_INPUT_CLKEN      ; Untyped                                                                                                        ;
; CLOCK_ENABLE_CORE_B                ; USE_INPUT_CLKEN      ; Untyped                                                                                                        ;
; ENABLE_ECC                         ; FALSE                ; Untyped                                                                                                        ;
; ECC_PIPELINE_STAGE_ENABLED         ; FALSE                ; Untyped                                                                                                        ;
; WIDTH_ECCSTATUS                    ; 3                    ; Untyped                                                                                                        ;
; DEVICE_FAMILY                      ; Cyclone V            ; Untyped                                                                                                        ;
; CBXI_PARAMETER                     ; altsyncram_s9k1      ; Untyped                                                                                                        ;
+------------------------------------+----------------------+----------------------------------------------------------------------------------------------------------------+
Note: In order to hide this table in the UI and the text report file, please set the "Show Parameter Settings in Synthesis Report" option in "Analysis and Synthesis Settings -> More Settings" to "Off".


+----------------------------------------------------------------------------------------------------------------------------------------+
; Parameter Settings for User Entity Instance: Top_General:u_top_general|Top_Downscale_Integration:u_top_simd|Downscale_SIMD:u_downscale ;
+----------------+-------+---------------------------------------------------------------------------------------------------------------+
; Parameter Name ; Value ; Type                                                                                                          ;
+----------------+-------+---------------------------------------------------------------------------------------------------------------+
; SRC_H          ; 128   ; Signed Integer                                                                                                ;
; SRC_W          ; 128   ; Signed Integer                                                                                                ;
; DST_H          ; 64    ; Signed Integer                                                                                                ;
; DST_W          ; 64    ; Signed Integer                                                                                                ;
; N              ; 4     ; Signed Integer                                                                                                ;
+----------------+-------+---------------------------------------------------------------------------------------------------------------+
Note: In order to hide this table in the UI and the text report file, please set the "Show Parameter Settings in Synthesis Report" option in "Analysis and Synthesis Settings -> More Settings" to "Off".


+------------------------------------------------------------------------------------------------------------------------------------------------------------+
; Parameter Settings for User Entity Instance: Top_General:u_top_general|Top_Downscale_Integration:u_top_simd|Downscale_SIMD:u_downscale|Top_SIMD:u_top_simd ;
+----------------+-------+-----------------------------------------------------------------------------------------------------------------------------------+
; Parameter Name ; Value ; Type                                                                                                                              ;
+----------------+-------+-----------------------------------------------------------------------------------------------------------------------------------+
; N              ; 4     ; Signed Integer                                                                                                                    ;
+----------------+-------+-----------------------------------------------------------------------------------------------------------------------------------+
Note: In order to hide this table in the UI and the text report file, please set the "Show Parameter Settings in Synthesis Report" option in "Analysis and Synthesis Settings -> More Settings" to "Off".


+-------------------------------------------------------------------------------------------------------------------------------------------------------------------------------------+
; Parameter Settings for User Entity Instance: Top_General:u_top_general|Top_Downscale_Integration:u_top_simd|Downscale_SIMD:u_downscale|Top_SIMD:u_top_simd|SIMD_Registros:regs_inst ;
+----------------+-------+------------------------------------------------------------------------------------------------------------------------------------------------------------+
; Parameter Name ; Value ; Type                                                                                                                                                       ;
+----------------+-------+------------------------------------------------------------------------------------------------------------------------------------------------------------+
; N              ; 4     ; Signed Integer                                                                                                                                             ;
+----------------+-------+------------------------------------------------------------------------------------------------------------------------------------------------------------+
Note: In order to hide this table in the UI and the text report file, please set the "Show Parameter Settings in Synthesis Report" option in "Analysis and Synthesis Settings -> More Settings" to "Off".


+-------------------------------------------------------------------------------------------------------------------------------------------------------------------------------+
; Parameter Settings for User Entity Instance: Top_General:u_top_general|Top_Downscale_Integration:u_top_simd|Downscale_SIMD:u_downscale|Top_SIMD:u_top_simd|ModoSIMD:simd_inst ;
+----------------+-------+------------------------------------------------------------------------------------------------------------------------------------------------------+
; Parameter Name ; Value ; Type                                                                                                                                                 ;
+----------------+-------+------------------------------------------------------------------------------------------------------------------------------------------------------+
; N              ; 4     ; Signed Integer                                                                                                                                       ;
+----------------+-------+------------------------------------------------------------------------------------------------------------------------------------------------------+
Note: In order to hide this table in the UI and the text report file, please set the "Show Parameter Settings in Synthesis Report" option in "Analysis and Synthesis Settings -> More Settings" to "Off".


+---------------------------------------------------------------------------------------------------------------------------------------------------------------+
; Parameter Settings for Inferred Entity Instance: Top_General:u_top_general|Top_Downscale_Secuencial:u_top_seq|ImageMemory_SeqPort:mem|altsyncram:memory_rtl_0 ;
+------------------------------------+----------------------+---------------------------------------------------------------------------------------------------+
; Parameter Name                     ; Value                ; Type                                                                                              ;
+------------------------------------+----------------------+---------------------------------------------------------------------------------------------------+
; BYTE_SIZE_BLOCK                    ; 8                    ; Untyped                                                                                           ;
; AUTO_CARRY_CHAINS                  ; ON                   ; AUTO_CARRY                                                                                        ;
; IGNORE_CARRY_BUFFERS               ; OFF                  ; IGNORE_CARRY                                                                                      ;
; AUTO_CASCADE_CHAINS                ; ON                   ; AUTO_CASCADE                                                                                      ;
; IGNORE_CASCADE_BUFFERS             ; OFF                  ; IGNORE_CASCADE                                                                                    ;
; WIDTH_BYTEENA                      ; 1                    ; Untyped                                                                                           ;
; OPERATION_MODE                     ; DUAL_PORT            ; Untyped                                                                                           ;
; WIDTH_A                            ; 8                    ; Untyped                                                                                           ;
; WIDTHAD_A                          ; 14                   ; Untyped                                                                                           ;
; NUMWORDS_A                         ; 16384                ; Untyped                                                                                           ;
; OUTDATA_REG_A                      ; UNREGISTERED         ; Untyped                                                                                           ;
; ADDRESS_ACLR_A                     ; NONE                 ; Untyped                                                                                           ;
; OUTDATA_ACLR_A                     ; NONE                 ; Untyped                                                                                           ;
; WRCONTROL_ACLR_A                   ; NONE                 ; Untyped                                                                                           ;
; INDATA_ACLR_A                      ; NONE                 ; Untyped                                                                                           ;
; BYTEENA_ACLR_A                     ; NONE                 ; Untyped                                                                                           ;
; WIDTH_B                            ; 8                    ; Untyped                                                                                           ;
; WIDTHAD_B                          ; 14                   ; Untyped                                                                                           ;
; NUMWORDS_B                         ; 16384                ; Untyped                                                                                           ;
; INDATA_REG_B                       ; CLOCK1               ; Untyped                                                                                           ;
; WRCONTROL_WRADDRESS_REG_B          ; CLOCK1               ; Untyped                                                                                           ;
; RDCONTROL_REG_B                    ; CLOCK1               ; Untyped                                                                                           ;
; ADDRESS_REG_B                      ; CLOCK0               ; Untyped                                                                                           ;
; OUTDATA_REG_B                      ; UNREGISTERED         ; Untyped                                                                                           ;
; BYTEENA_REG_B                      ; CLOCK1               ; Untyped                                                                                           ;
; INDATA_ACLR_B                      ; NONE                 ; Untyped                                                                                           ;
; WRCONTROL_ACLR_B                   ; NONE                 ; Untyped                                                                                           ;
; ADDRESS_ACLR_B                     ; NONE                 ; Untyped                                                                                           ;
; OUTDATA_ACLR_B                     ; NONE                 ; Untyped                                                                                           ;
; RDCONTROL_ACLR_B                   ; NONE                 ; Untyped                                                                                           ;
; BYTEENA_ACLR_B                     ; NONE                 ; Untyped                                                                                           ;
; WIDTH_BYTEENA_A                    ; 1                    ; Untyped                                                                                           ;
; WIDTH_BYTEENA_B                    ; 1                    ; Untyped                                                                                           ;
; RAM_BLOCK_TYPE                     ; AUTO                 ; Untyped                                                                                           ;
; BYTE_SIZE                          ; 8                    ; Untyped                                                                                           ;
; READ_DURING_WRITE_MODE_MIXED_PORTS ; OLD_DATA             ; Untyped                                                                                           ;
; READ_DURING_WRITE_MODE_PORT_A      ; NEW_DATA_NO_NBE_READ ; Untyped                                                                                           ;
; READ_DURING_WRITE_MODE_PORT_B      ; NEW_DATA_NO_NBE_READ ; Untyped                                                                                           ;
; INIT_FILE                          ; UNUSED               ; Untyped                                                                                           ;
; INIT_FILE_LAYOUT                   ; PORT_A               ; Untyped                                                                                           ;
; MAXIMUM_DEPTH                      ; 0                    ; Untyped                                                                                           ;
; CLOCK_ENABLE_INPUT_A               ; NORMAL               ; Untyped                                                                                           ;
; CLOCK_ENABLE_INPUT_B               ; NORMAL               ; Untyped                                                                                           ;
; CLOCK_ENABLE_OUTPUT_A              ; NORMAL               ; Untyped                                                                                           ;
; CLOCK_ENABLE_OUTPUT_B              ; NORMAL               ; Untyped                                                                                           ;
; CLOCK_ENABLE_CORE_A                ; USE_INPUT_CLKEN      ; Untyped                                                                                           ;
; CLOCK_ENABLE_CORE_B                ; USE_INPUT_CLKEN      ; Untyped                                                                                           ;
; ENABLE_ECC                         ; FALSE                ; Untyped                                                                                           ;
; ECC_PIPELINE_STAGE_ENABLED         ; FALSE                ; Untyped                                                                                           ;
; WIDTH_ECCSTATUS                    ; 3                    ; Untyped                                                                                           ;
; DEVICE_FAMILY                      ; Cyclone V            ; Untyped                                                                                           ;
; CBXI_PARAMETER                     ; altsyncram_dso1      ; Untyped                                                                                           ;
+------------------------------------+----------------------+---------------------------------------------------------------------------------------------------+
Note: In order to hide this table in the UI and the text report file, please set the "Show Parameter Settings in Synthesis Report" option in "Analysis and Synthesis Settings -> More Settings" to "Off".


+---------------------------------------------------------------------------------------------------------------------------------------------------------------------------+
; altsyncram Parameter Settings by Entity Instance                                                                                                                          ;
+-------------------------------------------+-------------------------------------------------------------------------------------------------------------------------------+
; Name                                      ; Value                                                                                                                         ;
+-------------------------------------------+-------------------------------------------------------------------------------------------------------------------------------+
; Number of entity instances                ; 5                                                                                                                             ;
; Entity Instance                           ; Top_General:u_top_general|Top_Downscale_Integration:u_top_simd|ImageMemory_SIMDPort:u_image_memory|altsyncram:memory[0][7]__1 ;
;     -- OPERATION_MODE                     ; DUAL_PORT                                                                                                                     ;
;     -- WIDTH_A                            ; 8                                                                                                                             ;
;     -- NUMWORDS_A                         ; 16384                                                                                                                         ;
;     -- OUTDATA_REG_A                      ; UNREGISTERED                                                                                                                  ;
;     -- WIDTH_B                            ; 8                                                                                                                             ;
;     -- NUMWORDS_B                         ; 16384                                                                                                                         ;
;     -- ADDRESS_REG_B                      ; CLOCK1                                                                                                                        ;
;     -- OUTDATA_REG_B                      ; UNREGISTERED                                                                                                                  ;
;     -- RAM_BLOCK_TYPE                     ; AUTO                                                                                                                          ;
;     -- READ_DURING_WRITE_MODE_MIXED_PORTS ; DONT_CARE                                                                                                                     ;
; Entity Instance                           ; Top_General:u_top_general|Top_Downscale_Integration:u_top_simd|ImageMemory_SIMDPort:u_image_memory|altsyncram:memory[0][7]__2 ;
;     -- OPERATION_MODE                     ; DUAL_PORT                                                                                                                     ;
;     -- WIDTH_A                            ; 8                                                                                                                             ;
;     -- NUMWORDS_A                         ; 16384                                                                                                                         ;
;     -- OUTDATA_REG_A                      ; UNREGISTERED                                                                                                                  ;
;     -- WIDTH_B                            ; 8                                                                                                                             ;
;     -- NUMWORDS_B                         ; 16384                                                                                                                         ;
;     -- ADDRESS_REG_B                      ; CLOCK1                                                                                                                        ;
;     -- OUTDATA_REG_B                      ; UNREGISTERED                                                                                                                  ;
;     -- RAM_BLOCK_TYPE                     ; AUTO                                                                                                                          ;
;     -- READ_DURING_WRITE_MODE_MIXED_PORTS ; DONT_CARE                                                                                                                     ;
; Entity Instance                           ; Top_General:u_top_general|Top_Downscale_Integration:u_top_simd|ImageMemory_SIMDPort:u_image_memory|altsyncram:memory[0][7]__3 ;
;     -- OPERATION_MODE                     ; DUAL_PORT                                                                                                                     ;
;     -- WIDTH_A                            ; 8                                                                                                                             ;
;     -- NUMWORDS_A                         ; 16384                                                                                                                         ;
;     -- OUTDATA_REG_A                      ; UNREGISTERED                                                                                                                  ;
;     -- WIDTH_B                            ; 8                                                                                                                             ;
;     -- NUMWORDS_B                         ; 16384                                                                                                                         ;
;     -- ADDRESS_REG_B                      ; CLOCK1                                                                                                                        ;
;     -- OUTDATA_REG_B                      ; UNREGISTERED                                                                                                                  ;
;     -- RAM_BLOCK_TYPE                     ; AUTO                                                                                                                          ;
;     -- READ_DURING_WRITE_MODE_MIXED_PORTS ; DONT_CARE                                                                                                                     ;
; Entity Instance                           ; Top_General:u_top_general|Top_Downscale_Integration:u_top_simd|ImageMemory_SIMDPort:u_image_memory|altsyncram:memory[0][7]__4 ;
;     -- OPERATION_MODE                     ; DUAL_PORT                                                                                                                     ;
;     -- WIDTH_A                            ; 8                                                                                                                             ;
;     -- NUMWORDS_A                         ; 16384                                                                                                                         ;
;     -- OUTDATA_REG_A                      ; UNREGISTERED                                                                                                                  ;
;     -- WIDTH_B                            ; 8                                                                                                                             ;
;     -- NUMWORDS_B                         ; 16384                                                                                                                         ;
;     -- ADDRESS_REG_B                      ; CLOCK1                                                                                                                        ;
;     -- OUTDATA_REG_B                      ; UNREGISTERED                                                                                                                  ;
;     -- RAM_BLOCK_TYPE                     ; AUTO                                                                                                                          ;
;     -- READ_DURING_WRITE_MODE_MIXED_PORTS ; DONT_CARE                                                                                                                     ;
; Entity Instance                           ; Top_General:u_top_general|Top_Downscale_Secuencial:u_top_seq|ImageMemory_SeqPort:mem|altsyncram:memory_rtl_0                  ;
;     -- OPERATION_MODE                     ; DUAL_PORT                                                                                                                     ;
;     -- WIDTH_A                            ; 8                                                                                                                             ;
;     -- NUMWORDS_A                         ; 16384                                                                                                                         ;
;     -- OUTDATA_REG_A                      ; UNREGISTERED                                                                                                                  ;
;     -- WIDTH_B                            ; 8                                                                                                                             ;
;     -- NUMWORDS_B                         ; 16384                                                                                                                         ;
;     -- ADDRESS_REG_B                      ; CLOCK0                                                                                                                        ;
;     -- OUTDATA_REG_B                      ; UNREGISTERED                                                                                                                  ;
;     -- RAM_BLOCK_TYPE                     ; AUTO                                                                                                                          ;
;     -- READ_DURING_WRITE_MODE_MIXED_PORTS ; OLD_DATA                                                                                                                      ;
+-------------------------------------------+-------------------------------------------------------------------------------------------------------------------------------+


+------------------------------------------------------------------------------------------------------------------------------------------------------------------------------------------------+
; Port Connectivity Checks: "Top_General:u_top_general|Top_Downscale_Integration:u_top_simd|Downscale_SIMD:u_downscale|Top_SIMD:u_top_simd|ModoSIMD:simd_inst|ModoSecuencial:SIMD_CORES[3].core" ;
+-----------+--------+----------+----------------------------------------------------------------------------------------------------------------------------------------------------------------+
; Port      ; Type   ; Severity ; Details                                                                                                                                                        ;
+-----------+--------+----------+----------------------------------------------------------------------------------------------------------------------------------------------------------------+
; valid_out ; Output ; Info     ; Connected to dangling logic. Logic that only feeds a dangling port will be removed.                                                                            ;
+-----------+--------+----------+----------------------------------------------------------------------------------------------------------------------------------------------------------------+


+------------------------------------------------------------------------------------------------------------------------------------------------------------------------------------------------+
; Port Connectivity Checks: "Top_General:u_top_general|Top_Downscale_Integration:u_top_simd|Downscale_SIMD:u_downscale|Top_SIMD:u_top_simd|ModoSIMD:simd_inst|ModoSecuencial:SIMD_CORES[2].core" ;
+-----------+--------+----------+----------------------------------------------------------------------------------------------------------------------------------------------------------------+
; Port      ; Type   ; Severity ; Details                                                                                                                                                        ;
+-----------+--------+----------+----------------------------------------------------------------------------------------------------------------------------------------------------------------+
; valid_out ; Output ; Info     ; Connected to dangling logic. Logic that only feeds a dangling port will be removed.                                                                            ;
+-----------+--------+----------+----------------------------------------------------------------------------------------------------------------------------------------------------------------+


+------------------------------------------------------------------------------------------------------------------------------------------------------------------------------------------------+
; Port Connectivity Checks: "Top_General:u_top_general|Top_Downscale_Integration:u_top_simd|Downscale_SIMD:u_downscale|Top_SIMD:u_top_simd|ModoSIMD:simd_inst|ModoSecuencial:SIMD_CORES[1].core" ;
+-----------+--------+----------+----------------------------------------------------------------------------------------------------------------------------------------------------------------+
; Port      ; Type   ; Severity ; Details                                                                                                                                                        ;
+-----------+--------+----------+----------------------------------------------------------------------------------------------------------------------------------------------------------------+
; valid_out ; Output ; Info     ; Connected to dangling logic. Logic that only feeds a dangling port will be removed.                                                                            ;
+-----------+--------+----------+----------------------------------------------------------------------------------------------------------------------------------------------------------------+


+-------------------------------------------------------------------------------------------------------------------------------------------------------------+
; Port Connectivity Checks: "Top_General:u_top_general|Top_Downscale_Integration:u_top_simd|Downscale_SIMD:u_downscale|Top_SIMD:u_top_simd|FSM_SIMD:fsm_inst" ;
+------------+--------+----------+----------------------------------------------------------------------------------------------------------------------------+
; Port       ; Type   ; Severity ; Details                                                                                                                    ;
+------------+--------+----------+----------------------------------------------------------------------------------------------------------------------------+
; write_back ; Output ; Info     ; Connected to dangling logic. Logic that only feeds a dangling port will be removed.                                        ;
+------------+--------+----------+----------------------------------------------------------------------------------------------------------------------------+


+-------------------------------------------------------------------------------------------------------------------------------+
; Port Connectivity Checks: "Top_General:u_top_general|Top_Downscale_Integration:u_top_simd"                                    ;
+---------------------+--------+----------+-------------------------------------------------------------------------------------+
; Port                ; Type   ; Severity ; Details                                                                             ;
+---------------------+--------+----------+-------------------------------------------------------------------------------------+
; image_out[1..63]    ; Output ; Info     ; Connected to dangling logic. Logic that only feeds a dangling port will be removed. ;
; image_out[0][1..63] ; Output ; Info     ; Connected to dangling logic. Logic that only feeds a dangling port will be removed. ;
+---------------------+--------+----------+-------------------------------------------------------------------------------------+


+------------------------------------------------------------------------------------------------------------------------+
; Port Connectivity Checks: "Top_General:u_top_general|Top_Downscale_Secuencial:u_top_seq|Downscale_Secuencial:u_seq"    ;
+--------------+--------+----------+-------------------------------------------------------------------------------------+
; Port         ; Type   ; Severity ; Details                                                                             ;
+--------------+--------+----------+-------------------------------------------------------------------------------------+
; out_mem_we   ; Output ; Info     ; Connected to dangling logic. Logic that only feeds a dangling port will be removed. ;
; out_mem_addr ; Output ; Info     ; Connected to dangling logic. Logic that only feeds a dangling port will be removed. ;
; out_mem_data ; Output ; Info     ; Connected to dangling logic. Logic that only feeds a dangling port will be removed. ;
+--------------+--------+----------+-------------------------------------------------------------------------------------+


+-----------------------------------------------------------------------------------------------------------------------------------------------------------------------------------------------------------------+
; Port Connectivity Checks: "Top_General:u_top_general|Top_Downscale_Secuencial:u_top_seq|ImageMemory_SeqPort:mem"                                                                                                ;
+---------+-------+----------+------------------------------------------------------------------------------------------------------------------------------------------------------------------------------------+
; Port    ; Type  ; Severity ; Details                                                                                                                                                                            ;
+---------+-------+----------+------------------------------------------------------------------------------------------------------------------------------------------------------------------------------------+
; wr_addr ; Input ; Warning  ; Input port expression (18 bits) is wider than the input port (14 bits) it drives.  The 4 most-significant bit(s) in the expression will be dangling if they have no other fanouts. ;
+---------+-------+----------+------------------------------------------------------------------------------------------------------------------------------------------------------------------------------------+


+--------------------------------------------------------------------------------------------------------------------------------+
; Port Connectivity Checks: "Top_General:u_top_general|JTAG_Interface:jtag"                                                      ;
+----------------------+--------+----------+-------------------------------------------------------------------------------------+
; Port                 ; Type   ; Severity ; Details                                                                             ;
+----------------------+--------+----------+-------------------------------------------------------------------------------------+
; step                 ; Output ; Info     ; Connected to dangling logic. Logic that only feeds a dangling port will be removed. ;
; paramxratio          ; Output ; Info     ; Connected to dangling logic. Logic that only feeds a dangling port will be removed. ;
; paramyratio          ; Output ; Info     ; Connected to dangling logic. Logic that only feeds a dangling port will be removed. ;
; imgwidth             ; Output ; Info     ; Connected to dangling logic. Logic that only feeds a dangling port will be removed. ;
; imgheight            ; Output ; Info     ; Connected to dangling logic. Logic that only feeds a dangling port will be removed. ;
; imgwriteaddr[31..18] ; Output ; Info     ; Connected to dangling logic. Logic that only feeds a dangling port will be removed. ;
; imgwritedata[31..8]  ; Output ; Info     ; Connected to dangling logic. Logic that only feeds a dangling port will be removed. ;
; imgreaddata[31..8]   ; Input  ; Info     ; Stuck at GND                                                                        ;
+----------------------+--------+----------+-------------------------------------------------------------------------------------+


+---------------------------------------------------------------------------------------------------------------------------------------------------+
; Port Connectivity Checks: "sld_virtual_jtag:u_vjtag"                                                                                              ;
+--------------------+--------+----------+----------------------------------------------------------------------------------------------------------+
; Port               ; Type   ; Severity ; Details                                                                                                  ;
+--------------------+--------+----------+----------------------------------------------------------------------------------------------------------+
; ir_out             ; Input  ; Info     ; Stuck at GND                                                                                             ;
; virtual_state_e1dr ; Output ; Info     ; Explicitly unconnected                                                                                   ;
; virtual_state_pdr  ; Output ; Info     ; Explicitly unconnected                                                                                   ;
; virtual_state_e2dr ; Output ; Info     ; Explicitly unconnected                                                                                   ;
; virtual_state_cir  ; Output ; Info     ; Explicitly unconnected                                                                                   ;
; virtual_state_uir  ; Output ; Info     ; Explicitly unconnected                                                                                   ;
; tms                ; Output ; Warning  ; Declared by entity but not connected by instance. Logic that only feeds a dangling port will be removed. ;
; jtag_state_tlr     ; Output ; Warning  ; Declared by entity but not connected by instance. Logic that only feeds a dangling port will be removed. ;
; jtag_state_rti     ; Output ; Warning  ; Declared by entity but not connected by instance. Logic that only feeds a dangling port will be removed. ;
; jtag_state_sdrs    ; Output ; Warning  ; Declared by entity but not connected by instance. Logic that only feeds a dangling port will be removed. ;
; jtag_state_cdr     ; Output ; Warning  ; Declared by entity but not connected by instance. Logic that only feeds a dangling port will be removed. ;
; jtag_state_sdr     ; Output ; Warning  ; Declared by entity but not connected by instance. Logic that only feeds a dangling port will be removed. ;
; jtag_state_e1dr    ; Output ; Warning  ; Declared by entity but not connected by instance. Logic that only feeds a dangling port will be removed. ;
; jtag_state_pdr     ; Output ; Warning  ; Declared by entity but not connected by instance. Logic that only feeds a dangling port will be removed. ;
; jtag_state_e2dr    ; Output ; Warning  ; Declared by entity but not connected by instance. Logic that only feeds a dangling port will be removed. ;
; jtag_state_udr     ; Output ; Warning  ; Declared by entity but not connected by instance. Logic that only feeds a dangling port will be removed. ;
; jtag_state_sirs    ; Output ; Warning  ; Declared by entity but not connected by instance. Logic that only feeds a dangling port will be removed. ;
; jtag_state_cir     ; Output ; Warning  ; Declared by entity but not connected by instance. Logic that only feeds a dangling port will be removed. ;
; jtag_state_sir     ; Output ; Warning  ; Declared by entity but not connected by instance. Logic that only feeds a dangling port will be removed. ;
; jtag_state_e1ir    ; Output ; Warning  ; Declared by entity but not connected by instance. Logic that only feeds a dangling port will be removed. ;
; jtag_state_pir     ; Output ; Warning  ; Declared by entity but not connected by instance. Logic that only feeds a dangling port will be removed. ;
; jtag_state_e2ir    ; Output ; Warning  ; Declared by entity but not connected by instance. Logic that only feeds a dangling port will be removed. ;
; jtag_state_uir     ; Output ; Warning  ; Declared by entity but not connected by instance. Logic that only feeds a dangling port will be removed. ;
+--------------------+--------+----------+----------------------------------------------------------------------------------------------------------+


+--------------------------------------------------------------------------------------------------------------------------------------------+
; Virtual JTAG Settings                                                                                                                      ;
+----------------+------------+------------------+----------+---------+-----------------+-------------------------+--------------------------+
; Instance Index ; Auto Index ; Index Reassigned ; IR Width ; Address ; USER1 DR length ; VIR capture instruction ; Hierarchy Location       ;
+----------------+------------+------------------+----------+---------+-----------------+-------------------------+--------------------------+
; 0              ; YES        ; N/A              ; 2        ; 0x10    ; 5               ; 0x0B                    ; sld_virtual_jtag:u_vjtag ;
+----------------+------------+------------------+----------+---------+-----------------+-------------------------+--------------------------+


+-----------------------------------------------------+
; Post-Synthesis Netlist Statistics for Top Partition ;
+-----------------------+-----------------------------+
; Type                  ; Count                       ;
+-----------------------+-----------------------------+
; arriav_ff             ; 707                         ;
;     CLR               ; 39                          ;
;     CLR SLD           ; 13                          ;
;     ENA               ; 26                          ;
;     ENA CLR           ; 428                         ;
;     ENA CLR SCLR      ; 69                          ;
;     ENA CLR SLD       ; 24                          ;
;     ENA SCLR          ; 20                          ;
;     ENA SCLR SLD      ; 7                           ;
;     ENA SLD           ; 55                          ;
;     plain             ; 26                          ;
; arriav_lcell_comb     ; 776                         ;
;     arith             ; 436                         ;
;         0 data inputs ; 31                          ;
;         1 data inputs ; 183                         ;
;         2 data inputs ; 104                         ;
;         3 data inputs ; 14                          ;
;         4 data inputs ; 102                         ;
;         5 data inputs ; 2                           ;
;     extend            ; 24                          ;
;         7 data inputs ; 24                          ;
;     normal            ; 316                         ;
;         0 data inputs ; 1                           ;
;         1 data inputs ; 2                           ;
;         2 data inputs ; 30                          ;
;         3 data inputs ; 114                         ;
;         4 data inputs ; 56                          ;
;         5 data inputs ; 44                          ;
;         6 data inputs ; 69                          ;
; arriav_mac            ; 18                          ;
; boundary_port         ; 37                          ;
; stratixv_ram_block    ; 48                          ;
;                       ;                             ;
; Max LUT depth         ; 7.20                        ;
; Average LUT depth     ; 3.33                        ;
+-----------------------+-----------------------------+


+-------------------------------+
; Elapsed Time Per Partition    ;
+----------------+--------------+
; Partition Name ; Elapsed Time ;
+----------------+--------------+
; Top            ; 00:00:01     ;
+----------------+--------------+


+-------------------------------+
; Analysis & Synthesis Messages ;
+-------------------------------+
Info: *******************************************************************
Info: Running Quartus Prime Analysis & Synthesis
    Info: Version 20.1.1 Build 720 11/11/2020 SJ Lite Edition
    Info: Processing started: Sat Nov 29 02:39:06 2025
Info: Command: quartus_map --read_settings_files=on --write_settings_files=off ModoSecuencial -c ModoSecuencial
Warning (18236): Number of processors has not been specified which may cause overloading on shared machines.  Set the global assignment NUM_PARALLEL_PROCESSORS in your QSF to an appropriate value for best performance.
Info (20030): Parallel compilation is enabled and will use 16 of the 24 processors detected
Info (12021): Found 1 design units, including 1 entities, in source file top_vjtag.sv
    Info (12023): Found entity 1: Top_VJTAG File: C:/Users/sebas/OneDrive/Escritorio/Arqui2-Proyecto1/Top_VJTAG.sv Line: 9
Info (12021): Found 1 design units, including 1 entities, in source file tb_top_downscale_simd.sv
    Info (12023): Found entity 1: tb_Top_Downscale_SIMD File: C:/Users/sebas/OneDrive/Escritorio/Arqui2-Proyecto1/tb_Top_Downscale_SIMD.sv Line: 3
Info (12021): Found 1 design units, including 1 entities, in source file imagememory_sequentialport.sv
    Info (12023): Found entity 1: ImageMemory_SequentialPort File: C:/Users/sebas/OneDrive/Escritorio/Arqui2-Proyecto1/ImageMemory_SequentialPort.sv Line: 6
Info (12021): Found 1 design units, including 1 entities, in source file connect.sv
    Info (12023): Found entity 1: connect File: C:/Users/sebas/OneDrive/Escritorio/Arqui2-Proyecto1/connect.sv Line: 8
Info (12021): Found 1 design units, including 1 entities, in source file jtag_interface.sv
    Info (12023): Found entity 1: JTAG_Interface File: C:/Users/sebas/OneDrive/Escritorio/Arqui2-Proyecto1/JTAG_Interface.sv Line: 8
Info (12021): Found 1 design units, including 1 entities, in source file top_general.sv
    Info (12023): Found entity 1: Top_General File: C:/Users/sebas/OneDrive/Escritorio/Arqui2-Proyecto1/Top_General.sv Line: 5
Info (12021): Found 1 design units, including 1 entities, in source file top_downscale_secuencial.sv
    Info (12023): Found entity 1: Top_Downscale_Secuencial File: C:/Users/sebas/OneDrive/Escritorio/Arqui2-Proyecto1/Top_Downscale_Secuencial.sv Line: 1
Info (12021): Found 1 design units, including 1 entities, in source file tb_top_downscale_secuencial.sv
    Info (12023): Found entity 1: tb_Top_Downscale_Secuencial File: C:/Users/sebas/OneDrive/Escritorio/Arqui2-Proyecto1/tb_Top_Downscale_Secuencial.sv Line: 3
Info (12021): Found 1 design units, including 1 entities, in source file modosecuencial.sv
    Info (12023): Found entity 1: ModoSecuencial File: C:/Users/sebas/OneDrive/Escritorio/Arqui2-Proyecto1/ModoSecuencial.sv Line: 1
Info (12021): Found 1 design units, including 1 entities, in source file modosimd.sv
    Info (12023): Found entity 1: ModoSIMD File: C:/Users/sebas/OneDrive/Escritorio/Arqui2-Proyecto1/ModoSIMD.sv Line: 1
Info (12021): Found 1 design units, including 1 entities, in source file simd_registros.sv
    Info (12023): Found entity 1: SIMD_Registros File: C:/Users/sebas/OneDrive/Escritorio/Arqui2-Proyecto1/SIMD_Registros.sv Line: 1
Info (12021): Found 1 design units, including 1 entities, in source file fsm_simd.sv
    Info (12023): Found entity 1: FSM_SIMD File: C:/Users/sebas/OneDrive/Escritorio/Arqui2-Proyecto1/FSM_SIMD.sv Line: 3
Info (12021): Found 1 design units, including 1 entities, in source file top_simd.sv
    Info (12023): Found entity 1: Top_SIMD File: C:/Users/sebas/OneDrive/Escritorio/Arqui2-Proyecto1/Top_SIMD.sv Line: 4
Info (12021): Found 1 design units, including 1 entities, in source file downscale_secuencial.sv
    Info (12023): Found entity 1: Downscale_Secuencial File: C:/Users/sebas/OneDrive/Escritorio/Arqui2-Proyecto1/Downscale_Secuencial.sv Line: 3
Info (12021): Found 1 design units, including 1 entities, in source file downscale_simd.sv
    Info (12023): Found entity 1: Downscale_SIMD File: C:/Users/sebas/OneDrive/Escritorio/Arqui2-Proyecto1/Downscale_SIMD.sv Line: 3
Info (12021): Found 1 design units, including 1 entities, in source file imagememory.sv
    Info (12023): Found entity 1: ImageMemory File: C:/Users/sebas/OneDrive/Escritorio/Arqui2-Proyecto1/ImageMemory.sv Line: 1
Info (12021): Found 1 design units, including 1 entities, in source file imagememory_simdport.sv
    Info (12023): Found entity 1: ImageMemory_SIMDPort File: C:/Users/sebas/OneDrive/Escritorio/Arqui2-Proyecto1/ImageMemory_SIMDPort.sv Line: 3
Info (12021): Found 1 design units, including 1 entities, in source file tb_imagememory_simdport.sv
    Info (12023): Found entity 1: tb_ImageMemory_SIMDPort File: C:/Users/sebas/OneDrive/Escritorio/Arqui2-Proyecto1/tb_ImageMemory_SIMDPort.sv Line: 3
Info (12021): Found 1 design units, including 1 entities, in source file top_downscale_integration.sv
    Info (12023): Found entity 1: Top_Downscale_Integration File: C:/Users/sebas/OneDrive/Escritorio/Arqui2-Proyecto1/Top_Downscale_Integration.sv Line: 3
Info (12021): Found 1 design units, including 1 entities, in source file tb_top_downscale_integration.sv
    Info (12023): Found entity 1: tb_Top_Downscale_Integration File: C:/Users/sebas/OneDrive/Escritorio/Arqui2-Proyecto1/tb_Top_Downscale_Integration.sv Line: 3
Info (12021): Found 1 design units, including 1 entities, in source file imagememory_seqport.sv
    Info (12023): Found entity 1: ImageMemory_SeqPort File: C:/Users/sebas/OneDrive/Escritorio/Arqui2-Proyecto1/ImageMemory_SeqPort.sv Line: 3
Info (12127): Elaborating entity "Top_VJTAG" for the top level hierarchy
Info (12128): Elaborating entity "sld_virtual_jtag" for hierarchy "sld_virtual_jtag:u_vjtag" File: C:/Users/sebas/OneDrive/Escritorio/Arqui2-Proyecto1/Top_VJTAG.sv Line: 74
Info (12130): Elaborated megafunction instantiation "sld_virtual_jtag:u_vjtag" File: C:/Users/sebas/OneDrive/Escritorio/Arqui2-Proyecto1/Top_VJTAG.sv Line: 74
Info (12133): Instantiated megafunction "sld_virtual_jtag:u_vjtag" with the following parameter: File: C:/Users/sebas/OneDrive/Escritorio/Arqui2-Proyecto1/Top_VJTAG.sv Line: 74
    Info (12134): Parameter "sld_auto_instance_index" = "YES"
    Info (12134): Parameter "sld_instance_index" = "0"
    Info (12134): Parameter "sld_ir_width" = "2"
    Info (12134): Parameter "sld_sim_n_scan" = "0"
    Info (12134): Parameter "sld_sim_total_length" = "0"
    Info (12134): Parameter "sld_sim_action" = ""
Info (12128): Elaborating entity "sld_virtual_jtag_basic" for hierarchy "sld_virtual_jtag:u_vjtag|sld_virtual_jtag_basic:sld_virtual_jtag_basic_inst" File: c:/intelfpga_lite/20.1/quartus/libraries/megafunctions/sld_virtual_jtag.v Line: 152
Info (12131): Elaborated megafunction instantiation "sld_virtual_jtag:u_vjtag|sld_virtual_jtag_basic:sld_virtual_jtag_basic_inst", which is child of megafunction instantiation "sld_virtual_jtag:u_vjtag" File: c:/intelfpga_lite/20.1/quartus/libraries/megafunctions/sld_virtual_jtag.v Line: 152
Info (12128): Elaborating entity "sld_virtual_jtag_impl" for hierarchy "sld_virtual_jtag:u_vjtag|sld_virtual_jtag_basic:sld_virtual_jtag_basic_inst|sld_virtual_jtag_impl:sld_virtual_jtag_impl_inst" File: c:/intelfpga_lite/20.1/quartus/libraries/megafunctions/sld_virtual_jtag_basic.v Line: 152
Info (12131): Elaborated megafunction instantiation "sld_virtual_jtag:u_vjtag|sld_virtual_jtag_basic:sld_virtual_jtag_basic_inst|sld_virtual_jtag_impl:sld_virtual_jtag_impl_inst", which is child of megafunction instantiation "sld_virtual_jtag:u_vjtag" File: c:/intelfpga_lite/20.1/quartus/libraries/megafunctions/sld_virtual_jtag_basic.v Line: 152
Info (12128): Elaborating entity "sld_jtag_endpoint_adapter" for hierarchy "sld_virtual_jtag:u_vjtag|sld_virtual_jtag_basic:sld_virtual_jtag_basic_inst|sld_virtual_jtag_impl:sld_virtual_jtag_impl_inst|sld_jtag_endpoint_adapter:jtag_signal_adapter" File: c:/intelfpga_lite/20.1/quartus/libraries/megafunctions/sld_virtual_jtag_basic.v Line: 415
Info (12128): Elaborating entity "sld_jtag_endpoint_adapter_impl" for hierarchy "sld_virtual_jtag:u_vjtag|sld_virtual_jtag_basic:sld_virtual_jtag_basic_inst|sld_virtual_jtag_impl:sld_virtual_jtag_impl_inst|sld_jtag_endpoint_adapter:jtag_signal_adapter|sld_jtag_endpoint_adapter_impl:sld_jtag_endpoint_adapter_impl_inst" File: c:/intelfpga_lite/20.1/quartus/libraries/megafunctions/sld_jtag_endpoint_adapter.vhd Line: 232
Info (12128): Elaborating entity "connect" for hierarchy "connect:u_connect" File: C:/Users/sebas/OneDrive/Escritorio/Arqui2-Proyecto1/Top_VJTAG.sv Line: 93
Info (12128): Elaborating entity "Top_General" for hierarchy "Top_General:u_top_general" File: C:/Users/sebas/OneDrive/Escritorio/Arqui2-Proyecto1/Top_VJTAG.sv Line: 112
Info (10008): Verilog HDL or VHDL information: EDA Netlist Writer cannot regroup multidimensional array "image_out_simd" into its bus
Info (12128): Elaborating entity "JTAG_Interface" for hierarchy "Top_General:u_top_general|JTAG_Interface:jtag" File: C:/Users/sebas/OneDrive/Escritorio/Arqui2-Proyecto1/Top_General.sv Line: 69
Info (12128): Elaborating entity "Top_Downscale_Secuencial" for hierarchy "Top_General:u_top_general|Top_Downscale_Secuencial:u_top_seq" File: C:/Users/sebas/OneDrive/Escritorio/Arqui2-Proyecto1/Top_General.sv Line: 91
Warning (10036): Verilog HDL or VHDL warning at Top_Downscale_Secuencial.sv(47): object "output_memory" assigned a value but never read File: C:/Users/sebas/OneDrive/Escritorio/Arqui2-Proyecto1/Top_Downscale_Secuencial.sv Line: 47
Info (12128): Elaborating entity "ImageMemory_SeqPort" for hierarchy "Top_General:u_top_general|Top_Downscale_Secuencial:u_top_seq|ImageMemory_SeqPort:mem" File: C:/Users/sebas/OneDrive/Escritorio/Arqui2-Proyecto1/Top_Downscale_Secuencial.sv Line: 40
Info (12128): Elaborating entity "Downscale_Secuencial" for hierarchy "Top_General:u_top_general|Top_Downscale_Secuencial:u_top_seq|Downscale_Secuencial:u_seq" File: C:/Users/sebas/OneDrive/Escritorio/Arqui2-Proyecto1/Top_Downscale_Secuencial.sv Line: 70
Warning (10036): Verilog HDL or VHDL warning at Downscale_Secuencial.sv(59): object "x_src_fp" assigned a value but never read File: C:/Users/sebas/OneDrive/Escritorio/Arqui2-Proyecto1/Downscale_Secuencial.sv Line: 59
Warning (10036): Verilog HDL or VHDL warning at Downscale_Secuencial.sv(59): object "y_src_fp" assigned a value but never read File: C:/Users/sebas/OneDrive/Escritorio/Arqui2-Proyecto1/Downscale_Secuencial.sv Line: 59
Warning (10230): Verilog HDL assignment warning at Downscale_Secuencial.sv(104): truncated value with size 32 to match size of target (14) File: C:/Users/sebas/OneDrive/Escritorio/Arqui2-Proyecto1/Downscale_Secuencial.sv Line: 104
Warning (10230): Verilog HDL assignment warning at Downscale_Secuencial.sv(111): truncated value with size 32 to match size of target (14) File: C:/Users/sebas/OneDrive/Escritorio/Arqui2-Proyecto1/Downscale_Secuencial.sv Line: 111
Warning (10230): Verilog HDL assignment warning at Downscale_Secuencial.sv(119): truncated value with size 32 to match size of target (14) File: C:/Users/sebas/OneDrive/Escritorio/Arqui2-Proyecto1/Downscale_Secuencial.sv Line: 119
Warning (10230): Verilog HDL assignment warning at Downscale_Secuencial.sv(127): truncated value with size 32 to match size of target (14) File: C:/Users/sebas/OneDrive/Escritorio/Arqui2-Proyecto1/Downscale_Secuencial.sv Line: 127
Warning (10230): Verilog HDL assignment warning at Downscale_Secuencial.sv(147): truncated value with size 32 to match size of target (12) File: C:/Users/sebas/OneDrive/Escritorio/Arqui2-Proyecto1/Downscale_Secuencial.sv Line: 147
Warning (10230): Verilog HDL assignment warning at Downscale_Secuencial.sv(156): truncated value with size 32 to match size of target (7) File: C:/Users/sebas/OneDrive/Escritorio/Arqui2-Proyecto1/Downscale_Secuencial.sv Line: 156
Warning (10230): Verilog HDL assignment warning at Downscale_Secuencial.sv(158): truncated value with size 32 to match size of target (7) File: C:/Users/sebas/OneDrive/Escritorio/Arqui2-Proyecto1/Downscale_Secuencial.sv Line: 158
Warning (10230): Verilog HDL assignment warning at Downscale_Secuencial.sv(165): truncated value with size 24 to match size of target (8) File: C:/Users/sebas/OneDrive/Escritorio/Arqui2-Proyecto1/Downscale_Secuencial.sv Line: 165
Warning (10230): Verilog HDL assignment warning at Downscale_Secuencial.sv(169): truncated value with size 24 to match size of target (8) File: C:/Users/sebas/OneDrive/Escritorio/Arqui2-Proyecto1/Downscale_Secuencial.sv Line: 169
Warning (10230): Verilog HDL assignment warning at Downscale_Secuencial.sv(171): truncated value with size 32 to match size of target (8) File: C:/Users/sebas/OneDrive/Escritorio/Arqui2-Proyecto1/Downscale_Secuencial.sv Line: 171
Warning (10230): Verilog HDL assignment warning at Downscale_Secuencial.sv(174): truncated value with size 24 to match size of target (8) File: C:/Users/sebas/OneDrive/Escritorio/Arqui2-Proyecto1/Downscale_Secuencial.sv Line: 174
Warning (10230): Verilog HDL assignment warning at Downscale_Secuencial.sv(177): truncated value with size 24 to match size of target (8) File: C:/Users/sebas/OneDrive/Escritorio/Arqui2-Proyecto1/Downscale_Secuencial.sv Line: 177
Warning (10230): Verilog HDL assignment warning at Downscale_Secuencial.sv(180): truncated value with size 24 to match size of target (8) File: C:/Users/sebas/OneDrive/Escritorio/Arqui2-Proyecto1/Downscale_Secuencial.sv Line: 180
Warning (10230): Verilog HDL assignment warning at Downscale_Secuencial.sv(182): truncated value with size 32 to match size of target (8) File: C:/Users/sebas/OneDrive/Escritorio/Arqui2-Proyecto1/Downscale_Secuencial.sv Line: 182
Warning (10230): Verilog HDL assignment warning at Downscale_Secuencial.sv(184): truncated value with size 24 to match size of target (8) File: C:/Users/sebas/OneDrive/Escritorio/Arqui2-Proyecto1/Downscale_Secuencial.sv Line: 184
Info (12128): Elaborating entity "ModoSecuencial" for hierarchy "Top_General:u_top_general|Top_Downscale_Secuencial:u_top_seq|Downscale_Secuencial:u_seq|ModoSecuencial:u_secuencial" File: C:/Users/sebas/OneDrive/Escritorio/Arqui2-Proyecto1/Downscale_Secuencial.sv Line: 46
Info (12128): Elaborating entity "Top_Downscale_Integration" for hierarchy "Top_General:u_top_general|Top_Downscale_Integration:u_top_simd" File: C:/Users/sebas/OneDrive/Escritorio/Arqui2-Proyecto1/Top_General.sv Line: 114
Info (10008): Verilog HDL or VHDL information: EDA Netlist Writer cannot regroup multidimensional array "image_out" into its bus
Info (10008): Verilog HDL or VHDL information: EDA Netlist Writer cannot regroup multidimensional array "image_out" into its bus
Info (12128): Elaborating entity "ImageMemory_SIMDPort" for hierarchy "Top_General:u_top_general|Top_Downscale_Integration:u_top_simd|ImageMemory_SIMDPort:u_image_memory" File: C:/Users/sebas/OneDrive/Escritorio/Arqui2-Proyecto1/Top_Downscale_Integration.sv Line: 61
Warning (276027): Inferred dual-clock RAM node "Top_General:u_top_general|Top_Downscale_Integration:u_top_simd|ImageMemory_SIMDPort:u_image_memory|altsyncram:memory[0][7]__1" from synchronous design logic.  The read-during-write behavior of a dual-clock RAM is undefined and may not match the behavior of the original design.
Warning (276027): Inferred dual-clock RAM node "Top_General:u_top_general|Top_Downscale_Integration:u_top_simd|ImageMemory_SIMDPort:u_image_memory|altsyncram:memory[0][7]__2" from synchronous design logic.  The read-during-write behavior of a dual-clock RAM is undefined and may not match the behavior of the original design.
Warning (276027): Inferred dual-clock RAM node "Top_General:u_top_general|Top_Downscale_Integration:u_top_simd|ImageMemory_SIMDPort:u_image_memory|altsyncram:memory[0][7]__3" from synchronous design logic.  The read-during-write behavior of a dual-clock RAM is undefined and may not match the behavior of the original design.
Warning (276027): Inferred dual-clock RAM node "Top_General:u_top_general|Top_Downscale_Integration:u_top_simd|ImageMemory_SIMDPort:u_image_memory|altsyncram:memory[0][7]__4" from synchronous design logic.  The read-during-write behavior of a dual-clock RAM is undefined and may not match the behavior of the original design.
Info (19000): Inferred 4 megafunctions from design logic
    Info (276029): Inferred altsyncram megafunction from the following design logic: "Top_General:u_top_general|Top_Downscale_Integration:u_top_simd|ImageMemory_SIMDPort:u_image_memory|altsyncram:memory[0][7]__1" 
        Info (286033): Parameter OPERATION_MODE set to DUAL_PORT
        Info (286033): Parameter WIDTH_A set to 8
        Info (286033): Parameter WIDTHAD_A set to 14
        Info (286033): Parameter NUMWORDS_A set to 16384
        Info (286033): Parameter WIDTH_B set to 8
        Info (286033): Parameter WIDTHAD_B set to 14
        Info (286033): Parameter NUMWORDS_B set to 16384
        Info (286033): Parameter ADDRESS_ACLR_A set to NONE
        Info (286033): Parameter OUTDATA_REG_B set to UNREGISTERED
        Info (286033): Parameter ADDRESS_ACLR_B set to NONE
        Info (286033): Parameter OUTDATA_ACLR_B set to NONE
        Info (286033): Parameter ADDRESS_REG_B set to CLOCK1
        Info (286033): Parameter INDATA_ACLR_A set to NONE
        Info (286033): Parameter WRCONTROL_ACLR_A set to NONE
    Info (276029): Inferred altsyncram megafunction from the following design logic: "Top_General:u_top_general|Top_Downscale_Integration:u_top_simd|ImageMemory_SIMDPort:u_image_memory|altsyncram:memory[0][7]__2" 
        Info (286033): Parameter OPERATION_MODE set to DUAL_PORT
        Info (286033): Parameter WIDTH_A set to 8
        Info (286033): Parameter WIDTHAD_A set to 14
        Info (286033): Parameter NUMWORDS_A set to 16384
        Info (286033): Parameter WIDTH_B set to 8
        Info (286033): Parameter WIDTHAD_B set to 14
        Info (286033): Parameter NUMWORDS_B set to 16384
        Info (286033): Parameter ADDRESS_ACLR_A set to NONE
        Info (286033): Parameter OUTDATA_REG_B set to UNREGISTERED
        Info (286033): Parameter ADDRESS_ACLR_B set to NONE
        Info (286033): Parameter OUTDATA_ACLR_B set to NONE
        Info (286033): Parameter ADDRESS_REG_B set to CLOCK1
        Info (286033): Parameter INDATA_ACLR_A set to NONE
        Info (286033): Parameter WRCONTROL_ACLR_A set to NONE
    Info (276029): Inferred altsyncram megafunction from the following design logic: "Top_General:u_top_general|Top_Downscale_Integration:u_top_simd|ImageMemory_SIMDPort:u_image_memory|altsyncram:memory[0][7]__3" 
        Info (286033): Parameter OPERATION_MODE set to DUAL_PORT
        Info (286033): Parameter WIDTH_A set to 8
        Info (286033): Parameter WIDTHAD_A set to 14
        Info (286033): Parameter NUMWORDS_A set to 16384
        Info (286033): Parameter WIDTH_B set to 8
        Info (286033): Parameter WIDTHAD_B set to 14
        Info (286033): Parameter NUMWORDS_B set to 16384
        Info (286033): Parameter ADDRESS_ACLR_A set to NONE
        Info (286033): Parameter OUTDATA_REG_B set to UNREGISTERED
        Info (286033): Parameter ADDRESS_ACLR_B set to NONE
        Info (286033): Parameter OUTDATA_ACLR_B set to NONE
        Info (286033): Parameter ADDRESS_REG_B set to CLOCK1
        Info (286033): Parameter INDATA_ACLR_A set to NONE
        Info (286033): Parameter WRCONTROL_ACLR_A set to NONE
    Info (276029): Inferred altsyncram megafunction from the following design logic: "Top_General:u_top_general|Top_Downscale_Integration:u_top_simd|ImageMemory_SIMDPort:u_image_memory|altsyncram:memory[0][7]__4" 
        Info (286033): Parameter OPERATION_MODE set to DUAL_PORT
        Info (286033): Parameter WIDTH_A set to 8
        Info (286033): Parameter WIDTHAD_A set to 14
        Info (286033): Parameter NUMWORDS_A set to 16384
        Info (286033): Parameter WIDTH_B set to 8
        Info (286033): Parameter WIDTHAD_B set to 14
        Info (286033): Parameter NUMWORDS_B set to 16384
        Info (286033): Parameter ADDRESS_ACLR_A set to NONE
        Info (286033): Parameter OUTDATA_REG_B set to UNREGISTERED
        Info (286033): Parameter ADDRESS_ACLR_B set to NONE
        Info (286033): Parameter OUTDATA_ACLR_B set to NONE
        Info (286033): Parameter ADDRESS_REG_B set to CLOCK1
        Info (286033): Parameter INDATA_ACLR_A set to NONE
        Info (286033): Parameter WRCONTROL_ACLR_A set to NONE
Info (12128): Elaborating entity "altsyncram" for hierarchy "Top_General:u_top_general|Top_Downscale_Integration:u_top_simd|ImageMemory_SIMDPort:u_image_memory|altsyncram:memory[0][7]__1"
Info (12130): Elaborated megafunction instantiation "Top_General:u_top_general|Top_Downscale_Integration:u_top_simd|ImageMemory_SIMDPort:u_image_memory|altsyncram:memory[0][7]__1"
Info (12133): Instantiated megafunction "Top_General:u_top_general|Top_Downscale_Integration:u_top_simd|ImageMemory_SIMDPort:u_image_memory|altsyncram:memory[0][7]__1" with the following parameter:
    Info (12134): Parameter "OPERATION_MODE" = "DUAL_PORT"
    Info (12134): Parameter "WIDTH_A" = "8"
    Info (12134): Parameter "WIDTHAD_A" = "14"
    Info (12134): Parameter "NUMWORDS_A" = "16384"
    Info (12134): Parameter "WIDTH_B" = "8"
    Info (12134): Parameter "WIDTHAD_B" = "14"
    Info (12134): Parameter "NUMWORDS_B" = "16384"
    Info (12134): Parameter "ADDRESS_ACLR_A" = "NONE"
    Info (12134): Parameter "OUTDATA_REG_B" = "UNREGISTERED"
    Info (12134): Parameter "ADDRESS_ACLR_B" = "NONE"
    Info (12134): Parameter "OUTDATA_ACLR_B" = "NONE"
    Info (12134): Parameter "ADDRESS_REG_B" = "CLOCK1"
    Info (12134): Parameter "INDATA_ACLR_A" = "NONE"
    Info (12134): Parameter "WRCONTROL_ACLR_A" = "NONE"
Info (12021): Found 1 design units, including 1 entities, in source file db/altsyncram_s9k1.tdf
    Info (12023): Found entity 1: altsyncram_s9k1 File: C:/Users/sebas/OneDrive/Escritorio/Arqui2-Proyecto1/db/altsyncram_s9k1.tdf Line: 32
Info (12128): Elaborating entity "altsyncram_s9k1" for hierarchy "Top_General:u_top_general|Top_Downscale_Integration:u_top_simd|ImageMemory_SIMDPort:u_image_memory|altsyncram:memory[0][7]__1|altsyncram_s9k1:auto_generated" File: c:/intelfpga_lite/20.1/quartus/libraries/megafunctions/altsyncram.tdf Line: 792
Info (12021): Found 1 design units, including 1 entities, in source file db/decode_5la.tdf
    Info (12023): Found entity 1: decode_5la File: C:/Users/sebas/OneDrive/Escritorio/Arqui2-Proyecto1/db/decode_5la.tdf Line: 23
Info (12128): Elaborating entity "decode_5la" for hierarchy "Top_General:u_top_general|Top_Downscale_Integration:u_top_simd|ImageMemory_SIMDPort:u_image_memory|altsyncram:memory[0][7]__1|altsyncram_s9k1:auto_generated|decode_5la:decode2" File: C:/Users/sebas/OneDrive/Escritorio/Arqui2-Proyecto1/db/altsyncram_s9k1.tdf Line: 45
Info (12021): Found 1 design units, including 1 entities, in source file db/mux_lfb.tdf
    Info (12023): Found entity 1: mux_lfb File: C:/Users/sebas/OneDrive/Escritorio/Arqui2-Proyecto1/db/mux_lfb.tdf Line: 23
Info (12128): Elaborating entity "mux_lfb" for hierarchy "Top_General:u_top_general|Top_Downscale_Integration:u_top_simd|ImageMemory_SIMDPort:u_image_memory|altsyncram:memory[0][7]__1|altsyncram_s9k1:auto_generated|mux_lfb:mux3" File: C:/Users/sebas/OneDrive/Escritorio/Arqui2-Proyecto1/db/altsyncram_s9k1.tdf Line: 47
Info (12128): Elaborating entity "Downscale_SIMD" for hierarchy "Top_General:u_top_general|Top_Downscale_Integration:u_top_simd|Downscale_SIMD:u_downscale" File: C:/Users/sebas/OneDrive/Escritorio/Arqui2-Proyecto1/Top_Downscale_Integration.sv Line: 86
Warning (10036): Verilog HDL or VHDL warning at Downscale_SIMD.sv(79): object "idx" assigned a value but never read File: C:/Users/sebas/OneDrive/Escritorio/Arqui2-Proyecto1/Downscale_SIMD.sv Line: 79
Warning (10230): Verilog HDL assignment warning at Downscale_SIMD.sv(143): truncated value with size 32 to match size of target (13) File: C:/Users/sebas/OneDrive/Escritorio/Arqui2-Proyecto1/Downscale_SIMD.sv Line: 143
Warning (10230): Verilog HDL assignment warning at Downscale_SIMD.sv(167): truncated value with size 16 to match size of target (8) File: C:/Users/sebas/OneDrive/Escritorio/Arqui2-Proyecto1/Downscale_SIMD.sv Line: 167
Warning (10230): Verilog HDL assignment warning at Downscale_SIMD.sv(168): truncated value with size 16 to match size of target (8) File: C:/Users/sebas/OneDrive/Escritorio/Arqui2-Proyecto1/Downscale_SIMD.sv Line: 168
Warning (10230): Verilog HDL assignment warning at Downscale_SIMD.sv(170): truncated value with size 32 to match size of target (8) File: C:/Users/sebas/OneDrive/Escritorio/Arqui2-Proyecto1/Downscale_SIMD.sv Line: 170
Warning (10230): Verilog HDL assignment warning at Downscale_SIMD.sv(173): truncated value with size 32 to match size of target (8) File: C:/Users/sebas/OneDrive/Escritorio/Arqui2-Proyecto1/Downscale_SIMD.sv Line: 173
Warning (10230): Verilog HDL assignment warning at Downscale_SIMD.sv(181): truncated value with size 32 to match size of target (14) File: C:/Users/sebas/OneDrive/Escritorio/Arqui2-Proyecto1/Downscale_SIMD.sv Line: 181
Warning (10230): Verilog HDL assignment warning at Downscale_SIMD.sv(213): truncated value with size 32 to match size of target (14) File: C:/Users/sebas/OneDrive/Escritorio/Arqui2-Proyecto1/Downscale_SIMD.sv Line: 213
Warning (10230): Verilog HDL assignment warning at Downscale_SIMD.sv(243): truncated value with size 32 to match size of target (14) File: C:/Users/sebas/OneDrive/Escritorio/Arqui2-Proyecto1/Downscale_SIMD.sv Line: 243
Warning (10230): Verilog HDL assignment warning at Downscale_SIMD.sv(273): truncated value with size 32 to match size of target (14) File: C:/Users/sebas/OneDrive/Escritorio/Arqui2-Proyecto1/Downscale_SIMD.sv Line: 273
Warning (10230): Verilog HDL assignment warning at Downscale_SIMD.sv(315): truncated value with size 32 to match size of target (13) File: C:/Users/sebas/OneDrive/Escritorio/Arqui2-Proyecto1/Downscale_SIMD.sv Line: 315
Info (10008): Verilog HDL or VHDL information: EDA Netlist Writer cannot regroup multidimensional array "image_out" into its bus
Info (10008): Verilog HDL or VHDL information: EDA Netlist Writer cannot regroup multidimensional array "image_out" into its bus
Info (12128): Elaborating entity "Top_SIMD" for hierarchy "Top_General:u_top_general|Top_Downscale_Integration:u_top_simd|Downscale_SIMD:u_downscale|Top_SIMD:u_top_simd" File: C:/Users/sebas/OneDrive/Escritorio/Arqui2-Proyecto1/Downscale_SIMD.sv Line: 56
Info (12128): Elaborating entity "FSM_SIMD" for hierarchy "Top_General:u_top_general|Top_Downscale_Integration:u_top_simd|Downscale_SIMD:u_downscale|Top_SIMD:u_top_simd|FSM_SIMD:fsm_inst" File: C:/Users/sebas/OneDrive/Escritorio/Arqui2-Proyecto1/Top_SIMD.sv Line: 48
Info (12128): Elaborating entity "SIMD_Registros" for hierarchy "Top_General:u_top_general|Top_Downscale_Integration:u_top_simd|Downscale_SIMD:u_downscale|Top_SIMD:u_top_simd|SIMD_Registros:regs_inst" File: C:/Users/sebas/OneDrive/Escritorio/Arqui2-Proyecto1/Top_SIMD.sv Line: 68
Info (12128): Elaborating entity "ModoSIMD" for hierarchy "Top_General:u_top_general|Top_Downscale_Integration:u_top_simd|Downscale_SIMD:u_downscale|Top_SIMD:u_top_simd|ModoSIMD:simd_inst" File: C:/Users/sebas/OneDrive/Escritorio/Arqui2-Proyecto1/Top_SIMD.sv Line: 85
Info (11170): Starting IP generation for the debug fabric: alt_sld_fab.
Info (11172): 2025.11.29.02:39:36 Progress: Loading sld2ddc75ed/alt_sld_fab_wrapper_hw.tcl
Info (11172): Alt_sld_fab.alt_sld_fab: SLD fabric agents which did not specify prefer_host were connected to JTAG
Info (11172): Alt_sld_fab: Generating alt_sld_fab "alt_sld_fab" for QUARTUS_SYNTH
Info (11172): Alt_sld_fab: "alt_sld_fab" instantiated alt_sld_fab "alt_sld_fab"
Info (11172): Presplit: "alt_sld_fab" instantiated altera_super_splitter "presplit"
Info (11172): Splitter: "alt_sld_fab" instantiated altera_sld_splitter "splitter"
Info (11172): Sldfabric: "alt_sld_fab" instantiated altera_sld_jtag_hub "sldfabric"
Info (11172): Ident: "alt_sld_fab" instantiated altera_connection_identification_hub "ident"
Info (11172): Alt_sld_fab: Done "alt_sld_fab" with 6 modules, 6 files
Info (11171): Finished IP generation for the debug fabric: alt_sld_fab.
Info (12021): Found 1 design units, including 1 entities, in source file db/ip/sld2ddc75ed/alt_sld_fab.v
    Info (12023): Found entity 1: alt_sld_fab File: C:/Users/sebas/OneDrive/Escritorio/Arqui2-Proyecto1/db/ip/sld2ddc75ed/alt_sld_fab.v Line: 9
Info (12021): Found 1 design units, including 1 entities, in source file db/ip/sld2ddc75ed/submodules/alt_sld_fab_alt_sld_fab.v
    Info (12023): Found entity 1: alt_sld_fab_alt_sld_fab File: C:/Users/sebas/OneDrive/Escritorio/Arqui2-Proyecto1/db/ip/sld2ddc75ed/submodules/alt_sld_fab_alt_sld_fab.v Line: 9
Info (12021): Found 1 design units, including 1 entities, in source file db/ip/sld2ddc75ed/submodules/alt_sld_fab_alt_sld_fab_ident.sv
    Info (12023): Found entity 1: alt_sld_fab_alt_sld_fab_ident File: C:/Users/sebas/OneDrive/Escritorio/Arqui2-Proyecto1/db/ip/sld2ddc75ed/submodules/alt_sld_fab_alt_sld_fab_ident.sv Line: 33
Info (12021): Found 1 design units, including 1 entities, in source file db/ip/sld2ddc75ed/submodules/alt_sld_fab_alt_sld_fab_presplit.sv
    Info (12023): Found entity 1: alt_sld_fab_alt_sld_fab_presplit File: C:/Users/sebas/OneDrive/Escritorio/Arqui2-Proyecto1/db/ip/sld2ddc75ed/submodules/alt_sld_fab_alt_sld_fab_presplit.sv Line: 3
Info (12021): Found 2 design units, including 1 entities, in source file db/ip/sld2ddc75ed/submodules/alt_sld_fab_alt_sld_fab_sldfabric.vhd
    Info (12022): Found design unit 1: alt_sld_fab_alt_sld_fab_sldfabric-rtl File: C:/Users/sebas/OneDrive/Escritorio/Arqui2-Proyecto1/db/ip/sld2ddc75ed/submodules/alt_sld_fab_alt_sld_fab_sldfabric.vhd Line: 102
    Info (12023): Found entity 1: alt_sld_fab_alt_sld_fab_sldfabric File: C:/Users/sebas/OneDrive/Escritorio/Arqui2-Proyecto1/db/ip/sld2ddc75ed/submodules/alt_sld_fab_alt_sld_fab_sldfabric.vhd Line: 11
Info (12021): Found 1 design units, including 1 entities, in source file db/ip/sld2ddc75ed/submodules/alt_sld_fab_alt_sld_fab_splitter.sv
    Info (12023): Found entity 1: alt_sld_fab_alt_sld_fab_splitter File: C:/Users/sebas/OneDrive/Escritorio/Arqui2-Proyecto1/db/ip/sld2ddc75ed/submodules/alt_sld_fab_alt_sld_fab_splitter.sv Line: 3
Warning (276020): Inferred RAM node "Top_General:u_top_general|Top_Downscale_Secuencial:u_top_seq|ImageMemory_SeqPort:mem|memory_rtl_0" from synchronous design logic.  Pass-through logic has been added to match the read-during-write behavior of the original design.
Warning (14284): Synthesized away the following node(s):
    Warning (14285): Synthesized away the following RAM node(s):
        Warning (14320): Synthesized away node "Top_General:u_top_general|Top_Downscale_Integration:u_top_simd|ImageMemory_SIMDPort:u_image_memory|altsyncram:memory[0][7]__3|altsyncram_s9k1:auto_generated|ram_block1a7" File: C:/Users/sebas/OneDrive/Escritorio/Arqui2-Proyecto1/db/altsyncram_s9k1.tdf Line: 258
        Warning (14320): Synthesized away node "Top_General:u_top_general|Top_Downscale_Integration:u_top_simd|ImageMemory_SIMDPort:u_image_memory|altsyncram:memory[0][7]__3|altsyncram_s9k1:auto_generated|ram_block1a15" File: C:/Users/sebas/OneDrive/Escritorio/Arqui2-Proyecto1/db/altsyncram_s9k1.tdf Line: 498
        Warning (14320): Synthesized away node "Top_General:u_top_general|Top_Downscale_Integration:u_top_simd|ImageMemory_SIMDPort:u_image_memory|altsyncram:memory[0][7]__3|altsyncram_s9k1:auto_generated|ram_block1a6" File: C:/Users/sebas/OneDrive/Escritorio/Arqui2-Proyecto1/db/altsyncram_s9k1.tdf Line: 228
        Warning (14320): Synthesized away node "Top_General:u_top_general|Top_Downscale_Integration:u_top_simd|ImageMemory_SIMDPort:u_image_memory|altsyncram:memory[0][7]__3|altsyncram_s9k1:auto_generated|ram_block1a14" File: C:/Users/sebas/OneDrive/Escritorio/Arqui2-Proyecto1/db/altsyncram_s9k1.tdf Line: 468
        Warning (14320): Synthesized away node "Top_General:u_top_general|Top_Downscale_Integration:u_top_simd|ImageMemory_SIMDPort:u_image_memory|altsyncram:memory[0][7]__3|altsyncram_s9k1:auto_generated|ram_block1a5" File: C:/Users/sebas/OneDrive/Escritorio/Arqui2-Proyecto1/db/altsyncram_s9k1.tdf Line: 198
        Warning (14320): Synthesized away node "Top_General:u_top_general|Top_Downscale_Integration:u_top_simd|ImageMemory_SIMDPort:u_image_memory|altsyncram:memory[0][7]__3|altsyncram_s9k1:auto_generated|ram_block1a13" File: C:/Users/sebas/OneDrive/Escritorio/Arqui2-Proyecto1/db/altsyncram_s9k1.tdf Line: 438
        Warning (14320): Synthesized away node "Top_General:u_top_general|Top_Downscale_Integration:u_top_simd|ImageMemory_SIMDPort:u_image_memory|altsyncram:memory[0][7]__3|altsyncram_s9k1:auto_generated|ram_block1a4" File: C:/Users/sebas/OneDrive/Escritorio/Arqui2-Proyecto1/db/altsyncram_s9k1.tdf Line: 168
        Warning (14320): Synthesized away node "Top_General:u_top_general|Top_Downscale_Integration:u_top_simd|ImageMemory_SIMDPort:u_image_memory|altsyncram:memory[0][7]__3|altsyncram_s9k1:auto_generated|ram_block1a12" File: C:/Users/sebas/OneDrive/Escritorio/Arqui2-Proyecto1/db/altsyncram_s9k1.tdf Line: 408
        Warning (14320): Synthesized away node "Top_General:u_top_general|Top_Downscale_Integration:u_top_simd|ImageMemory_SIMDPort:u_image_memory|altsyncram:memory[0][7]__3|altsyncram_s9k1:auto_generated|ram_block1a3" File: C:/Users/sebas/OneDrive/Escritorio/Arqui2-Proyecto1/db/altsyncram_s9k1.tdf Line: 138
        Warning (14320): Synthesized away node "Top_General:u_top_general|Top_Downscale_Integration:u_top_simd|ImageMemory_SIMDPort:u_image_memory|altsyncram:memory[0][7]__3|altsyncram_s9k1:auto_generated|ram_block1a11" File: C:/Users/sebas/OneDrive/Escritorio/Arqui2-Proyecto1/db/altsyncram_s9k1.tdf Line: 378
        Warning (14320): Synthesized away node "Top_General:u_top_general|Top_Downscale_Integration:u_top_simd|ImageMemory_SIMDPort:u_image_memory|altsyncram:memory[0][7]__3|altsyncram_s9k1:auto_generated|ram_block1a2" File: C:/Users/sebas/OneDrive/Escritorio/Arqui2-Proyecto1/db/altsyncram_s9k1.tdf Line: 108
        Warning (14320): Synthesized away node "Top_General:u_top_general|Top_Downscale_Integration:u_top_simd|ImageMemory_SIMDPort:u_image_memory|altsyncram:memory[0][7]__3|altsyncram_s9k1:auto_generated|ram_block1a10" File: C:/Users/sebas/OneDrive/Escritorio/Arqui2-Proyecto1/db/altsyncram_s9k1.tdf Line: 348
        Warning (14320): Synthesized away node "Top_General:u_top_general|Top_Downscale_Integration:u_top_simd|ImageMemory_SIMDPort:u_image_memory|altsyncram:memory[0][7]__3|altsyncram_s9k1:auto_generated|ram_block1a1" File: C:/Users/sebas/OneDrive/Escritorio/Arqui2-Proyecto1/db/altsyncram_s9k1.tdf Line: 78
        Warning (14320): Synthesized away node "Top_General:u_top_general|Top_Downscale_Integration:u_top_simd|ImageMemory_SIMDPort:u_image_memory|altsyncram:memory[0][7]__3|altsyncram_s9k1:auto_generated|ram_block1a9" File: C:/Users/sebas/OneDrive/Escritorio/Arqui2-Proyecto1/db/altsyncram_s9k1.tdf Line: 318
        Warning (14320): Synthesized away node "Top_General:u_top_general|Top_Downscale_Integration:u_top_simd|ImageMemory_SIMDPort:u_image_memory|altsyncram:memory[0][7]__3|altsyncram_s9k1:auto_generated|ram_block1a0" File: C:/Users/sebas/OneDrive/Escritorio/Arqui2-Proyecto1/db/altsyncram_s9k1.tdf Line: 48
        Warning (14320): Synthesized away node "Top_General:u_top_general|Top_Downscale_Integration:u_top_simd|ImageMemory_SIMDPort:u_image_memory|altsyncram:memory[0][7]__3|altsyncram_s9k1:auto_generated|ram_block1a8" File: C:/Users/sebas/OneDrive/Escritorio/Arqui2-Proyecto1/db/altsyncram_s9k1.tdf Line: 288
        Warning (14320): Synthesized away node "Top_General:u_top_general|Top_Downscale_Integration:u_top_simd|ImageMemory_SIMDPort:u_image_memory|altsyncram:memory[0][7]__2|altsyncram_s9k1:auto_generated|ram_block1a7" File: C:/Users/sebas/OneDrive/Escritorio/Arqui2-Proyecto1/db/altsyncram_s9k1.tdf Line: 258
        Warning (14320): Synthesized away node "Top_General:u_top_general|Top_Downscale_Integration:u_top_simd|ImageMemory_SIMDPort:u_image_memory|altsyncram:memory[0][7]__2|altsyncram_s9k1:auto_generated|ram_block1a15" File: C:/Users/sebas/OneDrive/Escritorio/Arqui2-Proyecto1/db/altsyncram_s9k1.tdf Line: 498
        Warning (14320): Synthesized away node "Top_General:u_top_general|Top_Downscale_Integration:u_top_simd|ImageMemory_SIMDPort:u_image_memory|altsyncram:memory[0][7]__2|altsyncram_s9k1:auto_generated|ram_block1a6" File: C:/Users/sebas/OneDrive/Escritorio/Arqui2-Proyecto1/db/altsyncram_s9k1.tdf Line: 228
        Warning (14320): Synthesized away node "Top_General:u_top_general|Top_Downscale_Integration:u_top_simd|ImageMemory_SIMDPort:u_image_memory|altsyncram:memory[0][7]__2|altsyncram_s9k1:auto_generated|ram_block1a14" File: C:/Users/sebas/OneDrive/Escritorio/Arqui2-Proyecto1/db/altsyncram_s9k1.tdf Line: 468
        Warning (14320): Synthesized away node "Top_General:u_top_general|Top_Downscale_Integration:u_top_simd|ImageMemory_SIMDPort:u_image_memory|altsyncram:memory[0][7]__2|altsyncram_s9k1:auto_generated|ram_block1a5" File: C:/Users/sebas/OneDrive/Escritorio/Arqui2-Proyecto1/db/altsyncram_s9k1.tdf Line: 198
        Warning (14320): Synthesized away node "Top_General:u_top_general|Top_Downscale_Integration:u_top_simd|ImageMemory_SIMDPort:u_image_memory|altsyncram:memory[0][7]__2|altsyncram_s9k1:auto_generated|ram_block1a13" File: C:/Users/sebas/OneDrive/Escritorio/Arqui2-Proyecto1/db/altsyncram_s9k1.tdf Line: 438
        Warning (14320): Synthesized away node "Top_General:u_top_general|Top_Downscale_Integration:u_top_simd|ImageMemory_SIMDPort:u_image_memory|altsyncram:memory[0][7]__2|altsyncram_s9k1:auto_generated|ram_block1a4" File: C:/Users/sebas/OneDrive/Escritorio/Arqui2-Proyecto1/db/altsyncram_s9k1.tdf Line: 168
        Warning (14320): Synthesized away node "Top_General:u_top_general|Top_Downscale_Integration:u_top_simd|ImageMemory_SIMDPort:u_image_memory|altsyncram:memory[0][7]__2|altsyncram_s9k1:auto_generated|ram_block1a12" File: C:/Users/sebas/OneDrive/Escritorio/Arqui2-Proyecto1/db/altsyncram_s9k1.tdf Line: 408
        Warning (14320): Synthesized away node "Top_General:u_top_general|Top_Downscale_Integration:u_top_simd|ImageMemory_SIMDPort:u_image_memory|altsyncram:memory[0][7]__2|altsyncram_s9k1:auto_generated|ram_block1a3" File: C:/Users/sebas/OneDrive/Escritorio/Arqui2-Proyecto1/db/altsyncram_s9k1.tdf Line: 138
        Warning (14320): Synthesized away node "Top_General:u_top_general|Top_Downscale_Integration:u_top_simd|ImageMemory_SIMDPort:u_image_memory|altsyncram:memory[0][7]__2|altsyncram_s9k1:auto_generated|ram_block1a11" File: C:/Users/sebas/OneDrive/Escritorio/Arqui2-Proyecto1/db/altsyncram_s9k1.tdf Line: 378
        Warning (14320): Synthesized away node "Top_General:u_top_general|Top_Downscale_Integration:u_top_simd|ImageMemory_SIMDPort:u_image_memory|altsyncram:memory[0][7]__2|altsyncram_s9k1:auto_generated|ram_block1a2" File: C:/Users/sebas/OneDrive/Escritorio/Arqui2-Proyecto1/db/altsyncram_s9k1.tdf Line: 108
        Warning (14320): Synthesized away node "Top_General:u_top_general|Top_Downscale_Integration:u_top_simd|ImageMemory_SIMDPort:u_image_memory|altsyncram:memory[0][7]__2|altsyncram_s9k1:auto_generated|ram_block1a10" File: C:/Users/sebas/OneDrive/Escritorio/Arqui2-Proyecto1/db/altsyncram_s9k1.tdf Line: 348
        Warning (14320): Synthesized away node "Top_General:u_top_general|Top_Downscale_Integration:u_top_simd|ImageMemory_SIMDPort:u_image_memory|altsyncram:memory[0][7]__2|altsyncram_s9k1:auto_generated|ram_block1a1" File: C:/Users/sebas/OneDrive/Escritorio/Arqui2-Proyecto1/db/altsyncram_s9k1.tdf Line: 78
        Warning (14320): Synthesized away node "Top_General:u_top_general|Top_Downscale_Integration:u_top_simd|ImageMemory_SIMDPort:u_image_memory|altsyncram:memory[0][7]__2|altsyncram_s9k1:auto_generated|ram_block1a9" File: C:/Users/sebas/OneDrive/Escritorio/Arqui2-Proyecto1/db/altsyncram_s9k1.tdf Line: 318
        Warning (14320): Synthesized away node "Top_General:u_top_general|Top_Downscale_Integration:u_top_simd|ImageMemory_SIMDPort:u_image_memory|altsyncram:memory[0][7]__2|altsyncram_s9k1:auto_generated|ram_block1a0" File: C:/Users/sebas/OneDrive/Escritorio/Arqui2-Proyecto1/db/altsyncram_s9k1.tdf Line: 48
        Warning (14320): Synthesized away node "Top_General:u_top_general|Top_Downscale_Integration:u_top_simd|ImageMemory_SIMDPort:u_image_memory|altsyncram:memory[0][7]__2|altsyncram_s9k1:auto_generated|ram_block1a8" File: C:/Users/sebas/OneDrive/Escritorio/Arqui2-Proyecto1/db/altsyncram_s9k1.tdf Line: 288
Info (19000): Inferred 1 megafunctions from design logic
    Info (276029): Inferred altsyncram megafunction from the following design logic: "Top_General:u_top_general|Top_Downscale_Secuencial:u_top_seq|ImageMemory_SeqPort:mem|memory_rtl_0" 
        Info (286033): Parameter OPERATION_MODE set to DUAL_PORT
        Info (286033): Parameter WIDTH_A set to 8
        Info (286033): Parameter WIDTHAD_A set to 14
        Info (286033): Parameter NUMWORDS_A set to 16384
        Info (286033): Parameter WIDTH_B set to 8
        Info (286033): Parameter WIDTHAD_B set to 14
        Info (286033): Parameter NUMWORDS_B set to 16384
        Info (286033): Parameter ADDRESS_ACLR_A set to NONE
        Info (286033): Parameter OUTDATA_REG_B set to UNREGISTERED
        Info (286033): Parameter ADDRESS_ACLR_B set to NONE
        Info (286033): Parameter OUTDATA_ACLR_B set to NONE
        Info (286033): Parameter ADDRESS_REG_B set to CLOCK0
        Info (286033): Parameter INDATA_ACLR_A set to NONE
        Info (286033): Parameter WRCONTROL_ACLR_A set to NONE
        Info (286033): Parameter READ_DURING_WRITE_MODE_MIXED_PORTS set to OLD_DATA
Info (12130): Elaborated megafunction instantiation "Top_General:u_top_general|Top_Downscale_Secuencial:u_top_seq|ImageMemory_SeqPort:mem|altsyncram:memory_rtl_0"
Info (12133): Instantiated megafunction "Top_General:u_top_general|Top_Downscale_Secuencial:u_top_seq|ImageMemory_SeqPort:mem|altsyncram:memory_rtl_0" with the following parameter:
    Info (12134): Parameter "OPERATION_MODE" = "DUAL_PORT"
    Info (12134): Parameter "WIDTH_A" = "8"
    Info (12134): Parameter "WIDTHAD_A" = "14"
    Info (12134): Parameter "NUMWORDS_A" = "16384"
    Info (12134): Parameter "WIDTH_B" = "8"
    Info (12134): Parameter "WIDTHAD_B" = "14"
    Info (12134): Parameter "NUMWORDS_B" = "16384"
    Info (12134): Parameter "ADDRESS_ACLR_A" = "NONE"
    Info (12134): Parameter "OUTDATA_REG_B" = "UNREGISTERED"
    Info (12134): Parameter "ADDRESS_ACLR_B" = "NONE"
    Info (12134): Parameter "OUTDATA_ACLR_B" = "NONE"
    Info (12134): Parameter "ADDRESS_REG_B" = "CLOCK0"
    Info (12134): Parameter "INDATA_ACLR_A" = "NONE"
    Info (12134): Parameter "WRCONTROL_ACLR_A" = "NONE"
    Info (12134): Parameter "READ_DURING_WRITE_MODE_MIXED_PORTS" = "OLD_DATA"
Info (12021): Found 1 design units, including 1 entities, in source file db/altsyncram_dso1.tdf
    Info (12023): Found entity 1: altsyncram_dso1 File: C:/Users/sebas/OneDrive/Escritorio/Arqui2-Proyecto1/db/altsyncram_dso1.tdf Line: 32
Warning (12241): 2 hierarchies have connectivity warnings - see the Connectivity Checks report folder
Info (286031): Timing-Driven Synthesis is running on partition "Top"
Info (17049): 263 registers lost all their fanouts during netlist optimizations.
Info (144001): Generated suppressed messages file C:/Users/sebas/OneDrive/Escritorio/Arqui2-Proyecto1/output_files/ModoSecuencial.map.smsg
Info (16010): Generating hard_block partition "hard_block:auto_generated_inst"
    Info (16011): Adding 9 node(s), including 0 DDIO, 0 PLL, 0 transceiver and 0 LCELL
Info (21057): Implemented 1506 device resources after synthesis - the final resource count might be different
    Info (21058): Implemented 5 input pins
    Info (21059): Implemented 9 output pins
    Info (21061): Implemented 1425 logic cells
    Info (21064): Implemented 48 RAM segments
    Info (21062): Implemented 18 DSP elements
Info: Quartus Prime Analysis & Synthesis was successful. 0 errors, 70 warnings
    Info: Peak virtual memory: 5903 megabytes
    Info: Processing ended: Sat Nov 29 02:39:45 2025
    Info: Elapsed time: 00:00:39
    Info: Total CPU time (on all processors): 00:00:51


+------------------------------------------+
; Analysis & Synthesis Suppressed Messages ;
+------------------------------------------+
The suppressed messages can be found in C:/Users/sebas/OneDrive/Escritorio/Arqui2-Proyecto1/output_files/ModoSecuencial.map.smsg.


